Date,Product ID,Name,Amount,Size Value,Size Unit,Price (BDT),Old Price (BDT),Discount (%),SKU,Vendor,Category,Scraped Category,Units Sold,Rating,URL
2026-09-11,100356,Nestle KitKat 28.3 ±3gm,3 g,3.0,g,65.0,,,DSP02984,Daily Shopping,chocolate-candy,chocolate-candy,,5.0,https://othoba.com/nestle-kitkat-283-3gm
2026-09-11,100357,Snickers 12gm (B3G1 Free),12 g,12.0,g,120.0,,,DSP02985,Daily Shopping,chocolate-candy,chocolate-candy,,5.0,https://othoba.com/snickers-14gm
2026-09-11,100358,Nestle Munch 8.9gm (B3G1 Free),8.9 g,8.9,g,80.0,,,DSP02986,Daily Shopping,chocolate-candy,chocolate-candy,,5.0,https://othoba.com/nestle-munch-101gm
2026-09-11,100359,Nestle Kitkat 11.9gm (B3 G1),11.9 g,11.9,g,110.0,,,DSP02987,Daily Shopping,chocolate-candy,chocolate-candy,,5.0,https://othoba.com/nestle-kitkat-128gm
2026-09-11,100360,Nestle Kitkat 7gm (B3 G1),7 g,7.0,g,75.0,,,DSP02988,Daily Shopping,chocolate-candy,chocolate-candy,,5.0,https://othoba.com/nestle-kitkat-7gm
2026-09-11,100361,Gandour Safari 12±2gm (B3 G1),2 g,2.0,g,80.0,,,DSP02989,Daily Shopping,chocolate-candy,chocolate-candy,,5.0,https://othoba.com/gandour-safari-122g
2026-09-11,100363,Amul Dark Chocolate 150gm (B2G1),150 g,150.0,g,640.0,,,DSP02991,Daily Shopping,chocolate-candy,chocolate-candy,,5.0,https://othoba.com/amul-dark-chocolate-150g-dsp02991
2026-09-11,100364,Amul Dark Chocolate 40gm (B3G1 Free),40 g,40.0,g,480.0,,,DSP02992,Daily Shopping,chocolate-candy,chocolate-candy,,5.0,https://othoba.com/amul-dark-chocolate-40gm
2026-09-11,100365,SNICKERS 22gm (B3G1 Free),22 g,22.0,g,250.0,,,DSP02993,Daily Shopping,chocolate-candy,chocolate-candy,,5.0,https://othoba.com/snickers-25gm
2026-09-11,100366,KITKAT 2 Finger (5Tk Off )3 X 17.7gm,17.7 g,17.7,g,175.0,,,DSP02994,Daily Shopping,chocolate-candy,chocolate-candy,,5.0,https://othoba.com/kitkat-2-finger-3-x-205gm
2026-09-11,100367,KITKAT 4 Finger (10Tk Off )2 X 36.5gm,36.5 g,36.5,g,220.0,,,DSP02995,Daily Shopping,chocolate-candy,chocolate-candy,,5.0,https://othoba.com/kitkat-4-finger-2-x-415gm
2026-09-11,100368,Rapinda Hazelnut Diamond Box 300gm,300 g,300.0,g,575.0,,,DSP02996,Daily Shopping,chocolate-candy,chocolate-candy,,5.0,https://othoba.com/rapinda-hazelnut-diamond-box-300gm
2026-09-11,1006587,Zeroget 100 PCS,100 pcs,100.0,pcs,125.0,,,BBY1006587,Best Buy,salt-sugar,salt-sugar,,0.0,https://othoba.com/zeroget-100-pcs-4
2026-09-11,1007084,PRAN Aromatic Chinigura Premium Rice 1Kg  (Limited Stock),1 kg,1.0,kg,190.0,,,BMR1007084,Bango Millers Ltd.,daily-cooking,daily-cooking,,0.0,https://othoba.com/pran-aromatic-chinigura-premium-rice-1kg-limited-stock
2026-09-11,1011809,Fresh Milk Tea 3 in 1,,,,10.0,15.0,33.33,MGIN1011809,Meghna Group of Industries,daily-cooking,daily-cooking,53.0,0.0,https://othoba.com/fresh-milk-tea-3-in-1
2026-09-11,101409,Jhatpot Chicken Momo 250gm,250 g,250.0,g,250.0,,,DSP02997,Daily Shopping,breakfast-products,breakfast-products,,5.0,https://othoba.com/jhatpot-chicken-momo-250gm
2026-09-11,102275,Beef Keema (Premium) 1 Kg,1 kg,1.0,kg,899.0,,,DSP02998,Daily Shopping,meat-fish,meat-fish,,5.0,https://othoba.com/beef-keema-premium-1kg
2026-09-11,102749,Koral Fish (কোরাল মাছ) 2.5 kg (100gm±) Per Pc Before Cutting,100 g,100.0,g,3392.0,,,DSP02999,Daily Shopping,meat-fish,meat-fish,,5.0,https://othoba.com/koral-fish-2kg
2026-09-11,102781,Basa Fish Fillets 1kg,1 kg,1.0,kg,500.0,,,DSP03000,Daily Shopping,meat-fish,meat-fish,,5.0,https://othoba.com/basa-fish-fillets-1kg
2026-09-11,1033766,Almarai Creamy Taste Spreadable Cheese 500g Jar – Premium Cheese Spread,500 g,500.0,g,2049.0,2355.0,12.99,MAXS1033766,Maxora shop,cheese-3,cheese-3,49.0,0.0,https://othoba.com/almarai-creamy-taste-spreadable-cheese-500g-jar-premium-cheese-spread-maxora-shop-1033766
2026-09-11,103393,Dates (Khejur) Jahidi Loose/kg,,,,320.0,,,DSP03002,Daily Shopping,fruits-vegetable,fruits-vegetable,,5.0,https://othoba.com/jahidi-dates-khejur-loose-500gm
2026-09-11,1034289,Pringles Saucy BBQ (USA) - 157GM (3 Pcs),3 pcs,3.0,pcs,1908.0,,,BEZC1034289,BEAUTY ZONE CTG,chips,chips,36.0,0.0,https://othoba.com/pringles-saucy-bbq-usa-157gm-3-pcs-beauty-zone-ctg-1034289
2026-09-11,1034290,Pringles  _Original_ Potato - Chips 147gm (USA) - 3 PCS,3 pcs,3.0,pcs,1050.0,,,BEZC1034290,BEAUTY ZONE CTG,chips,chips,24.0,0.0,https://othoba.com/pringles-_original_-potato-chips-147gm-usa-3-pcs-beauty-zone-ctg-1034290
2026-09-11,1034307,Amul_Pasteurized Butter ((indian)- 200gm,200 g,200.0,g,290.0,,,BEZC1034307,BEAUTY ZONE CTG,butter-3,butter-3,29.0,0.0,https://othoba.com/amul_pasteurized-butter-indian-200gm-beauty-zone-ctg-1034307
2026-09-11,1034317,Pringles Saucy Bbq 158Gm (U.S.A) (3 Pcs),3 pcs,3.0,pcs,1095.0,,,BEZC1034317,BEAUTY ZONE CTG,chips,chips,39.0,0.0,https://othoba.com/pringles-saucy-bbq-158gm-usa-3-pcs-beauty-zone-ctg-1034317
2026-09-11,1034326,Pringles Saucy Bbq 158Gm (U.S.A) - 1 Pcs,1 pcs,1.0,pcs,385.0,,,BEZC1034326,BEAUTY ZONE CTG,chips,chips,22.0,0.0,https://othoba.com/pringles-saucy-bbq-158gm-usa-1-pcs-beauty-zone-ctg-1034326
2026-09-11,1034358,KENT BORINGER CREAM OF CHICKEN SOUP (TUREY) - 71 GM,71 g,71.0,g,185.0,,,BEZC1034358,BEAUTY ZONE CTG,soup-2,soup-2,43.0,0.0,https://othoba.com/kent-boringer-cream-of-chicken-soup-turey-71-gm-beauty-zone-ctg-1034358
2026-09-11,1034359,KENT BORINGER CREAM OF MUSHROOM SOUP (TUREY) - 71 GM,71 g,71.0,g,196.0,,,BEZC1034359,BEAUTY ZONE CTG,soup-2,soup-2,49.0,0.0,https://othoba.com/kent-boringer-cream-of-mushroom-soup-turey-71-gm-beauty-zone-ctg-1034359
2026-09-11,1034369,LADY ANNA INSTANT SOUP CREAM OF CHICKEN (THAILAND) - 3PACK*22GM NET WEIGHT 66GM,66 g,66.0,g,226.0,,,BEZC1034369,BEAUTY ZONE CTG,soup-2,soup-2,55.0,0.0,https://othoba.com/lady-anna-instant-soup-cream-of-chicken-thailand-3pack22gm-net-weight-66gm-beauty-zone-ctg-1034369
2026-09-11,1034370,LADY ANNA INSTANT SOUP CREAM OF THAI TOM YUM (THAILAND) - 3PACK*22GM NET WEIGHT 66GM,66 g,66.0,g,245.0,,,BEZC1034370,BEAUTY ZONE CTG,soup-2,soup-2,7.0,0.0,https://othoba.com/lady-anna-instant-soup-cream-of-thai-tom-yum-thailand-3pack22gm-net-weight-66gm-beauty-zone-ctg-1034370
2026-09-11,1034371,LADY ANNA INSTANT SOUP CREAM OF VEGETABLE (THAILAND) - 3PACK*22GM NET WEIGHT 66GM,66 g,66.0,g,245.0,,,BEZC1034371,BEAUTY ZONE CTG,soup-2,soup-2,13.0,0.0,https://othoba.com/lady-anna-instant-soup-cream-of-vegetable-thailand-3pack22gm-net-weight-66gm-beauty-zone-ctg-1034371
2026-09-11,1034372,V.NATURAL SOY MILK WITH CHOCOLATE (THAILAND) - 300ML,300 ml,300.0,ml,316.0,,,BEZC1034372,BEAUTY ZONE CTG,milk-3,milk-3,14.0,0.0,https://othoba.com/vnatural-soy-milk-with-chocolate-thailand-300ml-beauty-zone-ctg-1034372
2026-09-11,1034373,KRAFT CHEDDAR CHEESE (BAHRAIN)  - 190 GRAM,190 g,190.0,g,578.0,,,BEZC1034373,BEAUTY ZONE CTG,cheese-3,cheese-3,19.0,0.0,https://othoba.com/kraft-cheddar-cheese-bahrain-190-gram-beauty-zone-ctg-1034373
2026-09-11,1034379,Pringles Sour Cream & Onion158Gm (U.S.A) - 1 Pcs,1 pcs,1.0,pcs,385.0,,,BEZC1034379,BEAUTY ZONE CTG,chips,chips,32.0,0.0,https://othoba.com/pringles-sour-cream-onion158gm-usa-1-pcs-beauty-zone-ctg-1034379
2026-09-11,1034380,Pringles Sour Cream & Onion158Gm (U.S.A) - 3 Pcs,3 pcs,3.0,pcs,1095.0,,,BEZC1034380,BEAUTY ZONE CTG,chips,chips,10.0,0.0,https://othoba.com/pringles-sour-cream-onion158gm-usa-3-pcs-beauty-zone-ctg-1034380
2026-09-11,1034382,V.NATURAL SOY MILK WITH VANILLA (THAILAND) - 300ML,300 ml,300.0,ml,290.0,,,BEZC1034382,BEAUTY ZONE CTG,milk-3,milk-3,32.0,0.0,https://othoba.com/vnatural-soy-milk-with-vanilla-thailand-300ml-beauty-zone-ctg-1034382
2026-09-11,1034393,THAI FOOD HOT TOMATO SAUCE - 295GM,295 g,295.0,g,90.0,,,BEZC1034393,BEAUTY ZONE CTG,sauces,sauces,40.0,0.0,https://othoba.com/thai-food-hot-tomato-sauce-295gm-beauty-zone-ctg-1034393
2026-09-11,1034396,Pringles Pizza 158Gm (U.S.A) - 1Pcs,1 pcs,1.0,pcs,385.0,,,BEZC1034396,BEAUTY ZONE CTG,chips,chips,15.0,0.0,https://othoba.com/pringles-pizza-158gm-usa-1pcs-beauty-zone-ctg-1034396
2026-09-11,1034397,Pringles Hot & Spicy 165Gm (U.S.A) - 1Pcs,1 pcs,1.0,pcs,385.0,,,BEZC1034397,BEAUTY ZONE CTG,chips,chips,45.0,0.0,https://othoba.com/pringles-hot-spicy-165gm-usa-1pcs-beauty-zone-ctg-1034397
2026-09-11,1034398,Pringles Salt & Vinegar 158Gm (U.S.A) - 1Pcs,1 pcs,1.0,pcs,357.0,,,BEZC1034398,BEAUTY ZONE CTG,chips,chips,37.0,0.0,https://othoba.com/pringles-salt-vinegar-158gm-usa-1pcs-beauty-zone-ctg-1034398
2026-09-11,1034399,Pringles Cheddar Cheese 158Gm (U.S.A) - 1Pcs,1 pcs,1.0,pcs,335.0,,,BEZC1034399,BEAUTY ZONE CTG,chips,chips,17.0,0.0,https://othoba.com/pringles-cheddar-cheese-158gm-usa-1pcs-beauty-zone-ctg-1034399
2026-09-11,1034403,Pringles Cheesy Cheese 158Gm (U.S.A) - 1Pcs,1 pcs,1.0,pcs,357.0,,,BEZC1034403,BEAUTY ZONE CTG,chips,chips,15.0,0.0,https://othoba.com/pringles-cheesy-cheese-158gm-usa-1pcs-beauty-zone-ctg-1034403
2026-09-11,1034404,Pringles Ketchup 165Gm (U.S.A) - 1Pcs,1 pcs,1.0,pcs,357.0,,,BEZC1034404,BEAUTY ZONE CTG,chips,chips,38.0,0.0,https://othoba.com/pringles-ketchup-165gm-usa-1pcs-beauty-zone-ctg-1034404
2026-09-11,1034406,Pringles Sour Cream & Onion 40Gm (U.S.A) - 1Pcs,1 pcs,1.0,pcs,175.0,,,BEZC1034406,BEAUTY ZONE CTG,chips,chips,17.0,0.0,https://othoba.com/pringles-sour-cream-onion-40gm-usa-1pcs-beauty-zone-ctg-1034406
2026-09-11,1034407,Pringles BBQ 40Gm (U.S.A) - 1Pcs,1 pcs,1.0,pcs,175.0,,,BEZC1034407,BEAUTY ZONE CTG,chips,chips,52.0,0.0,https://othoba.com/pringles-bbq-40gm-usa-1pcs-beauty-zone-ctg-1034407
2026-09-11,1034408,Pringles Original_ 40Gm (U.S.A) - 1Pcs,1 pcs,1.0,pcs,175.0,,,BEZC1034408,BEAUTY ZONE CTG,chips,chips,20.0,0.0,https://othoba.com/pringles-original_-40gm-usa-1pcs-beauty-zone-ctg-1034408
2026-09-11,1034409,Pringles Cheddar & Sour Cream 158Gm (U.S.A) - 1Pcs,1 pcs,1.0,pcs,385.0,,,BEZC1034409,BEAUTY ZONE CTG,chips,chips,48.0,0.0,https://othoba.com/pringles-cheddar-sour-cream-158gm-usa-1pcs-beauty-zone-ctg-1034409
2026-09-11,1034410,Pringles Ranch158Gm (U.S.A) - 1Pcs,1 pcs,1.0,pcs,357.0,,,BEZC1034410,BEAUTY ZONE CTG,chips,chips,54.0,0.0,https://othoba.com/pringles-ranch158gm-usa-1pcs-beauty-zone-ctg-1034410
2026-09-11,1034411,Pringles  _Original_ Potato - Chips 147gm (USA) - 1 PCS,1 pcs,1.0,pcs,357.0,,,BEZC1034411,BEAUTY ZONE CTG,chips,chips,50.0,0.0,https://othoba.com/pringles-_original_-potato-chips-147gm-usa-1-pcs-beauty-zone-ctg-1034411
2026-09-11,1034412,Pringles BBQ/Original/Sour Cream & Onion (U.S.A) 3 Pcs,3 pcs,3.0,pcs,1095.0,,,BEZC1034412,BEAUTY ZONE CTG,chips,chips,12.0,0.0,https://othoba.com/pringles-bbqoriginalsour-cream-onion-usa-3-pcs-beauty-zone-ctg-1034412
2026-09-11,1034420,Biscuit Oreo 43.7 grm 12 pcs pack (india),12 pcs,12.0,pcs,345.0,,,BEZC1034420,BEAUTY ZONE CTG,biscuites-toast,biscuites-toast,47.0,0.0,https://othoba.com/biscuit-oreo-437-grm-12-pcs-pack-india-beauty-zone-ctg-1034420
2026-09-11,1034428,Pringles Paprika 158Gm (U.S.A) - 1Pcs,1 pcs,1.0,pcs,357.0,,,BEZC1034428,BEAUTY ZONE CTG,chips,chips,16.0,0.0,https://othoba.com/pringles-paprika-158gm-usa-1pcs-beauty-zone-ctg-1034428
2026-09-11,1034429,Pringles Sizzln Apicy BBQ Flavour  158Gm (U.S.A) - 1Pcs,1 pcs,1.0,pcs,357.0,,,BEZC1034429,BEAUTY ZONE CTG,chips,chips,30.0,0.0,https://othoba.com/pringles-sizzln-apicy-bbq-flavour-158gm-usa-1pcs-beauty-zone-ctg-1034429
2026-09-11,1034432,DEWBERRY SANDWICH COOKIES WITH CREAM AND BLUEBERRY FLAVORED (THAILAND) -324GM 12PCS PACK,12 pcs,12.0,pcs,1025.0,,,BEZC1034432,BEAUTY ZONE CTG,biscuites-toast,biscuites-toast,53.0,0.0,https://othoba.com/dewberry-sandwich-cookies-with-cream-and-blueberry-flavored-thailand-324gm-12pcs-pack-beauty-zone-ctg-1034432
2026-09-11,1034433,DEWBERRY SANDWICH COOKIES WITH CREAM AND STRAWBERRY FLAVORED (THAILAND) -324GM 12PCS PACK,12 pcs,12.0,pcs,1025.0,,,BEZC1034433,BEAUTY ZONE CTG,biscuites-toast,biscuites-toast,46.0,0.0,https://othoba.com/dewberry-sandwich-cookies-with-cream-and-strawberry-flavored-thailand-324gm-12pcs-pack-beauty-zone-ctg-1034433
2026-09-11,1034439,OREO MINI CUP (STRAWBERRY) Indonesia - 61.3GM,61.3 g,61.3,g,213.0,,,BEZC1034439,BEAUTY ZONE CTG,biscuites-toast,biscuites-toast,48.0,0.0,https://othoba.com/oreo-mini-cup-strawberry-indonesia-613gm-beauty-zone-ctg-1034439
2026-09-11,1034440,Parle Hide & Seek Black Bourbon Vanilla Biscuit - 100GM,100 g,100.0,g,195.0,,,BEZC1034440,BEAUTY ZONE CTG,biscuites-toast,biscuites-toast,19.0,0.0,https://othoba.com/parle-hide-seek-black-bourbon-vanilla-biscuit-100gm-beauty-zone-ctg-1034440
2026-09-11,1034441,OREO MINI CUP (CHOCOLATE) Indonesia - 61.3GM,61.3 g,61.3,g,195.0,,,BEZC1034441,BEAUTY ZONE CTG,biscuites-toast,biscuites-toast,8.0,0.0,https://othoba.com/oreo-mini-cup-chocolate-indonesia-613gm-beauty-zone-ctg-1034441
2026-09-11,1034442,Parle Hide And Seek Black Bourbon Choco Creme Sandwich Biscuits (INDIAN)- 100GM,100 g,100.0,g,165.0,,,BEZC1034442,BEAUTY ZONE CTG,biscuites-toast,biscuites-toast,50.0,0.0,https://othoba.com/parle-hide-and-seek-black-bourbon-choco-creme-sandwich-biscuits-indian-100gm-beauty-zone-ctg-1034442
2026-09-11,1034448,Monorama Pure Ghee (Original_No.01 Indian Ghee) -  500ML,500 ml,500.0,ml,1280.0,,,BEZC1034448,BEAUTY ZONE CTG,ghee-3,ghee-3,35.0,0.0,https://othoba.com/monorama-pure-ghee-original_no01-indian-ghee-500ml-beauty-zone-ctg-1034448
2026-09-11,1034449,Monorama Pure Ghee (Original_No.01 Indian Ghee) -  1LTR,1 l,1.0,l,2600.0,,,BEZC1034449,BEAUTY ZONE CTG,ghee-3,ghee-3,27.0,0.0,https://othoba.com/monorama-pure-ghee-original_no01-indian-ghee-1ltr-beauty-zone-ctg-1034449
2026-09-11,1034467,LAYS STAX ORIGINAL (MALAYSIA) - 135GM,135 g,135.0,g,452.0,,,BEZC1034467,BEAUTY ZONE CTG,chips,chips,44.0,0.0,https://othoba.com/lays-stax-original-malaysia-135gm-beauty-zone-ctg-1034467
2026-09-11,1034468,LAYS STAX ORIGINAL (MALAYSIA) - 135GM,135 g,135.0,g,452.0,,,BEZC1034468,BEAUTY ZONE CTG,chips,chips,20.0,0.0,https://othoba.com/lays-stax-original-malaysia-135gm-beauty-zone-ctg-1034468
2026-09-11,1034471,LAYS STAX SOUR CREAM & ONION (MALAYSIA) - 135GM,135 g,135.0,g,452.0,,,BEZC1034471,BEAUTY ZONE CTG,chips,chips,54.0,0.0,https://othoba.com/lays-stax-sour-cream-onion-malaysia-135gm-beauty-zone-ctg-1034471
2026-09-11,1034472,ASEEL PURE BUTTER (U.A.E) - 800GM,800 g,800.0,g,2496.0,,,BEZC1034472,BEAUTY ZONE CTG,butter-3,butter-3,44.0,0.0,https://othoba.com/aseel-pure-butter-uae-800gm-beauty-zone-ctg-1034472
2026-09-11,1034520,Almarai Triangle 8 Cheese,,,,425.0,,,BEZC1034520,BEAUTY ZONE CTG,cheese-3,cheese-3,11.0,0.0,https://othoba.com/almarai-triangle-8-cheese-beauty-zone-ctg-1034520
2026-09-11,1034522,Slice Cheese Melbourne 12 Slices Australia - 200 gm,200 g,200.0,g,687.0,,,BEZC1034522,BEAUTY ZONE CTG,cheese-3,cheese-3,17.0,0.0,https://othoba.com/slice-cheese-melbourne-12-slices-australia-200-gm-beauty-zone-ctg-1034522
2026-09-11,1034535,COWHEAD INSTANT MILK POWDER - 2.5KG,2.5 kg,2.5,kg,6322.0,,,BEZC1034535,BEAUTY ZONE CTG,milk-3,milk-3,41.0,0.0,https://othoba.com/cowhead-instant-milk-powder-25kg-beauty-zone-ctg-1034535
2026-09-11,1034536,COWHEAD DANISH BUTTER COOKIKES (MALAYSIA) - 150GM,150 g,150.0,g,752.0,,,BEZC1034536,BEAUTY ZONE CTG,biscuites-toast,biscuites-toast,37.0,0.0,https://othoba.com/cowhead-danish-butter-cookikes-malaysia-150gm-beauty-zone-ctg-1034536
2026-09-11,1034537,COWHEAD DANISH BUTTER COOKIKES (MALAYSIA) - 400GM,400 g,400.0,g,1733.0,,,BEZC1034537,BEAUTY ZONE CTG,biscuites-toast,biscuites-toast,8.0,0.0,https://othoba.com/cowhead-danish-butter-cookikes-malaysia-400gm-beauty-zone-ctg-1034537
2026-09-11,1034538,COWHEAD INSTANT MILK POWDER - 900GM,900 g,900.0,g,2834.0,,,BEZC1034538,BEAUTY ZONE CTG,milk-3,milk-3,9.0,0.0,https://othoba.com/cowhead-instant-milk-powder-900gm-beauty-zone-ctg-1034538
2026-09-11,1034613,TWINFISH CHOCOLATE FLAVOUR OAT CHOCO (Imported) -180GM,180 g,180.0,g,398.0,,,BEZC1034613,BEAUTY ZONE CTG,cereal,cereal,53.0,0.0,https://othoba.com/twinfish-chocolate-flavour-oat-choco-imported-180gm-beauty-zone-ctg-1034613
2026-09-11,1034622,Samyang Hot Ramen Sauce Carbonara Flavor (Korean) 200gm,200 g,200.0,g,861.0,,,BEZC1034622,BEAUTY ZONE CTG,sauces,sauces,55.0,0.0,https://othoba.com/samyang-hot-ramen-sauce-carbonara-flavor-korean-200gm-beauty-zone-ctg-1034622
2026-09-11,1034623,Samyang Buldak Highly Spicy Red Ramen Sauce Flavor (Korean) 200gm,200 g,200.0,g,861.0,,,BEZC1034623,BEAUTY ZONE CTG,sauces,sauces,48.0,0.0,https://othoba.com/samyang-buldak-highly-spicy-red-ramen-sauce-flavor-korean-200gm-beauty-zone-ctg-1034623
2026-09-11,1034624,Samyang Hot Chicken Buldak Black Ramen Sauce Flavor (Korean) 200gm,200 g,200.0,g,861.0,,,BEZC1034624,BEAUTY ZONE CTG,sauces,sauces,48.0,0.0,https://othoba.com/samyang-hot-chicken-buldak-black-ramen-sauce-flavor-korean-200gm-beauty-zone-ctg-1034624
2026-09-11,1034653,"Al Mudhish Milk Powder Instant Full Cream, 2.5 Kg",2.5 kg,2.5,kg,6104.0,,,BEZC1034653,BEAUTY ZONE CTG,milk-3,milk-3,9.0,0.0,https://othoba.com/al-mudhish-milk-powder-instant-full-cream-25-kg-beauty-zone-ctg-1034653
2026-09-11,1034655,Almarai Milk Powder (U.A.E)- 2.25Kg,2.25 kg,2.25,kg,6104.0,,,BEZC1034655,BEAUTY ZONE CTG,milk-3,milk-3,19.0,0.0,https://othoba.com/almarai-milk-powder-uae-225kg-beauty-zone-ctg-1034655
2026-09-11,1034656,AL MUDHISH MILK POWDER - 900GM,900 g,900.0,g,1842.0,,,BEZC1034656,BEAUTY ZONE CTG,milk-3,milk-3,19.0,0.0,https://othoba.com/al-mudhish-milk-powder-900gm-beauty-zone-ctg-1034656
2026-09-11,1034701,Gochujang Korean Hot Pepper Paste / Mongolian Colorful Rice Gochujang (500g),500 g,500.0,g,872.0,,,BEZC1034701,BEAUTY ZONE CTG,sauces,sauces,8.0,0.0,https://othoba.com/gochujang-korean-hot-pepper-paste-mongolian-colorful-rice-gochujang-500g-beauty-zone-ctg-1034701
2026-09-11,1034702,Amul Cow Ghee - 1ltr,1 l,1.0,l,2943.0,,,BEZC1034702,BEAUTY ZONE CTG,ghee-3,ghee-3,45.0,0.0,https://othoba.com/amul-cow-ghee-1ltr-beauty-zone-ctg-1034702
2026-09-11,1034704,Amul Pure Ghee  - 1ltr,1 l,1.0,l,2943.0,,,BEZC1034704,BEAUTY ZONE CTG,ghee-3,ghee-3,13.0,0.0,https://othoba.com/amul-pure-ghee-1ltr-beauty-zone-ctg-1034704
2026-09-11,1034718,Oreo Any Flavour Cream Chocolate Biscuit - Pack Of 12 (43.2gm Each),43.2 g,43.2,g,523.0,,,BEZC1034718,BEAUTY ZONE CTG,biscuites-toast,biscuites-toast,29.0,0.0,https://othoba.com/oreo-any-flavour-cream-chocolate-biscuit-pack-of-12-432gm-each-beauty-zone-ctg-1034718
2026-09-11,1036936,Beef Kalabhuna Shingara,,,,70.0,,,GLP1036936,Golpo,local-snacks,local-snacks,,0.0,https://othoba.com/beef-kalabhuna-shingara
2026-09-11,103902,Red Snapper Fish (রেড স্ন্যাপার মাছ) 1.7 kg (50gm±) Per Pc Before Cutting,50 g,50.0,g,1593.0,,,DSP03003,Daily Shopping,meat-fish,meat-fish,,5.0,https://othoba.com/red-snapper-fish-1kg
2026-09-11,1041312,Cultured Cream Ghee 250gm,250 g,250.0,g,520.0,,,MDMY1041312,Modhumoy,ghee-3,ghee-3,25.0,0.0,https://othoba.com/cultured-cream-ghee-250gm-modhumoy-1041312
2026-09-11,1041314,Cultured Cream Ghee 500gm,500 g,500.0,g,1000.0,,,MDMY1041314,Modhumoy,ghee-3,ghee-3,13.0,0.0,https://othoba.com/cultured-cream-ghee-500gm-modhumoy-1041314
2026-09-11,1041315,Cultured Cream Ghee 1 KG,1 kg,1.0,kg,2000.0,,,MDMY1041315,Modhumoy,ghee-3,ghee-3,19.0,0.0,https://othoba.com/cultured-cream-ghee-1-kg-modhumoy-1041315
2026-09-11,1041316,Cultured Cream Ghee 2 KG,2 kg,2.0,kg,3950.0,,,MDMY1041316,Modhumoy,ghee-3,ghee-3,28.0,0.0,https://othoba.com/cultured-cream-ghee-2-kg-modhumoy-1041316
2026-09-11,1041317,Pure Cow Ghee 250gm,250 g,250.0,g,440.0,,,MDMY1041317,Modhumoy,ghee-3,ghee-3,40.0,0.0,https://othoba.com/pure-cow-ghee-250gm-modhumoy-1041317
2026-09-11,1041318,Pure Cow Ghee 500gm,500 g,500.0,g,850.0,,,MDMY1041318,Modhumoy,ghee-3,ghee-3,16.0,0.0,https://othoba.com/pure-cow-ghee-500gm-modhumoy-1041318
2026-09-11,1041319,Pure Cow Ghee 1 KG,1 kg,1.0,kg,1600.0,,,MDMY1041319,Modhumoy,ghee-3,ghee-3,20.0,0.0,https://othoba.com/pure-cow-ghee-1-kg-modhumoy-1041319
2026-09-11,1041320,Pure Cow Ghee 2 KG,2 kg,2.0,kg,3100.0,,,MDMY1041320,Modhumoy,ghee-3,ghee-3,27.0,0.0,https://othoba.com/pure-cow-ghee-2-kg-modhumoy-1041320
2026-09-11,1042334,Premium Ready to Fry Fuchka - 500gm,500 g,500.0,g,282.0,299.0,5.69,SIMT1042334,Simli Mart,chips,chips,19.0,0.0,https://othoba.com/premium-ready-to-fry-fuchka-500gm-simli-mart-1042334
2026-09-11,1042335,Premium Ready to Fry Fuchka - 1kg,1 kg,1.0,kg,444.0,499.0,11.02,SIMT1042335,Simli Mart,chips,chips,44.0,0.0,https://othoba.com/premium-ready-to-fry-fuchka-1kg-simli-mart-1042335
2026-09-11,1042336,Premium Ready to Fry Fuchka - 250gm,250 g,250.0,g,132.0,190.0,30.53,SIMT1042336,Simli Mart,chips,chips,50.0,0.0,https://othoba.com/premium-ready-to-fry-fuchka-250gm-simli-mart-1042336
2026-09-11,104874,Mr. Noodles 60gm Magic Masala (Bowl),60 g,60.0,g,45.0,,,DSP03005,Daily Shopping,noodles,noodles,,5.0,https://othoba.com/mr-noodles-60gm-magic-masala-bowl
2026-09-11,1050534,Nawar Margarine Sunflower 500gm,500 g,500.0,g,578.0,650.0,11.08,MSES1050534,Manhamu Eshop,butter-3,butter-3,52.0,0.0,https://othoba.com/nawar-margarine-sunflower-500gm-manhamu-eshop-1050534
2026-09-11,1050544,Amul Butter- 200 g Tub,200 g,200.0,g,312.0,350.0,10.86,MSES1050544,Manhamu Eshop,butter-3,butter-3,52.0,0.0,https://othoba.com/amul-butter-200-g-tub-manhamu-eshop-1050544
2026-09-11,1051144,প্রিমিয়াম খাঁটি গাওয়া ঘি 250 GM,250 g,250.0,g,466.0,500.0,6.8,BMRT1051144,Business Mart,ghee-3,ghee-3,8.0,0.0,https://othoba.com/%E0%A6%AA%E0%A6%B0%E0%A6%AE%E0%A7%9F%E0%A6%AE-%E0%A6%96%E0%A6%9F-%E0%A6%97%E0%A6%93%E0%A7%9F-%E0%A6%98-250-gm-business-mart-1051144
2026-09-11,1051145,প্রিমিয়াম খাঁটি গাওয়া ঘি (৫০০ গ্রাম),,,,930.0,1000.0,7.0,BMRT1051145,Business Mart,ghee-3,ghee-3,32.0,0.0,https://othoba.com/%E0%A6%AA%E0%A6%B0%E0%A6%AE%E0%A6%AF%E0%A6%AE-%E0%A6%96%E0%A6%9F-%E0%A6%97%E0%A6%93%E0%A6%AF-%E0%A6%98-%E0%A7%AB%E0%A7%A6%E0%A7%A6-%E0%A6%97%E0%A6%B0%E0%A6%AE-business-mart-1051145
2026-09-11,1058355,Hari Patil Wooden For Baby - Kids Toy Pot Set,,,,150.0,,,Cityg1058355,City Goods,bakery-snacks,bakery-snacks,18.0,0.0,https://othoba.com/hari-patil-wooden-for-baby-kids-toy-pot-set-city-goods-1058355
2026-09-11,1060677,15W (ABS + PP) Material Automatic Yogurt (Doi) Maker with 8-15 Hours Preparation Time - 1L Doi maker-Multicolor,1 l,1.0,l,1000.0,,,SLSW1060677,SellSwiftBD,yogurt-3,yogurt-3,55.0,0.0,https://othoba.com/15w-abs-pp-material-automatic-yogurt-doi-maker-with-8-15-hours-preparation-time-1l-doi-maker-multicolor-sellswiftbd-1060677
2026-09-11,1060869,Baby Silicon Pacifier Butterfly Shape Hygenic Cap With Silicone Pacifier Animal Pattern- The Asia Express-Multicolor,,,,200.0,,,SLSW1060869,SellSwiftBD,butter-3,butter-3,26.0,0.0,https://othoba.com/baby-silicon-pacifier-butterfly-shape-hygenic-cap-with-silicone-pacifier-animal-pattern-the-asia-express-multicolor-sellswiftbd-1060869
2026-09-11,1061026,"3 Pcs Adjustable Rotatable Butterfly Wall Hooks – 270° Self-Adhesive No-Drill 3-Prong Multipurpose Hanger for Keys, Jewelry, Scarves, Bathroom, Closet, Entryway, Vanity, Kitchen & Bedroom - The Asia Express-Multicolor",3 pcs,3.0,pcs,690.0,,,SLSW1061026,SellSwiftBD,butter-3,butter-3,12.0,0.0,https://othoba.com/3-pcs-adjustable-rotatable-butterfly-wall-hooks-270-self-adhesive-no-drill-3-prong-multipurpose-hanger-for-keys-jewelry-scarves-bathroom-closet-entryway-vanity-kitchen-bedroom-the-asia-express-multico
2026-09-11,1062429,Special Singara,,,,20.0,,,GLP1062429,Golpo,local-snacks,local-snacks,,0.0,https://othoba.com/special-singara
2026-09-11,106623,PRAN Noodles Classic Masala 8 Packs,8 pack,8.0,pack,170.0,,,DSP03006,Daily Shopping,noodles,noodles,,5.0,https://othoba.com/pran-noodles-classic-masala-8-packs
2026-09-11,106815,Garden Fresh Langra Mango 5 kg,5 kg,5.0,kg,425.0,,,DSP03009,Daily Shopping,fruits-vegetable,fruits-vegetable,,0.0,https://othoba.com/garden-fresh-langra-mango-5-kg
2026-09-11,106906,Quinoa 250 gm,250 g,250.0,g,320.0,,,FWP00015,Fitfood Wellness Product Ltd.,local-snacks,local-snacks,47.0,5.0,https://othoba.com/quinoa-250-gm
2026-09-11,107037,PRAN Twister Chips Tomato Paprika,,,,20.0,,,DSP03013,Daily Shopping,chips,chips,,5.0,https://othoba.com/pran-twister-chips-tomato-paprika-new-25gm
2026-09-11,107219,Pineapple (আনারস) Per Pair,,,,80.0,,,DSP03014,Daily Shopping,fruits-vegetable,fruits-vegetable,,5.0,https://othoba.com/pineapple-per-pair
2026-09-11,10757,Fazlee Mango Drink 1000ml 2 Pack With Free Pran Semai,2 pack,2.0,pack,140.0,,,3000000276A,Daily Shopping,vermicellies,vermicellies,,0.0,https://othoba.com/fazlee-mango-drink-1000ml-2
2026-09-11,107754,PRAN Zeros Chips Wheels 15gm,15 g,15.0,g,10.0,,,DSP03020,Daily Shopping,chips,chips,,0.0,https://othoba.com/pran-zeros-chips-wheels-15gm
2026-09-11,107764,Mr. Noodles 4 pcs 140 gm Choto,140 g,140.0,g,50.0,,,DSP03026,Daily Shopping,noodles,noodles,,5.0,https://othoba.com/mr-noodles-4-pcs-140-gm-choto
2026-09-11,107767,PRAN Noodles 10pcs classic Masala 620gm,620 g,620.0,g,210.0,,,DSP03027,Daily Shopping,noodles,noodles,,5.0,https://othoba.com/pran-noodles-10pcs-classic-masala-620gm
2026-09-11,107768,Chocolord Double Twist Stand Pack,,,,250.0,,,DSP03028,Daily Shopping,chocolate-candy,chocolate-candy,,5.0,https://othoba.com/chocolord-double-twist-stand-pack
2026-09-11,107770,Canton Noodle 62gm 10pcs Masala,10 pcs,10.0,pcs,198.0,,,DSP03029,Daily Shopping,noodles,noodles,,5.0,https://othoba.com/canton-noodle-62gm-10pcs-masala
2026-09-11,107772,PRAN Layer Plus 200gm Gift Box,200 g,200.0,g,110.0,130.0,15.38,DSP03030,Daily Shopping,chocolate-candy,chocolate-candy,,5.0,https://othoba.com/pran-layer-plus-200gm-gift-box
2026-09-11,107773,PRAN Sixers Chocolate Coated Bar 30gm,30 g,30.0,g,20.0,,,DSP03031,Daily Shopping,chocolate-candy,chocolate-candy,,5.0,https://othoba.com/pran-sixers-chocolate-coated-bar-20gm
2026-09-11,107774,Wonder Kids 20 gm,20 g,20.0,g,40.0,50.0,20.0,DSP03032,Daily Shopping,chocolate-candy,chocolate-candy,,5.0,https://othoba.com/wonder-kids-20-gm-atc-box
2026-09-11,107926,PRAN Borhani Mix 50gm,50 g,50.0,g,40.0,,,DSP03040,Daily Shopping,ready-mix,ready-mix,,5.0,https://othoba.com/pran-borhani-mix-50gm
2026-09-11,107928,PRAN Fish Masala 100gm,100 g,100.0,g,70.0,,,DSP03041,Daily Shopping,spice-herb,spice-herb,,5.0,https://othoba.com/pran-fish-masala-100gm
2026-09-11,107929,PRAN Bisk Club BlackForest Center Fill Cookies 70gm,70 g,70.0,g,60.0,,,DSP03042,Daily Shopping,biscuit-cookies,biscuit-cookies,,5.0,https://othoba.com/pran-bisk-club-blackforest-center-fill-cookies-70gm
2026-09-11,108007,Buffalo Meat Standard Boneless (Imported) Frozen 3kg,3 kg,3.0,kg,1530.0,,,DSP03047,Daily Shopping,meat-fish,meat-fish,,5.0,https://othoba.com/buffalo-meat-standard-boneless-imported-frozen-3kg
2026-09-11,108017,PRAN Sixers Chocolate Coated Bar 30gm,30 g,30.0,g,20.0,,,DSP03048,Daily Shopping,chocolate-candy,chocolate-candy,,0.0,https://othoba.com/pran-sixers-chocolate-coated-bar-30gm
2026-09-11,108555,PRAN Lacchi  200ml (Yogurt),200 ml,200.0,ml,20.0,,,DSP03051,Daily Shopping,yogurt,yogurt,,5.0,https://othoba.com/pran-lacchi-200ml-yogurt
2026-09-11,10857,PRAN Chatpati Mix 250gm,250 g,250.0,g,45.0,,,5000000024,Daily Shopping,ready-mix,ready-mix,,0.0,https://othoba.com/pran-chatpati-mix-250-gm-5000000024
2026-09-11,108571,Live shonalica Chicken,,,,299.0,320.0,6.56,DSP03052,Daily Shopping,meat-fish,meat-fish,,0.0,https://othoba.com/live-shonalica-chicken
2026-09-11,10858,The Chef Macaroni (200gm×5pcs) 1000gm,1000 g,1000.0,g,225.0,,,5500000887,Daily Shopping,macaroni,macaroni,,0.0,https://othoba.com/the-chef-macaroni-200gm-5pcs-1000gm-5500000887
2026-09-11,10859,PRAN Haleem Mix 200 gm,200 g,200.0,g,80.0,,,5000000023,Daily Shopping,spice-herb,spice-herb,,5.0,https://othoba.com/pran-haleem-mix-200-gm-3
2026-09-11,10860,PRAN Beef Masala 20gm,20 g,20.0,g,20.0,,,5000000027,Daily Shopping,spice-herb,spice-herb,,5.0,https://othoba.com/pran-beef-masala-20gm
2026-09-11,10861,PRAN Shader Masala 4gm,4 g,4.0,g,5.0,,,5000000275,Daily Shopping,spice-herb,spice-herb,,5.0,https://othoba.com/pran-shader-moshla-4gm-5000000275
2026-09-11,10862,PRAN Firni Mix 150gm,150 g,150.0,g,70.0,,,5000000189,Daily Shopping,spice-herb,spice-herb,,3.0,https://othoba.com/pran-firni-mix-150gm-5000000189
2026-09-11,108655,Dano Instant 1 Kg Foil,1 kg,1.0,kg,950.0,,,DSP03053,Daily Shopping,milk-3,milk-3,,5.0,https://othoba.com/dano-instant-1-kg-foil
2026-09-11,110442,Mr. Noodles Korean Super Spicy 62gm,62 g,62.0,g,24.0,,,DSP03075,Daily Shopping,noodles,noodles,,5.0,https://othoba.com/mr-noodles-korean-super-spicy-62gm
2026-09-11,110443,Mr. Noodles Korean Super Spicy Noodles (62gmX4pcs),4 pcs,4.0,pcs,115.0,,,DSP03076,Daily Shopping,noodles,noodles,722.0,5.0,https://othoba.com/mr-noodles-korean-super-spicy-62gmx4pcs
2026-09-11,110970,Jambura Pomelo Per Pair (জাম্বুরা),,,,130.0,,,DSP03079,Daily Shopping,fruits-vegetable,fruits-vegetable,,5.0,https://othoba.com/jambura-pomelo-per-pair
2026-09-11,111170,12 pcs Chicken Fry,12 pcs,12.0,pcs,1600.0,,,FRB00004,Fry Bucket,bakery-snacks,bakery-snacks,,5.0,https://othoba.com/12-pcs-chicken-fry
2026-09-11,111179,PRAN Chocolord Double Twist 30 Pcs,30 pcs,30.0,pcs,350.0,,,DSP03081,Daily Shopping,chocolate-candy,chocolate-candy,,5.0,https://othoba.com/pran-chocolord-double-twist-30-pcs
2026-09-11,111181,PRAN Milk Chocolord Bar 31gm 4pcs,4 pcs,4.0,pcs,100.0,,,DSP03082,Daily Shopping,chocolate-candy,chocolate-candy,,5.0,https://othoba.com/pran-milk-chocolord-bar-31gm-4pcs
2026-09-11,111182,Peanut Bar 30gm Per Pcs,30 g,30.0,g,10.0,,,DSP03083,Daily Shopping,chocolate-candy,chocolate-candy,,0.0,https://othoba.com/peanut-bar-30gm-per-pcs
2026-09-11,11144,PRAN Chili Powder 500gm,500 g,500.0,g,345.0,,,5000000042,Daily Shopping,spice-herb,spice-herb,,5.0,https://othoba.com/pran-chili-powder-500gm-5000000042
2026-09-11,111610,Mr. Noodles Chinese Chow Mein 300gm,300 g,300.0,g,70.0,,,DSP03084,Daily Shopping,noodles,noodles,,5.0,https://othoba.com/mr-noodles-chinese-chow-mein-300gm
2026-09-11,111683,Mithai Kacha Sondesh 1Kg For Sylhet Area,1 kg,1.0,kg,695.0,,,MSY00012,Mithai Sylhet,sweetmeat,sweetmeat,,5.0,https://othoba.com/mithai-kacha-sondesh-1kg-for-sylhet-area
2026-09-11,111688,Mithai Pata Chamcham 1Kg For Sylhet Area,1 kg,1.0,kg,525.0,,,MSY00016,Mithai Sylhet,sweetmeat,sweetmeat,,5.0,https://othoba.com/mithai-pata-chamcham-1kg-for-sylhet-area
2026-09-11,111694,Mithai Soan Papri 500g,500 g,500.0,g,260.0,,,MSY00019,Mithai Sylhet,local-snacks,local-snacks,,5.0,https://othoba.com/mithai-soan-papri-500g-3
2026-09-11,111709,Mithai Sweet Curd 1kg For Sylhet Area,1 kg,1.0,kg,325.0,,,MSY00025,Mithai Sylhet,sweetmeat,sweetmeat,,5.0,https://othoba.com/mithai-sweet-curd-1kg-for-sylhet-area
2026-09-11,111819,Arabic Phirni 80gm ± For Sylhet Area,80 g,80.0,g,40.0,,,MSY00061,Mithai Sylhet,dessert,dessert,,5.0,https://othoba.com/arabic-phirni-80gm-for-sylhet-area
2026-09-11,11184,PRAN Turmeric Powder 500gm,500 g,500.0,g,310.0,,,5000000043,Daily Shopping,spice-herb,spice-herb,,5.0,https://othoba.com/pran-turmeric-powder-500gm-5000000043
2026-09-11,11185,PRAN Chili Powder Jar 200gm,200 g,200.0,g,90.0,,,5000000046,Daily Shopping,spice-herb,spice-herb,30.0,0.0,https://othoba.com/pran-chili-powder-jar-200gm-5000000046
2026-09-11,11188,PRAN Cuminseed Powder Jar 200gm,200 g,200.0,g,330.0,,,5000000131,Daily Shopping,spice-herb,spice-herb,,0.0,https://othoba.com/pran-cuminseed-powder-jar-200gm-5000000131
2026-09-11,111976,Hosen Pure Honey 500gm,500 g,500.0,g,695.0,,,DSP03094,Daily Shopping,bakery-breakfast,bakery-breakfast,,5.0,https://othoba.com/hosen-pure-honey-500gm
2026-09-11,111977,Hosen Pure Honey 400gm,400 g,400.0,g,610.0,,,DSP03095,Daily Shopping,bakery-breakfast,bakery-breakfast,,5.0,https://othoba.com/hosen-pure-honey-400gm
2026-09-11,112087,Amra (আমড়া) Hog Plum 3 Pcs Combo,3 pcs,3.0,pcs,18.0,,,DSP03100,Daily Shopping,fruits-vegetable,fruits-vegetable,,5.0,https://othoba.com/amra-hog-plum-3-pcs-combo
2026-09-11,112243,Mr. Noodles Korean Super Spicy 62gm  4 pcs Combo,4 pcs,4.0,pcs,80.0,,,DSP03101,Daily Shopping,noodles,noodles,,5.0,https://othoba.com/mr-noodles-korean-super-spicy-62gm-4-pcs-combo
2026-09-11,112764,PRAN Miniket  Zirashail 25kg Bag,25 kg,25.0,kg,2020.0,2100.0,3.81,BMR00027,Bango Millers Ltd.,daily-cooking,daily-cooking,,4.6,https://othoba.com/pran-miniket-25kg-bag-bmr00027
2026-09-11,113035,Chicken Popcorn,,,,199.0,,,FRB00021,Fry Bucket,bakery-snacks,bakery-snacks,,5.0,https://othoba.com/chicken-popcorn
2026-09-11,113484,PRAN Fruit Magic Plus,,,,3.0,,,DSP03102,Daily Shopping,chocolate-candy,chocolate-candy,,5.0,https://othoba.com/pran-fruit-magic-plus-18-pcs
2026-09-11,113485,PRAN Ice Lolly 45gm 12 Pcs,12 pcs,12.0,pcs,60.0,,,DSP03103,Daily Shopping,chocolate-candy,chocolate-candy,,5.0,https://othoba.com/pran-ice-lolly-45gm-12-pcs
2026-09-11,113526,Kazi Farms Chicken Shami Kabab 250gm,250 g,250.0,g,250.0,,,DSP03113,Daily Shopping,breakfast-products,breakfast-products,,5.0,https://othoba.com/kazi-farms-chicken-shami-kabab-250gm
2026-09-11,113532,Kazi Farms Plain Paratha 650gm 10pcs,10 pcs,10.0,pcs,180.0,,,DSP03119,Daily Shopping,bakery-breakfast,bakery-breakfast,,5.0,https://othoba.com/kazi-farms-plain-paratha-650gm-10pcs
2026-09-11,113535,Kazi farms Chicken Crispy Chicken Wings 500gm,500 g,500.0,g,350.0,,,DSP03122,Daily Shopping,breakfast-products,breakfast-products,,5.0,https://othoba.com/kazi-farms-chicken-crispy-chicken-wings-500gm
2026-09-11,113548,Amul Masti Spiced Butter Milk 200ml,200 ml,200.0,ml,70.0,,,DSP03135,Daily Shopping,chocolate-candy,chocolate-candy,,0.0,https://othoba.com/amul-masti-spiced-butter-milk-200ml
2026-09-11,113549,Amul Milk Shake Double Chocolate 180ml,180 ml,180.0,ml,95.0,,,DSP03136,Daily Shopping,chocolate-candy,chocolate-candy,,0.0,https://othoba.com/amul-milk-shake-double-chocolate-180ml
2026-09-11,113553,PRAN Chocolord Double Twist 16 Pcs Gift Box,16 pcs,16.0,pcs,220.0,,,DSP03137,Daily Shopping,chocolate-candy,chocolate-candy,,5.0,https://othoba.com/pran-chocolord-double-twist-16-pcs-gift-box
2026-09-11,113554,PRAN Chocolord Single Twist 26 Pcs Gift Box,26 pcs,26.0,pcs,350.0,,,DSP03138,Daily Shopping,chocolate-candy,chocolate-candy,,5.0,https://othoba.com/pran-chocolord-single-twist-26-pcs-gift-box
2026-09-11,115314,Saffola Honey 500gm,500 g,500.0,g,465.0,,,DSP03146,Daily Shopping,bakery-breakfast,bakery-breakfast,,5.0,https://othoba.com/saffola-honey-500gm-dsp03146
2026-09-11,116265,PRAN Nazirshail Rice 10 Kg Bag,10 kg,10.0,kg,1000.0,1030.0,2.91,DSP03153,Daily Shopping,daily-cooking,daily-cooking,,4.0,https://othoba.com/pran-nazir-rice-10-kg-bag
2026-09-11,116826,PRAN Tomato Sachet 10gm,10 g,10.0,g,3.0,,,DSP03155,Daily Shopping,sauces,sauces,,0.0,https://othoba.com/pran-tomato-sachet-10gm
2026-09-11,117727,Horina Prawn (চিংড়ি মাছ) (Per kg),,,,675.0,,,DSP03156,Daily Shopping,meat-fish,meat-fish,,5.0,https://othoba.com/horina-prawn-per-kg
2026-09-11,117822,Vegetable Cauliflower (ফুলকপি) Per Pc,,,,78.0,,,DSP03157,Daily Shopping,fruits-vegetable,fruits-vegetable,,4.0,https://othoba.com/vegetable-cauliflower-per-pc
2026-09-11,118307,DS Chicken Broiler WO Skin Drumstick 1kg,1 kg,1.0,kg,460.0,,,DSP03160,Daily Shopping,meat-fish,meat-fish,,5.0,https://othoba.com/ds-chicken-broiler-wo-skin-drumstick-1kg
2026-09-11,118698,Jhatpot Paratha Low Fat 20 Pcs Pack,20 pcs,20.0,pcs,250.0,,,DSP03162,Daily Shopping,bakery-breakfast,bakery-breakfast,,4.9,https://othoba.com/jhatpot-paratha-low-fat-20-pcs-pack
2026-09-11,119553,Farm Egg 25 pcs,25 pcs,25.0,pcs,300.0,,,DSP03164,Daily Shopping,eggs,eggs,,0.0,https://othoba.com/farm-egg-25-pcs
2026-09-11,119601,Banana Chini Champa 8 pcs,8 pcs,8.0,pcs,48.0,,,DSP03165,Daily Shopping,fruits-vegetable,fruits-vegetable,,5.0,https://othoba.com/banana-chini-champa-8-pc
2026-09-11,120139,Pabda Fish (পাবদা মাছ) 1kg,1 kg,1.0,kg,390.0,,,DSP03166,Daily Shopping,meat-fish,meat-fish,,5.0,https://othoba.com/pabda-fish-1kg
2026-09-11,120488,PRAN Good Life Pizzarolla Cheese 200gm,200 g,200.0,g,220.0,,,DSP03167,Daily Shopping,cheese,cheese,,5.0,https://othoba.com/pran-good-life-pizzarolla-cheese-200gm
2026-09-11,120691,Goodlife Cheese Slice 200 gm,200 g,200.0,g,320.0,,,DSP03180,Daily Shopping,cheese,cheese,,5.0,https://othoba.com/goodlife-cheese-slice-200-gm
2026-09-11,120692,Goodlife Cheese Cream 200 gm,200 g,200.0,g,300.0,,,DSP03181,Daily Shopping,cheese,cheese,,5.0,https://othoba.com/goodlife-cheese-cream-200-gm
2026-09-11,120696,Goodlife Cheese Triangle 140 gm,140 g,140.0,g,250.0,,,DSP03182,Daily Shopping,cheese,cheese,,5.0,https://othoba.com/goodlife-cheese-triangle-140-gm
2026-09-11,121279,Mama Roll Wafer 250 Gm Jar,250 g,250.0,g,70.0,,,DSP03216,Daily Shopping,chocolate-candy,chocolate-candy,,5.0,https://othoba.com/mama-roll-wafer-250-gm-jar
2026-09-11,121281,Mama Roll Wafer Chocolate 13 Gm x 20 Pcs Box,20 pcs,20.0,pcs,100.0,,,DSP03217,Daily Shopping,chocolate-candy,chocolate-candy,,5.0,https://othoba.com/mama-roll-wafer-chocolate-13-gm-x-20-pcs-box
2026-09-11,121611,Bisk Club Lexus Biscuit,,,,100.0,,,DSP03218,Daily Shopping,biscuit-cookies,biscuit-cookies,,5.0,https://othoba.com/bisk-club-lexus-biscuit-dsp03218
2026-09-11,122798,Daily Shopping Onion Local/Kg (Muri Kata),,,,44.0,46.0,4.35,DSP03235,Daily Shopping,fruits-vegetable,fruits-vegetable,,5.0,https://othoba.com/daily-shopping-onion-localkg-muri-kata
2026-09-11,122867,Farm Fresh Paragon Brown Egg 1dozen Pack,,,,205.0,,,DSP03236,Daily Shopping,eggs,eggs,,5.0,https://othoba.com/farm-fresh-paragon-brown-egg-1-dozen-pack
2026-09-11,122870,Farm Fresh Paragon Omega3+ Egg 1dozen Pack-,,,,265.0,,,DSP03237,Daily Shopping,eggs,eggs,,3.5,https://othoba.com/fram-fresh-paragon-omega3-egg-1dozen-pack
2026-09-11,122873,Country Natural Egg 1 Dozen Box,,,,190.0,,,DSP03238,Daily Shopping,eggs,eggs,,5.0,https://othoba.com/country-natural-egg-1-dozen-box
2026-09-11,122883,Kazi Farm Branded Egg 12pcs,12 pcs,12.0,pcs,200.0,,,DSP03239,Daily Shopping,eggs,eggs,,2.9,https://othoba.com/kazi-farm-branded-egg-12pcs
2026-09-11,122885,PURNAVA VITAMIN-E EGG 12PCS PKT,12 pcs,12.0,pcs,220.0,,,DSP03240,Daily Shopping,eggs,eggs,,0.0,https://othoba.com/purnava-vitamin-e-egg-12pcs-pkt
2026-09-11,122887,Country Natural Egg 30pcs Box,30 pcs,30.0,pcs,460.0,,,DSP03242,Daily Shopping,eggs,eggs,,5.0,https://othoba.com/country-natural-egg-30pcs-box
2026-09-11,123235,PRAN Full Cream Milk Powder 500 gm,500 g,500.0,g,382.0,460.0,16.96,OEX00159,Othoba Exclusive,milk-3,milk-3,,4.8,https://othoba.com/pran-full-cream-milk-powder-500gm-oex00159
2026-09-11,123915,PRAN Divino Chocolate Little Angel 120gm,120 g,120.0,g,160.0,,,DSP03260,Daily Shopping,chocolate-candy,chocolate-candy,,5.0,https://othoba.com/pran-divino-chocolate-little-angel-120gm
2026-09-11,123919,Divino Smile Box Chocolate 192 gm,192 g,192.0,g,200.0,220.0,9.09,DSP03261,Daily Shopping,chocolate-candy,chocolate-candy,,5.0,https://othoba.com/divino-smile-box-chocolate-240gm
2026-09-11,123953,Milk Candy 50 Pcs Poly,50 pcs,50.0,pcs,50.0,,,DSP03262,Daily Shopping,chocolate-candy,chocolate-candy,,5.0,https://othoba.com/milk-candy-50-pcs-poly-dsp03262
2026-09-11,123954,Mr. Mango 50pcs Poly,50 pcs,50.0,pcs,50.0,,,DSP03263,Daily Shopping,chocolate-candy,chocolate-candy,,5.0,https://othoba.com/mr-mango-50pcs-poly-dsp03263
2026-09-11,123986,Mr. Noodles Korean Super Spicy Noodles 8 Pcs Family Pack,8 pcs,8.0,pcs,220.0,,,DSP03264,Daily Shopping,noodles,noodles,,5.0,https://othoba.com/mr-noodles-8-pcs-korean-super-spicy-dsp03264
2026-09-11,124632,Tasty Treat Butter Bun 100gm 2Pcs Combo,2 pcs,2.0,pcs,70.0,,,DSP03271,Daily Shopping,bakery-breakfast,bakery-breakfast,,0.0,https://othoba.com/tasty-treat-butter-bun-110gm
2026-09-11,124652,Divino Smile Chocolate Box 240gm,240 g,240.0,g,180.0,,,DLP00080,DLLECP,chocolate-candy,chocolate-candy,,0.0,https://othoba.com/divino-smile-chocolate-box-240gm-dlp00080
2026-09-11,124714,Tomato (টমেটো) 2KG,2 kg,2.0,kg,30.0,,,DSP03272,Daily Shopping,fruits-vegetable,fruits-vegetable,,5.0,https://othoba.com/tomato-2kg
2026-09-11,124868,Vegetable Lal Shak (লাল শাক) And Vegetable Palong Shak (পালংশাক) Per Bundle Combo Offer,,,,20.0,,,DSP03274,Daily Shopping,fruits-vegetable,fruits-vegetable,,5.0,https://othoba.com/vegetable-red-amaranthper-bundleand-vegetable-palong-shak-per-bundle-combo-offer
2026-09-11,125848,Gajar Halwa (গাজরের হালুয়া ) 400gm,400 g,400.0,g,290.0,,,DSP03278,Daily Shopping,sweetmeat,sweetmeat,,5.0,https://othoba.com/gajar-halwa
2026-09-11,125850,Dal Halwa (ডাল হালুয়া ) 400gm,400 g,400.0,g,240.0,,,DSP03279,Daily Shopping,sweetmeat,sweetmeat,,5.0,https://othoba.com/dal-halwa-400gm
2026-09-11,126152,Pusti Soybean Oil (সয়াবিন তেল) 1 Litre,1 l,1.0,l,199.0,,,DSP03282,Daily Shopping,daily-cooking,daily-cooking,,5.0,https://othoba.com/pusti-soybean-oil-1-litre
2026-09-11,126153,Pusti Soybean Oil (সয়াবিন তেল) 2 Litre,2 l,2.0,l,398.0,,,DSP03283,Daily Shopping,daily-cooking,daily-cooking,,5.0,https://othoba.com/pusti-soybean-oil-2-litre
2026-09-11,126155,Pusti Soybean Oil (সয়াবিন তেল)  3 Litre,3 l,3.0,l,597.0,,,DSP03284,Daily Shopping,daily-cooking,daily-cooking,,0.0,https://othoba.com/pusti-soybean-oil-3-litre
2026-09-11,126162,PRAN Turmeric Powder 500gm 2 Pcs,2 pcs,2.0,pcs,400.0,,,DSP03289,Daily Shopping,spice-herb,spice-herb,33.0,0.0,https://othoba.com/pran-turmeric-powder-500gm-2-pcs
2026-09-11,126163,PRAN Aromatic Chinigura Premium Rice 1Kg 2 Pcs,2 pcs,2.0,pcs,260.0,,,DSP03290,Daily Shopping,daily-cooking,daily-cooking,,0.0,https://othoba.com/pran-aromatic-chinigura-premium-rice-1kg-2-pcs
2026-09-11,126165,Mr. Noodles 60gm Magic Masala (Bowl) 2 Pcs,2 pcs,2.0,pcs,80.0,,,DSP03291,Daily Shopping,noodles,noodles,,0.0,https://othoba.com/mr-noodles-60gm-magic-masala-bowl-2-pcs
2026-09-11,126346,Grocery Combo,,,,351.0,,,DSP03294,Daily Shopping,ready-mix,ready-mix,,0.0,https://othoba.com/grocery-combo
2026-09-11,126384,PRAN Isabgul 40gm,40 g,40.0,g,95.0,,,DSP03295,Daily Shopping,food-additives,food-additives,,5.0,https://othoba.com/pran-isabgul-40gm
2026-09-11,126393,PRAN Sola Boot 1kg,1 kg,1.0,kg,145.0,,,DSP03298,Daily Shopping,daily-cooking,daily-cooking,,5.0,https://othoba.com/pran-sola-boot-1kg-x-10pcs
2026-09-11,126401,PRAN Bason 500gm,500 g,500.0,g,95.0,,,DSP03300,Daily Shopping,daily-cooking,daily-cooking,,5.0,https://othoba.com/pran-bason-500gm-dsp03300
2026-09-11,126861,PRAN Mustard Oil 5 liter,5 l,5.0,l,1400.0,,,DSP03303,Daily Shopping,daily-cooking,daily-cooking,,5.0,https://othoba.com/pran-mustard-oil-5-liter
2026-09-11,127033,DATES Mabrum Premium 450gm,450 g,450.0,g,998.0,,,DSP03304,Daily Shopping,fruits-vegetable,fruits-vegetable,,5.0,https://othoba.com/dates-zaytoun-mabrum-premium-500gm
2026-09-11,127034,Dates (Khejur) Dabas Lulu 500gm,500 g,500.0,g,210.0,,,DSP03305,Daily Shopping,fruits-vegetable,fruits-vegetable,,5.0,https://othoba.com/dates-khejur-dabas-lulu-500gm
2026-09-11,127181,Bell (বেল) Mishti Per Pair,,,,100.0,,,DSP03306,Daily Shopping,fruits-vegetable,fruits-vegetable,,5.0,https://othoba.com/bell-mishti-per-pair
2026-09-11,127385,Jhatpot Iftar  Combo-1,,,,720.0,,,DSP03310,Daily Shopping,breakfast-products,breakfast-products,,5.0,https://othoba.com/jhatpot-iftar-combo-1
2026-09-11,127657,Mr. Mango 50pcs Poly 2Pcs,2 pcs,2.0,pcs,100.0,,,DSP03315,Daily Shopping,chocolate-candy,chocolate-candy,,5.0,https://othoba.com/mr-mango-50pcs-poly-2pcs
2026-09-11,127658,Hajom Candy 50 pcs Pouch 2Pcs,2 pcs,2.0,pcs,100.0,,,DSP03316,Daily Shopping,chocolate-candy,chocolate-candy,,5.0,https://othoba.com/hajom-candy-50-pcs-pouch-2pcs
2026-09-11,127659,Milk Candy 50 Pcs Poly 2 Pcs,2 pcs,2.0,pcs,100.0,,,DSP03317,Daily Shopping,chocolate-candy,chocolate-candy,,5.0,https://othoba.com/milk-candy-50-pcs-poly-2-pcs
2026-09-11,127660,PRAN Coffee Candy 35pcs Pouch 140gm 2 Pcs,2 pcs,2.0,pcs,100.0,,,DSP03318,Daily Shopping,chocolate-candy,chocolate-candy,,5.0,https://othoba.com/pran-coffee-candy-35pcs-pouch-140gm-2-pcs
2026-09-11,128156,Jhatpot Iftar  Combo-2,,,,830.0,,,DSP03323,Daily Shopping,breakfast-products,breakfast-products,,5.0,https://othoba.com/jhatpot-iftar-combo-2
2026-09-11,128263,Radhuni Turmeric Powder 200gm,200 g,200.0,g,145.0,,,DSP03324,Daily Shopping,spice-herb,spice-herb,,5.0,https://othoba.com/radhuni-turmeric-powder-200gm-5000000087
2026-09-11,128267,Radhuni Turmeric Powder 500gm,500 g,500.0,g,335.0,,,DSP03325,Daily Shopping,spice-herb,spice-herb,,5.0,https://othoba.com/radhuni-turmeric-powder-500gm-5000000088
2026-09-11,128272,Radhuni Chilli Powder 500gm,500 g,500.0,g,345.0,,,DSP03326,Daily Shopping,spice-herb,spice-herb,,5.0,https://othoba.com/radhuni-chilli-powder-500gm
2026-09-11,128273,Radhuni Coriander Powder 50gm,50 g,50.0,g,32.0,,,DSP03327,Daily Shopping,spice-herb,spice-herb,,5.0,https://othoba.com/radhuni-coriander-powder-50gm-5000000093
2026-09-11,128275,Radhuni Coriander Powder 100gm,100 g,100.0,g,60.0,,,DSP03328,Daily Shopping,spice-herb,spice-herb,,5.0,https://othoba.com/radhuni-coriander-powder-100gm-5000000094
2026-09-11,128278,Radhuni Coriander Powder 200gm,200 g,200.0,g,110.0,,,DSP03329,Daily Shopping,spice-herb,spice-herb,,5.0,https://othoba.com/radhuni-coriander-powder-200gm-5000000095
2026-09-11,128279,Radhuni Cumin Powder 100gm,100 g,100.0,g,160.0,,,DSP03330,Daily Shopping,spice-herb,spice-herb,,5.0,https://othoba.com/radhuni-cumin-powder-100gm-5000000097
2026-09-11,128281,Radhuni Cumin Powder 200gm,200 g,200.0,g,310.0,,,DSP03331,Daily Shopping,spice-herb,spice-herb,,5.0,https://othoba.com/radhuni-cumin-powder-200gm-5000000098
2026-09-11,128287,Kazi Farms Chicken Seafood Tofu 250gm,250 g,250.0,g,270.0,,,DSP03332,Daily Shopping,breakfast-products,breakfast-products,,5.0,https://othoba.com/kazi-farms-chicken-seafood-tofu-250gm-dsp03332
2026-09-11,128300,Kazi Farms Chicken Keema paratha 250gm,250 g,250.0,g,150.0,,,DSP03333,Daily Shopping,bakery-breakfast,bakery-breakfast,,5.0,https://othoba.com/kazi-farms-chicken-keema-paratha-250gm-dsp03333
2026-09-11,128302,Kazi Farms Aloo Puri 450gm,450 g,450.0,g,130.0,,,DSP03334,Daily Shopping,breakfast-products,breakfast-products,,5.0,https://othoba.com/kazi-farms-aloo-puri-450gm-dsp03334
2026-09-11,128304,Kazi Farms Plain Parata Regular 325gm,325 g,325.0,g,80.0,,,DSP03335,Daily Shopping,bakery-breakfast,bakery-breakfast,,5.0,https://othoba.com/kazi-farms-plain-parata-regular-325gm-5500000648
2026-09-11,128305,Kazi Farms Plain Parata Family 1300gm,1300 g,1300.0,g,265.0,,,DSP03336,Daily Shopping,breakfast-products,breakfast-products,,0.0,https://othoba.com/kazi-farms-plain-parata-family-1300gm-5500000649
2026-09-11,128306,Kazi Farms Chicken Samosa 250gm,250 g,250.0,g,220.0,,,DSP03337,Daily Shopping,breakfast-products,breakfast-products,,5.0,https://othoba.com/kazi-farms-chicken-samosa-250gm-5500000662
2026-09-11,128307,Kazi Farms Dal Puri 450gm,450 g,450.0,g,170.0,,,DSP03338,Daily Shopping,breakfast-products,breakfast-products,,0.0,https://othoba.com/kazi-farms-dal-puri-450gm
2026-09-11,128313,Kazi Farms Vegetable Spring Roll 400gm,400 g,400.0,g,130.0,,,DSP03339,Daily Shopping,breakfast-products,breakfast-products,,0.0,https://othoba.com/kazi-farms-vegetable-spring-roll-400gm
2026-09-11,128317,Kazi Farms Vegetable Samosa 400gm,400 g,400.0,g,130.0,,,DSP03340,Daily Shopping,breakfast-products,breakfast-products,,5.0,https://othoba.com/kazi-farms-vegetable-samosa-400gm
2026-09-11,128322,Kazi Farms Chicken Teasers 250gm,250 g,250.0,g,180.0,,,DSP03341,Daily Shopping,breakfast-products,breakfast-products,,5.0,https://othoba.com/kazi-farms-chicken-teasers-250gm
2026-09-11,128325,Kazi Farms Chicken Cutlet 200gm,200 g,200.0,g,165.0,,,DSP03342,Daily Shopping,breakfast-products,breakfast-products,,5.0,https://othoba.com/kazi-farms-chicken-cutlet-200gm-5500000642
2026-09-11,128337,Kazi Farms Chicken Burger Petty 200gm,200 g,200.0,g,160.0,,,DSP03343,Daily Shopping,breakfast-products,breakfast-products,,5.0,https://othoba.com/kazi-farms-chicken-burger-petty-200gm
2026-09-11,128339,Radhuni Panchforan Powder 50gm,50 g,50.0,g,30.0,,,DSP03344,Daily Shopping,spice-herb,spice-herb,,5.0,https://othoba.com/radhuni-panchforan-powder-50gm
2026-09-11,128415,Radhuni Chatpati Masala 50gm,50 g,50.0,g,50.0,,,DSP03345,Daily Shopping,spice-herb,spice-herb,,5.0,https://othoba.com/radhuni-chatpati-masala-50gm-dsp03345
2026-09-11,128442,Radhuni Kabab Masala 50gm,50 g,50.0,g,100.0,,,DSP03346,Daily Shopping,spice-herb,spice-herb,,5.0,https://othoba.com/radhuni-kabab-masala-50gm-dsp03346
2026-09-11,128475,Radhuni Borhani Masala 50gm,50 g,50.0,g,40.0,,,DSP03347,Daily Shopping,spice-herb,spice-herb,,5.0,https://othoba.com/radhuni-borhani-masala-50gm-dsp03347
2026-09-11,128524,Radhuni Chicken Tandoori Masala 50gm,50 g,50.0,g,80.0,,,DSP03348,Daily Shopping,spice-herb,spice-herb,,5.0,https://othoba.com/radhuni-chicken-tandoori-masala-50gm-5000000106
2026-09-11,128546,Radhuni Meat Curry Masala 20gm,20 g,20.0,g,20.0,,,DSP03349,Daily Shopping,spice-herb,spice-herb,,5.0,https://othoba.com/radhuni-meat-curry-masala-20gm-5000000107
2026-09-11,128649,Radhuni Meat Curry Masala 100 gm,100 g,100.0,g,95.0,,,DSP03350,Daily Shopping,spice-herb,spice-herb,,5.0,https://othoba.com/radhuni-meat-curry-masala-100-gm-dsp03350
2026-09-11,128685,Radhuni Roast Masala 35 gm,35 g,35.0,g,65.0,,,DSP03351,Daily Shopping,spice-herb,spice-herb,,5.0,https://othoba.com/radhuni-roast-masala-35-gm-5000000111
2026-09-11,128873,Radhuni Kachchi Biryani Msala 40gm,40 g,40.0,g,70.0,,,DSP03352,Daily Shopping,spice-herb,spice-herb,,5.0,https://othoba.com/radhuni-kachchi-biryani-msala-40gm
2026-09-11,128874,Radhuni Khichuri Mix 500 gm,500 g,500.0,g,150.0,,,DSP03353,Daily Shopping,ready-mix,ready-mix,,5.0,https://othoba.com/radhuni-khichuri-mix-500-gm-5000000113
2026-09-11,128876,Radhuni Haleem Mix 200gm,200 g,200.0,g,70.0,,,DSP03354,Daily Shopping,ready-mix,ready-mix,,5.0,https://othoba.com/radhuni-haleem-mix-200gm-5000000115
2026-09-11,128878,Radhuni Tehari Masala 40gm,40 g,40.0,g,55.0,,,DSP03355,Daily Shopping,spice-herb,spice-herb,,5.0,https://othoba.com/radhuni-tehari-masala-40gm-5000000235
2026-09-11,128879,Radhuni Chicken Masala 100gm,100 g,100.0,g,95.0,,,DSP03356,Daily Shopping,spice-herb,spice-herb,,5.0,https://othoba.com/radhuni-chicken-masala-100gm-5000000496
2026-09-11,128880,Radhuni Mejbani Beef Masala  68gm,68 g,68.0,g,100.0,,,DSP03357,Daily Shopping,spice-herb,spice-herb,,5.0,https://othoba.com/radhuni-mejbani-beef-masala-68gm-5000000497
2026-09-11,128882,Radhuni Hyderabadi Biryani Msala  45 gm,45 g,45.0,g,90.0,,,DSP03358,Daily Shopping,spice-herb,spice-herb,,5.0,https://othoba.com/radhuni-hyderabadi-biryani-msala-45-gm
2026-09-11,131306,Clariss Natural Honey: 125gm Octagonal Glass Bottle,125 g,125.0,g,199.0,,,DSP03359,Daily Shopping,bakery-breakfast,bakery-breakfast,,0.0,https://othoba.com/clariss-natural-honey-125gm-octagonal-glass-bottle
2026-09-11,131402,Clariss Natural Honey: 250gm Octagonal Glass Bottle,250 g,250.0,g,199.0,,,DSP03360,Daily Shopping,bakery-breakfast,bakery-breakfast,,0.0,https://othoba.com/clariss-natural-honey-250gm-octagonal-glass-bottle
2026-09-11,133966,Pran Potata Spicy 50 gm Biscuit,50 g,50.0,g,16.0,,,DLP00170,DLLECP,biscuites-toast,biscuites-toast,,0.0,https://othoba.com/pran-potata-spicy-50-gm-biscuit-dlp00170
2026-09-11,136142,Jhatpot Paratha Low Fat 40 Pcs (Combo Pack),40 pcs,40.0,pcs,380.0,,,DSP03362,Daily Shopping,bakery-breakfast,bakery-breakfast,,0.0,https://othoba.com/jhatpot-paratha-low-fat-20-pcs-pack-2pcs
2026-09-11,136499,PRAN Chinigura Premium Rice 2kg,2 kg,2.0,kg,228.0,,,DLP00193,DLLECP,daily-cooking,daily-cooking,,0.0,https://othoba.com/pran-chinigura-premium-rice-2kg-2
2026-09-11,139695,DS Garden Fresh Amropali Mango 1kg,1 kg,1.0,kg,140.0,,,DSP03363,Daily Shopping,fruits-vegetable,fruits-vegetable,,5.0,https://othoba.com/ds-garden-fresh-amropali-mango-1kg
2026-09-11,139696,DS Garden Fresh Himshagor Mango Per kg,,,,115.0,,,DSP03364,Daily Shopping,fruits-vegetable,fruits-vegetable,,5.0,https://othoba.com/ds-garden-fresh-himshagor-mango-per-kg
2026-09-11,151730,Jhatpot Paratha Low Fat 20 Pcs 2 Pack,2 pack,2.0,pack,420.0,,,DSP03366,Daily Shopping,bakery-breakfast,bakery-breakfast,,0.0,https://othoba.com/jhatpot-paratha-low-fat-20-pcs-2-pack
2026-09-11,167211,Porota 20 pc,20 pcs,20.0,pcs,260.0,,,PGC00001,Panguchi NC,bakery-breakfast,bakery-breakfast,17.0,5.0,https://othoba.com/porota-20-pc-167211
2026-09-11,167228,Butter Chicken Masala,,,,250.0,,,PGC00018,Panguchi NC,spice-herb,spice-herb,25.0,5.0,https://othoba.com/butter-chicken-masala-167228
2026-09-11,167237,লাল কুসুমের ডিম,,,,155.0,,,PGC00027,Panguchi NC,eggs-2,eggs-2,18.0,5.0,https://othoba.com/lal-kushom-dim-167237
2026-09-11,168221,All Time Croissant (Chocolate Filled) 55gm,55 g,55.0,g,30.0,,,DSP03374,Daily Shopping,chocolate-candy,chocolate-candy,,5.0,https://othoba.com/all-time-croissant-chocolate-filled-55gm
2026-09-11,168397,Vegetable Red Amaranth (লাল শাক) Two Bundle,,,,20.0,,,DSP03382,Daily Shopping,fruits-vegetable,fruits-vegetable,,5.0,https://othoba.com/vegetable-red-amaranth-%E0%A6%B2%E0%A6%B2-%E0%A6%B6%E0%A6%95-two-bundle
2026-09-11,168562,Hilsha Fish (ইলিশ) 500gm Plus Pair,500 g,500.0,g,950.0,,,DSP03383,Daily Shopping,meat-fish,meat-fish,,5.0,https://othoba.com/hilsha-fish-500gm-plus-pair
2026-09-11,168563,Amra (আমড়া) Hog Plum 6 Pcs,6 pcs,6.0,pcs,35.0,,,DSP03384,Daily Shopping,fruits-vegetable,fruits-vegetable,,5.0,https://othoba.com/amra-%E0%A6%86%E0%A6%AE%E0%A7%9C-hog-plum-6-pcs
2026-09-11,169029,Chicken Sausage 340 gm Jhatpat Plain Paratha 1600gm Jhatpot Chicken Lollipop 400g Combo,400 g,400.0,g,860.0,,,DSP03385,Daily Shopping,bakery-breakfast,bakery-breakfast,,0.0,https://othoba.com/chicken-sausage-340-gm-jhatpat-plain-paratha-1600gm-jhatpot-chicken-lollipop-400g-combo
2026-09-11,169045,M.T Paper pack Roast Masala-35g & M.T. Meat masala mix 100 g Combo,100 g,100.0,g,125.0,,,DSP03386,Daily Shopping,ready-mix,ready-mix,,5.0,https://othoba.com/mt-paper-pack-roast-masala-35g-mt-meat-masala-mix-100-g-combo
2026-09-11,170117,Kotbell (কদবেল) Per Pair,,,,50.0,,,DSP03388,Daily Shopping,fruits-vegetable,fruits-vegetable,,5.0,https://othoba.com/kotbell-per-pair
2026-09-11,170548,Black Pepper 50 gm,50 g,50.0,g,120.0,,,GAG00001,Green Agrotech Grocery (Pvt.) Limited,spice-herb,spice-herb,50.0,5.0,https://othoba.com/black-pepper-170548
2026-09-11,170549,Green Cardamom 50 gm,50 g,50.0,g,250.0,,,GAG00002,Green Agrotech Grocery (Pvt.) Limited,spice-herb,spice-herb,18.0,5.0,https://othoba.com/green-cardamom-170549
2026-09-11,170550,Clove 50 gm,50 g,50.0,g,110.0,,,GAG00003,Green Agrotech Grocery (Pvt.) Limited,spice-herb,spice-herb,49.0,5.0,https://othoba.com/clove-170550
2026-09-11,170553,Dry Grape Raisin 120 gm,120 g,120.0,g,165.0,,,GAG00006,Green Agrotech Grocery (Pvt.) Limited,spice-herb,spice-herb,50.0,5.0,https://othoba.com/dry-grape-raisin-170553
2026-09-11,170555,Pumpkin Seed 110 gm,110 g,110.0,g,265.0,,,GAG00008,Green Agrotech Grocery (Pvt.) Limited,spice-herb,spice-herb,45.0,5.0,https://othoba.com/pumpkin-seed-170555
2026-09-11,170556,Roasted Cashew Nut 100 gm,100 g,100.0,g,250.0,,,GAG00009,Green Agrotech Grocery (Pvt.) Limited,spice-herb,spice-herb,56.0,5.0,https://othoba.com/roasted-cashew-nut-170556
2026-09-11,170557,Green Grocery Special Masala Tea (80gm),80 g,80.0,g,320.0,,,GAG00010,Green Agrotech Grocery (Pvt.) Limited,spice-herb,spice-herb,38.0,5.0,https://othoba.com/masala-tea-170557
2026-09-11,170649,Captain Granola (Gulamelaka & Coconut) 250g Pouch,250 g,250.0,g,649.0,,,RMT00004,Roadmap Market Expansion Ltd,bakery-breakfast,bakery-breakfast,8.0,5.0,https://othoba.com/captain-granola-gulamelaka-coconut-250g-pouch
2026-09-11,170651,Captain Granola (Strawberry Youghurt) 250g Pouch,250 g,250.0,g,649.0,,,RMT00006,Roadmap Market Expansion Ltd,bakery-breakfast,bakery-breakfast,47.0,5.0,https://othoba.com/captain-granola-strawberry-youghurt-250g-pouch
2026-09-11,170749,Green Grocery Tulshimala Polao Rice (5Kg),5 kg,5.0,kg,760.0,,,GAG00011,Green Agrotech Grocery (Pvt.) Limited,daily-cooking,daily-cooking,39.0,5.0,https://othoba.com/tulsimala-rice-5-kg-170749
2026-09-11,170750,Green Grocery Tulshimala Polao Rice (1Kg),1 kg,1.0,kg,160.0,,,GAG00012,Green Agrotech Grocery (Pvt.) Limited,daily-cooking,daily-cooking,72.0,5.0,https://othoba.com/tulsimala-rice-1-kg-170750
2026-09-11,170753,Green Grocery Turmeric Powder (100gm),100 g,100.0,g,70.0,,,GAG00015,Green Agrotech Grocery (Pvt.) Limited,spice-herb,spice-herb,20.0,5.0,https://othoba.com/turmeric-powder100gm-170753
2026-09-11,170754,Green Grocery Turmeric Powder (250gm),250 g,250.0,g,140.0,,,GAG00016,Green Agrotech Grocery (Pvt.) Limited,spice-herb,spice-herb,29.0,5.0,https://othoba.com/turmeric-powder250gm-170754
2026-09-11,170755,Green Grocery Red Chili Powder (100gm),100 g,100.0,g,85.0,,,GAG00017,Green Agrotech Grocery (Pvt.) Limited,spice-herb,spice-herb,50.0,5.0,https://othoba.com/red-chili-powder-100gm-170755
2026-09-11,170756,Green Grocery Red Chili Powder (250gm),250 g,250.0,g,160.0,,,GAG00018,Green Agrotech Grocery (Pvt.) Limited,spice-herb,spice-herb,22.0,5.0,https://othoba.com/red-chili-powder-250gm-170756
2026-09-11,170757,Mustard Flower Honey 250 gm,250 g,250.0,g,250.0,,,GAG00019,Green Agrotech Grocery (Pvt.) Limited,bakery-breakfast,bakery-breakfast,27.0,5.0,https://othoba.com/mustard-flower-honey-250-gm-170757
2026-09-11,170758,Green Grocery Coriander Powder (100gm),100 g,100.0,g,65.0,,,GAG00020,Green Agrotech Grocery (Pvt.) Limited,spice-herb,spice-herb,49.0,5.0,https://othoba.com/coriender-powder100gm-170758
2026-09-11,170759,Green Grocery Coriander Powder (250gm),250 g,250.0,g,130.0,,,GAG00021,Green Agrotech Grocery (Pvt.) Limited,spice-herb,spice-herb,50.0,5.0,https://othoba.com/coriender-powder250gm-170759
2026-09-11,171958,Amra (আমড়া) Hog Plum 4 Pcs Combo,4 pcs,4.0,pcs,39.0,45.0,13.33,DSP03395,Daily Shopping,fruits-vegetable,fruits-vegetable,,5.0,https://othoba.com/amra-%E0%A6%86%E0%A6%AE%E0%A7%9C-hog-plum-4-pcs-combo
2026-09-11,172245,Pangash Fish (পাঙ্গাশ মাছ) 2-3 kg Per Pc Before Cutting,3 kg,3.0,kg,498.0,,,DSP03396,Daily Shopping,meat-fish,meat-fish,,5.0,https://othoba.com/pangash-fish-%E0%A6%AA%E0%A6%99%E0%A6%97%E0%A6%B6-%E0%A6%AE%E0%A6%9B-2-3-kgper-pc-before-cutting
2026-09-11,173469,Jhatpot Paratha Low Fat 20 Pcs 2 Pack,2 pack,2.0,pack,500.0,,,DSP03397,Daily Shopping,bakery-breakfast,bakery-breakfast,210.0,0.0,https://othoba.com/jhatpot-paratha-low-fat-20-pcs-2-pack-dsp03397
2026-09-11,173523,PRAN Jhatpot Tandoori Nan 425gm,425 g,425.0,g,120.0,,,DSP03398,Daily Shopping,breakfast-products,breakfast-products,,5.0,https://othoba.com/pran-jhatpot-tandoori-nan-425gm-and
2026-09-11,173524,PRAN Jhatpot Chicken Shami Kabab 250gm,250 g,250.0,g,260.0,,,DSP03399,Daily Shopping,breakfast-products,breakfast-products,,5.0,https://othoba.com/pran-jhatpot-chicken-shami-kabab-250gm
2026-09-11,174457,PRAN Ruti chapati and Chicken Shami Kabab 250gm Combo,250 g,250.0,g,385.0,,,DSP03401,Daily Shopping,local-snacks,local-snacks,,5.0,https://othoba.com/pran-ruti-chapati-and-chicken-shami-kabab-250gm-combo
2026-09-11,174717,Pusti Mustard Oil 500ml,500 ml,500.0,ml,175.0,,,DSP03409,Daily Shopping,daily-cooking,daily-cooking,,5.0,https://othoba.com/pusti-mustard-oil-500ml
2026-09-11,174718,Pusti Aromatic (Chinigura) Rice 1Kg,1 kg,1.0,kg,190.0,,,DSP03410,Daily Shopping,daily-cooking,daily-cooking,,2.3,https://othoba.com/pusti-aromatic-chinigura-rice-1kg
2026-09-11,175512,PRAN Full Cream Milk Powder 1kg,1 kg,1.0,kg,759.0,925.0,17.95,OEX00251,Othoba Exclusive,milk-3,milk-3,,4.8,https://othoba.com/pran-full-cream-milk-powder-1kg
2026-09-11,175661,PRAN Mustard Oil 2000ml,2000 ml,2000.0,ml,655.0,,,DSP03418,Daily Shopping,daily-cooking,daily-cooking,,5.0,https://othoba.com/pran-mustard-oil-2000ml
2026-09-11,175663,RTE Egg Fried Rice 300gmX12 Pcs,12 pcs,12.0,pcs,150.0,,,DSP03420,Daily Shopping,daily-cooking,daily-cooking,,5.0,https://othoba.com/rte-egg-fried-rice-300gmx12-pcs
2026-09-11,176128,PRAN Potata Spicy Biscuit 50gm,50 g,50.0,g,20.0,,,DSP03424,Daily Shopping,biscuit-cookies,biscuit-cookies,,5.0,https://othoba.com/pran-potata-spicy-biscuit-50gm
2026-09-11,177719,Jhatpot Paratha Low Fat 20 Pcs 2 Pack,2 pack,2.0,pack,500.0,,,DSP03425,Daily Shopping,bakery-breakfast,bakery-breakfast,,5.0,https://othoba.com/jhatpot-paratha-low-fat-20-pcs-2-pack-3
2026-09-11,178304,Karkuma Organic Honey 400g,400 g,400.0,g,618.0,750.0,17.6,ONL00006,ORGANIC NUTRITION LIMITED.,bakery-breakfast,bakery-breakfast,14.0,5.0,https://othoba.com/karkuma-organic-honey-400g
2026-09-11,178305,Karkuma Organic Honey 300g,300 g,300.0,g,470.0,570.0,17.54,ONL00007,ORGANIC NUTRITION LIMITED.,bakery-breakfast,bakery-breakfast,29.0,5.0,https://othoba.com/karkuma-organic-honey-300g
2026-09-11,178877,PRAN Coffee Candy Cane,,,,150.0,,,DSP03437,Daily Shopping,chocolate-candy,chocolate-candy,,5.0,https://othoba.com/pran-coffee-candy-cane
2026-09-11,178878,PRAN Henmans Candy Butter Scotch 250gm,250 g,250.0,g,140.0,,,DSP03438,Daily Shopping,chocolate-candy,chocolate-candy,,5.0,https://othoba.com/pran-henmans-candy-butter-scotch-250gm
2026-09-11,178879,PRAN Henmans Candy Eucalyptus & Honey 250gm,250 g,250.0,g,140.0,,,DSP03439,Daily Shopping,chocolate-candy,chocolate-candy,,3.5,https://othoba.com/pran-henmans-candy-eucalyptus-honey-250gm
2026-09-11,178908,Vegetable Spinach (পালংশাক) Per pair,,,,20.0,,,DSP03441,Daily Shopping,fruits-vegetable,fruits-vegetable,,5.0,https://othoba.com/vegetable-spinach-%E0%A6%AA%E0%A6%B2%E0%A6%B6%E0%A6%95-per-pair
2026-09-11,179536,Cadbury 5 Star 40 ±3gm,3 g,3.0,g,70.0,,,DSP03442,Daily Shopping,chocolate-candy,chocolate-candy,,5.0,https://othoba.com/cadbury-5-star-40-3gm
2026-09-11,179537,Cadbury Dairy Milk Fruit& Nut 36 ±3gm,3 g,3.0,g,100.0,,,DSP03443,Daily Shopping,chocolate-candy,chocolate-candy,,5.0,https://othoba.com/cadbury-dairy-milk-fruit-nut-36-3gm
2026-09-11,179538,Cadbury Dairy Milk Roast Almond 36 ±3gm,3 g,3.0,g,190.0,,,DSP03444,Daily Shopping,chocolate-candy,chocolate-candy,,5.0,https://othoba.com/cadbury-dairy-milk-roast-almond-36-3gm
2026-09-11,179539,Cadbury Dairy Milk Silk Hazelnut 58 ±3gm,3 g,3.0,g,170.0,,,DSP03445,Daily Shopping,chocolate-candy,chocolate-candy,,5.0,https://othoba.com/cadbury-dairy-milk-silk-hazelnut-58-3gm
2026-09-11,179540,Cadbury Fuse 27 ±3gm,3 g,3.0,g,85.0,,,DSP03446,Daily Shopping,chocolate-candy,chocolate-candy,,5.0,https://othoba.com/cadbury-fuse-27-3gm
2026-09-11,179541,Cadbury Fuse 50 ±3gm,3 g,3.0,g,160.0,,,DSP03447,Daily Shopping,chocolate-candy,chocolate-candy,,5.0,https://othoba.com/cadbury-fuse-50-3gm
2026-09-11,179704,PRAN Treat Milky Bar 15gm 3 PCS Combo,3 pcs,3.0,pcs,30.0,,,DSP03448,Daily Shopping,chocolate-candy,chocolate-candy,,0.0,https://othoba.com/pran-treat-milky-bar-15gm-3-pcs-combo
2026-09-11,179705,PRAN Cup Noodles Magic Masala 40gm 3 PCS combo,3 pcs,3.0,pcs,90.0,,,DSP03449,Daily Shopping,noodles,noodles,,5.0,https://othoba.com/pran-cup-noodles-magic-masala-40gm-3-pcs-combo
2026-09-11,179706,PRAN Chocolord Umbrella 25gm 2 Pcs Combo,2 pcs,2.0,pcs,60.0,,,DSP03450,Daily Shopping,chocolate-candy,chocolate-candy,,5.0,https://othoba.com/pran-chocolord-umbrella-25gm-2-pcs-combo
2026-09-11,180044,Green Grocery Handmade Puffed Rice 500gm,500 g,500.0,g,110.0,,,GAG00022,Green Agrotech Grocery (Pvt.) Limited,daily-cooking,daily-cooking,29.0,5.0,https://othoba.com/green-grocery-handmade-puffed-rice-500gm
2026-09-11,180045,Green Grocery Rice Flour 1kg,1 kg,1.0,kg,130.0,,,GAG00023,Green Agrotech Grocery (Pvt.) Limited,daily-cooking,daily-cooking,12.0,5.0,https://othoba.com/green-grocery-rice-flour-1kg
2026-09-11,180046,Green Grocery Black Seed Honey 250gm,250 g,250.0,g,465.0,,,GAG00024,Green Agrotech Grocery (Pvt.) Limited,bakery-breakfast,bakery-breakfast,25.0,5.0,https://othoba.com/green-grocery-black-seed-honey-250gm
2026-09-11,180047,Green Grocery Brown Flour (2Kg),2 kg,2.0,kg,165.0,,,GAG00025,Green Agrotech Grocery (Pvt.) Limited,daily-cooking,daily-cooking,7.0,5.0,https://othoba.com/green-grocery-brown-flour-2kg
2026-09-11,180049,Green Grocery Patali Gur,,,,400.0,,,GAG00027,Green Agrotech Grocery (Pvt.) Limited,salt-sugar,salt-sugar,17.0,5.0,https://othoba.com/green-grocery-patali-gur
2026-09-11,180050,Green Grocery Secret Tehari Masala (50gm),50 g,50.0,g,165.0,,,GAG00028,Green Agrotech Grocery (Pvt.) Limited,spice-herb,spice-herb,36.0,5.0,https://othoba.com/green-grocery-secret-tehari-masala-50gm
2026-09-11,180051,Green Grocery Secret Roast Masala (50gm),50 g,50.0,g,124.0,,,GAG00029,Green Agrotech Grocery (Pvt.) Limited,spice-herb,spice-herb,12.0,5.0,https://othoba.com/green-grocery-secret-roast-masala-50gm
2026-09-11,180052,Green Grocery Secret Kacchi Masala (50Gm),50 g,50.0,g,165.0,,,GAG00030,Green Agrotech Grocery (Pvt.) Limited,spice-herb,spice-herb,48.0,5.0,https://othoba.com/green-grocery-secret-kacchi-masala-50gm
2026-09-11,180053,Green Grocery Secret Kabab Masala (50gm),50 g,50.0,g,155.0,,,GAG00031,Green Agrotech Grocery (Pvt.) Limited,spice-herb,spice-herb,18.0,5.0,https://othoba.com/green-grocery-secret-kabab-masala-50gm
2026-09-11,180054,Green Grocery Secret Beef Masala (50gm),50 g,50.0,g,155.0,,,GAG00032,Green Agrotech Grocery (Pvt.) Limited,spice-herb,spice-herb,41.0,5.0,https://othoba.com/green-grocery-secret-beef-masala-50gm
2026-09-11,180275,PRAN Crunchy Wafer (Milk) 150gm,150 g,150.0,g,75.0,,,DSP03451,Daily Shopping,chocolate-candy,chocolate-candy,,5.0,https://othoba.com/pran-crunchy-wafer-milk-150gm
2026-09-11,180276,PRAN Crunchy Wafer (Chocolate) 150gm,150 g,150.0,g,75.0,,,DSP03452,Daily Shopping,chocolate-candy,chocolate-candy,,5.0,https://othoba.com/pran-crunchy-wafer-chocolate-150gm
2026-09-11,180277,PRAN Crunchy Wafer (Orange) 150gm,150 g,150.0,g,75.0,,,DSP03453,Daily Shopping,chocolate-candy,chocolate-candy,,5.0,https://othoba.com/pran-crunchy-wafer-orange-150gm
2026-09-11,180278,PRAN Crunchy Wafer (Strawberry) 150gm,150 g,150.0,g,75.0,,,DSP03454,Daily Shopping,chocolate-candy,chocolate-candy,,5.0,https://othoba.com/pran-crunchy-wafer-strawberry-150gm
2026-09-11,180333,PRAN Treat Chocolate Family Pack 220gm,220 g,220.0,g,200.0,,,DSP03455,Daily Shopping,chocolate-candy,chocolate-candy,,5.0,https://othoba.com/pran-treat-chocolate-family-pack-220gm
2026-09-11,180799,Kabab Chini Powder (কাবাব চিনি গুড়া) 100Gm,100 g,100.0,g,531.0,590.0,10.0,ROS00012,Rongdhonu Corporations,ready-mix,ready-mix,34.0,5.0,https://othoba.com/kabab-chini-powder-100gm-180799
2026-09-11,180966,Supermilk Full Cream Milk Powder 1000gm,1000 g,1000.0,g,740.0,,,DSP03462,Daily Shopping,milk-3,milk-3,,5.0,https://othoba.com/super-milk-skimmed-milk-powder-1000gm
2026-09-11,180967,Supermilk Full Cream Milk Powder 500gm,500 g,500.0,g,375.0,,,DSP03463,Daily Shopping,milk-3,milk-3,,5.0,https://othoba.com/super-milk-skimmed-milk-powder-500gm
2026-09-11,181348,PRAN Dry Cake 300gm,300 g,300.0,g,150.0,,,DSP03467,Daily Shopping,biscuit-cookies,biscuit-cookies,,5.0,https://othoba.com/pran-dry-cake-300gm
2026-09-11,181349,All Time Dry Cake 300gm,300 g,300.0,g,150.0,,,DSP03468,Daily Shopping,biscuit-cookies,biscuit-cookies,,5.0,https://othoba.com/all-time-dry-cake-300gm
2026-09-11,182101,Treat Coffee Chocolate Bar 20gm Per Pcs,20 g,20.0,g,20.0,,,DSP03469,Daily Shopping,chocolate-candy,chocolate-candy,,5.0,https://othoba.com/treat-coffee-chocolate-bar-20gm-per-pcs
2026-09-11,182102,PRAN Gummies Candy Small Bucket 200 gm,200 g,200.0,g,2.0,,,DSP03470,Daily Shopping,chocolate-candy,chocolate-candy,,5.0,https://othoba.com/pran-gummies-candy-small-bucket-200-gm
2026-09-11,182103,Treat Eclair Gift box 120gm,120 g,120.0,g,90.0,,,DSP03471,Daily Shopping,chocolate-candy,chocolate-candy,,5.0,https://othoba.com/treat-eclair-gift-box-120gm
2026-09-11,182107,PRAN Chocolord Car Toy 70gm,70 g,70.0,g,95.0,,,DSP03472,Daily Shopping,chocolate-candy,chocolate-candy,,5.0,https://othoba.com/pran-chocolord-car-toy-70gm
2026-09-11,182108,Treat Yummy Mini Love Box 68gm,68 g,68.0,g,90.0,,,DSP03473,Daily Shopping,chocolate-candy,chocolate-candy,,5.0,https://othoba.com/treat-yummy-mini-love-box-68gm
2026-09-11,182109,Wonder Kids Panda & Dora Mia 36gm,36 g,36.0,g,100.0,,,DSP03474,Daily Shopping,chocolate-candy,chocolate-candy,,5.0,https://othoba.com/wonder-kids-panda-dora-mia-36gm
2026-09-11,182110,Premio Paradise 15gm,15 g,15.0,g,60.0,,,DSP03475,Daily Shopping,chocolate-candy,chocolate-candy,,5.0,https://othoba.com/premio-paradise-15gm
2026-09-11,182128,Loplop Large Egg with Toys,,,,100.0,,,DSP03476,Daily Shopping,chocolate-candy,chocolate-candy,,5.0,https://othoba.com/loplop-large-egg-with-toys
2026-09-11,182130,Humpty Dumty 20gm,20 g,20.0,g,50.0,,,DSP03478,Daily Shopping,chocolate-candy,chocolate-candy,,5.0,https://othoba.com/humpty-dumty-20gm
2026-09-11,182131,PRAN Chocolord Milk Bar 15gm,15 g,15.0,g,10.0,,,DSP03479,Daily Shopping,chocolate-candy,chocolate-candy,,5.0,https://othoba.com/pran-chocolord-milk-bar-15gm
2026-09-11,182132,Choco Peanut Bar 25gm 12 Pcs Box,12 pcs,12.0,pcs,240.0,,,DSP03480,Daily Shopping,chocolate-candy,chocolate-candy,,5.0,https://othoba.com/choco-peanut-bar-25gm-12-pcs-box
2026-09-11,182133,PRAN Chocolord Twist 30Pcs Assorted Gift Box,30 pcs,30.0,pcs,350.0,,,DSP03481,Daily Shopping,chocolate-candy,chocolate-candy,,5.0,https://othoba.com/pran-chocolord-twist-30pcs-assorted-gift-box
2026-09-11,182139,All Time ROMA Chocolate Fill Cookies (10 gm x 6Pcs ) 2 Pcs Combo,2 pcs,2.0,pcs,120.0,,,DSP03482,Daily Shopping,biscuit-cookies,biscuit-cookies,,5.0,https://othoba.com/all-time-roma-chocolate-fill-cookies-10-gm-x-6pcs-2-pcs
2026-09-11,182157,All Time Croissant (Chocolate Filled) 55gm  6 pcs,6 pcs,6.0,pcs,30.0,,,DSP03483,Daily Shopping,bakery-snacks,bakery-snacks,,0.0,https://othoba.com/all-time-croissant-chocolate-filled-55gm-6-pcs
2026-09-11,182158,All Time Croissant (Chocolate Filled) 55gm 6 Pcs,6 pcs,6.0,pcs,180.0,,,DSP03484,Daily Shopping,chocolate-candy,chocolate-candy,,5.0,https://othoba.com/all-time-croissant-chocolate-filled-55gm-6
2026-09-11,182202,Snikers Bar Chocolate 50gm,50 g,50.0,g,190.0,,,DSP03490,Daily Shopping,chocolate-candy,chocolate-candy,,5.0,https://othoba.com/snikers-bar-chocolate-50gm
2026-09-11,182204,M&M's Peanuts Chocolate 45gm,45 g,45.0,g,230.0,,,DSP03491,Daily Shopping,chocolate-candy,chocolate-candy,,5.0,https://othoba.com/mms-peanuts-chocolate-45gm
2026-09-11,182223,Snikers Bar Chocolate 50gm 2 Pcs,2 pcs,2.0,pcs,280.0,,,DSP03502,Daily Shopping,chocolate-candy,chocolate-candy,,5.0,https://othoba.com/snikers-bar-chocolate-50gm-2-pcs
2026-09-11,182224,M&M's Peanuts Chocolate 45gm 2 Pcs,2 pcs,2.0,pcs,460.0,,,DSP03503,Daily Shopping,chocolate-candy,chocolate-candy,,5.0,https://othoba.com/mms-peanuts-chocolate-45gm-2-pcs
2026-09-11,182246,All Time Bread 250gm,250 g,250.0,g,35.0,,,DSP03504,Daily Shopping,bakery-breakfast,bakery-breakfast,,3.0,https://othoba.com/all-time-bread-250gm
2026-09-11,182248,All Time Bread 150gm,150 g,150.0,g,25.0,,,DSP03505,Daily Shopping,bakery-breakfast,bakery-breakfast,,5.0,https://othoba.com/all-time-bread-150gm
2026-09-11,182249,All Time Ruti 175gm,175 g,175.0,g,25.0,,,DSP03506,Daily Shopping,bakery-breakfast,bakery-breakfast,,5.0,https://othoba.com/all-time-ruti-175gm-dsp03506
2026-09-11,182252,All Time Mothichur Laddu (08pcs),8 pcs,8.0,pcs,100.0,,,DSP03507,Daily Shopping,sweetmeat,sweetmeat,,5.0,https://othoba.com/all-time-mothichur-laddu-08pcs
2026-09-11,182253,ALL TIME Mega Ringo 60gm,60 g,60.0,g,10.0,,,DSP03508,Daily Shopping,bakery-breakfast,bakery-breakfast,,5.0,https://othoba.com/all-time-mega-ringo-60gm
2026-09-11,182254,Tasty Treat Butter Bun 100gm,100 g,100.0,g,40.0,,,DSP03509,Daily Shopping,bakery-breakfast,bakery-breakfast,,5.0,https://othoba.com/tasty-treat-butter-bun-100gm
2026-09-11,182255,All Time Cream Roll Vanilla 45gm,45 g,45.0,g,15.0,,,DSP03510,Daily Shopping,bakery-breakfast,bakery-breakfast,,5.0,https://othoba.com/all-time-cream-roll-vanilla-45gm
2026-09-11,182256,All Time Fruit Bun,,,,35.0,,,DSP03511,Daily Shopping,bakery-breakfast,bakery-breakfast,,0.0,https://othoba.com/all-time-fruit-bun-2
2026-09-11,182290,Vegetable Tomato Green (টমেটো) Per Kg,,,,43.0,,,DSP03512,Daily Shopping,fruits-vegetable,fruits-vegetable,,5.0,https://othoba.com/vegetable-tomato-green-per-kg
2026-09-11,182291,Vegetable Bit Root (বীট ) 1kg,1 kg,1.0,kg,55.0,,,DSP03513,Daily Shopping,fruits-vegetable,fruits-vegetable,,5.0,https://othoba.com/vegetable-bit-root-1kg-2
2026-09-11,182292,Vegetable Kola Mocha (কলার মোচা )Per Pieces,,,,45.0,,,DSP03514,Daily Shopping,fruits-vegetable,fruits-vegetable,,5.0,https://othoba.com/vegetable-kola-mocha-per-pieces
2026-09-11,182293,Vegetable Borboti (বরবটি ),,,,30.0,,,DSP03515,Daily Shopping,fruits-vegetable,fruits-vegetable,,5.0,https://othoba.com/vegetable-borboti
2026-09-11,182298,Igloo Almond Split 100ml,100 ml,100.0,ml,180.0,,,DSP03516,Daily Shopping,ice-cream,ice-cream,,5.0,https://othoba.com/igloo-almond-split-100ml
2026-09-11,182303,Igloo Vanila Cup 100ml,100 ml,100.0,ml,30.0,,,DSP03517,Daily Shopping,ice-cream,ice-cream,,5.0,https://othoba.com/igloo-vanila-cup-100ml
2026-09-11,182304,Igloo Macho 82ml,82 ml,82.0,ml,50.0,,,DSP03518,Daily Shopping,ice-cream,ice-cream,,5.0,https://othoba.com/igloo-macho-82ml
2026-09-11,182306,PRAN Oyster Sauce  280ml,280 ml,280.0,ml,280.0,,,DSP03519,Daily Shopping,sauces,sauces,,5.0,https://othoba.com/pran-oyster-sauce
2026-09-11,182307,PRAN BBQ Sauce 280gm,280 g,280.0,g,240.0,,,DSP03520,Daily Shopping,sauces,sauces,,5.0,https://othoba.com/pran-bbq-sauce-280gm
2026-09-11,182308,Pran Hot tomato Sauce 250gm,250 g,250.0,g,105.0,,,DSP03521,Daily Shopping,sauces,sauces,,5.0,https://othoba.com/pran-hot-tomato-sauce-250gm-5000000038
2026-09-11,182441,Cadbury Dairy Milk Silk Hazelnut 143 ±3gm,3 g,3.0,g,400.0,,,DSP03522,Daily Shopping,chocolate-candy,chocolate-candy,,5.0,https://othoba.com/cadbury-dairy-milk-silk-hazelnut-143-3gm
2026-09-11,182450,Divino Chocolate Little Love 180gm X 20box,180 g,180.0,g,250.0,,,DSP03523,Daily Shopping,chocolate-candy,chocolate-candy,,5.0,https://othoba.com/divino-chocolate-little-love-180gm-x-20box
2026-09-11,182451,PRAN Éclair Square Gift Box 185gm,185 g,185.0,g,120.0,140.0,14.29,DSP03524,Daily Shopping,chocolate-candy,chocolate-candy,,5.0,https://othoba.com/pran-%C3%A9clair-square-gift-box-185gm
2026-09-11,183390,Boroi ( বড়ই ) Bol Shundori Kul,,,,105.0,,,DSP03562,Daily Shopping,fruits-vegetable,fruits-vegetable,,0.0,https://othoba.com/boroi-bol-shundori-kul
2026-09-11,183391,Boroi ( বড়ই ) Apple Kul,,,,107.0,,,DSP03563,Daily Shopping,fruits-vegetable,fruits-vegetable,,0.0,https://othoba.com/boroi-%E0%A6%AC%E0%A7%9C%E0%A6%87-apple-kul
2026-09-11,184033,Vegetable Tomato (টমেটো) 1 KG,1 kg,1.0,kg,94.0,,,DSP03564,Daily Shopping,fruits-vegetable,fruits-vegetable,,5.0,https://othoba.com/tomato-2-kg
2026-09-11,184034,Vegetable Cucumber Highbred (শসা) 2 Kg,2 kg,2.0,kg,99.0,,,DSP03565,Daily Shopping,fruits-vegetable,fruits-vegetable,,0.0,https://othoba.com/vegetable-cucumber-highbred-2-kg
2026-09-11,184223,Wellchoco Heart Chocolate 62gm,62 g,62.0,g,260.0,,,DSP03579,Daily Shopping,chocolate-candy,chocolate-candy,,0.0,https://othoba.com/wellchoco-heart-chocolate-62gm
2026-09-11,184224,Wellchoco Heart Chocolate Gold 100gm,100 g,100.0,g,550.0,,,DSP03580,Daily Shopping,chocolate-candy,chocolate-candy,,0.0,https://othoba.com/wellchoco-heart-chocolate-gold-100gm
2026-09-11,184225,Wellchoco Heart Chocolate 150gm,150 g,150.0,g,840.0,,,DSP03581,Daily Shopping,chocolate-candy,chocolate-candy,,0.0,https://othoba.com/wellchoco-heart-chocolate-150gm
2026-09-11,184226,Wellchoco Double Decker Chocolate 100gm,100 g,100.0,g,550.0,,,DSP03582,Daily Shopping,chocolate-candy,chocolate-candy,,0.0,https://othoba.com/wellchoco-double-decker-chocolate-100gm
2026-09-11,184982,PRAN Miniket Zirashail 25kg Bag,25 kg,25.0,kg,2100.0,,,DSP03590,Daily Shopping,daily-cooking,daily-cooking,,0.0,https://othoba.com/pran-miniket-25kg-bag-3
2026-09-11,185292,PRAN Golap Jam 1kg Can,1 kg,1.0,kg,400.0,,,DSP03592,Daily Shopping,sweetmeat,sweetmeat,,0.0,https://othoba.com/pran-golap-jam-1kg-can
2026-09-11,185490,Pran Instant Poha 80g,80 g,80.0,g,65.0,,,DSP03593,Daily Shopping,bakery-breakfast,bakery-breakfast,,0.0,https://othoba.com/pran-instant-poha-80g
2026-09-11,185492,Pran Instant Khatta Mitha Poha 80gm,80 g,80.0,g,65.0,,,DSP03594,Daily Shopping,bakery-breakfast,bakery-breakfast,,0.0,https://othoba.com/pran-instant-khatta-mitha-poha-80g
2026-09-11,185495,Pran Instant Upma 80g,80 g,80.0,g,100.0,,,DSP03595,Daily Shopping,local-snacks,local-snacks,,0.0,https://othoba.com/pran-instant-upma-80g
2026-09-11,185497,Pran Instant Masala Upma 80g,80 g,80.0,g,100.0,,,DSP03596,Daily Shopping,local-snacks,local-snacks,,0.0,https://othoba.com/pran-instant-masala-upma-80g
2026-09-11,185499,Pran Instant Sugar Suji Halwa 100g,100 g,100.0,g,95.0,,,DSP03597,Daily Shopping,sweetmeat,sweetmeat,,0.0,https://othoba.com/pran-instant-sugar-suji-halwa-100g
2026-09-11,185501,Pran Instant Jaggery Suji Halwa 100g,100 g,100.0,g,110.0,,,DSP03598,Daily Shopping,sweetmeat,sweetmeat,,0.0,https://othoba.com/pran-instant-jaggery-suji-halwa-100g
2026-09-11,185503,PRAN Golapjam Mix 175gm P.Box,175 g,175.0,g,150.0,,,DSP03599,Daily Shopping,ready-mix,ready-mix,,0.0,https://othoba.com/pran-golapjam-mix-175gm-pbox
2026-09-11,185504,PRAN Golap Jam 1kg X 12 Can,1 kg,1.0,kg,400.0,,,Golap01,Daily Shopping,sweetmeat,sweetmeat,,0.0,https://othoba.com/pran-golap-jam-1kg-x-12-can
2026-09-11,185622,Kelloggs Froot Loops 285gm,285 g,285.0,g,570.0,,,DSP03601,Daily Shopping,chocolate-candy,chocolate-candy,,0.0,https://othoba.com/kelloggs-froot-loops-285gm-dsp03601
2026-09-11,185626,Sundrop Peanut Butter Creamy 462gm,462 g,462.0,g,620.0,,,DSP03602,Daily Shopping,bakery-breakfast,bakery-breakfast,,0.0,https://othoba.com/sundrop-peanut-butter-creamy-462gm
2026-09-11,185632,Sundrop Peanut Butter Crunchy 462gm,462 g,462.0,g,620.0,,,DSP03603,Daily Shopping,bakery-breakfast,bakery-breakfast,,0.0,https://othoba.com/sundrop-peanut-butter-crunchy-462gm
2026-09-11,185633,Munchys Funmix Assorted Biscuits 700gm,700 g,700.0,g,1400.0,,,DSP03604,Daily Shopping,biscuit-cookies,biscuit-cookies,,0.0,https://othoba.com/munchys-funmix-assorted-biscuits-700gm
2026-09-11,185634,Munchys Topmix Assorted Biscuits 700gm Tin,700 g,700.0,g,1500.0,,,DSP03605,Daily Shopping,biscuit-cookies,biscuit-cookies,,0.0,https://othoba.com/munchys-topmix-assorted-biscuits-700gm-tin
2026-09-11,186165,Spicy Fried Chicken  8 pcs,8 pcs,8.0,pcs,1080.0,,,FRB00068,Fry Bucket,local-snacks,local-snacks,38.0,0.0,https://othoba.com/spicy-soft-juicy-special-fried-chicken-8-pcs2-ribs-2-leg-2-thigh-2-breast-186165
2026-09-11,186166,Spicy Fried Chicken 12 pcs,12 pcs,12.0,pcs,1600.0,,,FRB00069,Fry Bucket,local-snacks,local-snacks,13.0,0.0,https://othoba.com/spicy-fried-chicken-12-pcs
2026-09-11,186169,Spicy & Juicy Chicken Wings  4pcs,4 pcs,4.0,pcs,160.0,,,FRB00072,Fry Bucket,local-snacks,local-snacks,,0.0,https://othoba.com/spicy-juicy-chicken-wings-4pcs-186169
2026-09-11,186170,Crispy Chicken Burger,,,,280.0,,,FRB00073,Fry Bucket,local-snacks,local-snacks,,0.0,https://othoba.com/crispy-chicken-burger-186170
2026-09-11,186171,Fry Bucket Special Burger,,,,335.0,,,FRB00074,Fry Bucket,local-snacks,local-snacks,,0.0,https://othoba.com/fry-bucket-special-burger-186171
2026-09-11,186173,Garlic Burger (regular),,,,280.0,,,FRB00076,Fry Bucket,local-snacks,local-snacks,,0.0,https://othoba.com/garlic-burger-regular-186173
2026-09-11,186174,Spicy Mustard Burger with Cheese,,,,335.0,,,FRB00077,Fry Bucket,local-snacks,local-snacks,,0.0,https://othoba.com/spicy-mustard-burger-186174
2026-09-11,186178,Garlic Wrap,,,,299.0,,,FRB00081,Fry Bucket,local-snacks,local-snacks,,0.0,https://othoba.com/garlic-wrap-186178
2026-09-11,186179,French Fry Regular (100g),100 g,100.0,g,120.0,,,FRB00082,Fry Bucket,local-snacks,local-snacks,,0.0,https://othoba.com/french-fry-regular-100g
2026-09-11,186180,Vegetable Fried Rice,,,,100.0,,,FRB00083,Fry Bucket,local-snacks,local-snacks,,0.0,https://othoba.com/vegetable-fried-rice-186180
2026-09-11,186181,Chicken Nuggets 6 pcs (Small),6 pcs,6.0,pcs,160.0,,,FRB00084,Fry Bucket,local-snacks,local-snacks,,0.0,https://othoba.com/chicken-nuggets-6-pcs-small
2026-09-11,186183,Coleslaw,,,,80.0,,,FRB00086,Fry Bucket,local-snacks,local-snacks,,0.0,https://othoba.com/coleslaw-186183
2026-09-11,186408,PRAN Plain Paratha (5Pcs) 400gm,400 g,400.0,g,85.0,,,DSP03614,Daily Shopping,bakery-breakfast,bakery-breakfast,15.0,0.0,https://othoba.com/pran-plain-paratha-5pcs-400gm
2026-09-11,186752,Pran Metro Chinigura 1kg,1 kg,1.0,kg,220.0,,,DSP03615,Daily Shopping,daily-cooking,daily-cooking,,0.0,https://othoba.com/metro-chinigura-1kg
2026-09-11,186756,PRAN Isabgul 20gm,20 g,20.0,g,50.0,,,DSP03616,Daily Shopping,food-additives,food-additives,,0.0,https://othoba.com/pran-isabgul-20gm
2026-09-11,186758,PRAN Isabgul - 25gm (2 pcs combo),2 pcs,2.0,pcs,90.0,,,DSP03617,Daily Shopping,food-additives,food-additives,,0.0,https://othoba.com/isabgul-25gm-108-pcs-2-pcs-combo
2026-09-11,186759,Metro Lachcha Semai 200 gm 2 Pcs Combo,2 pcs,2.0,pcs,100.0,,,DSP03618,Daily Shopping,vermicellies,vermicellies,,0.0,https://othoba.com/metro-lachcha-semai-200-gm-2-pcs-combo
2026-09-11,186760,PRAN Vermicelli 200gm 2 Pcs Combo,2 pcs,2.0,pcs,90.0,,,DSP03619,Daily Shopping,vermicellies,vermicellies,,0.0,https://othoba.com/pran-vermicelli-200gm-2-pcs-combo
2026-09-11,188598,Jhatpot Paratha Low Fat 20 Pcs Pack 2 Pcs Combo,2 pcs,2.0,pcs,500.0,,,DSP03621,Daily Shopping,bakery-breakfast,bakery-breakfast,176.0,0.0,https://othoba.com/jhatpot-paratha-low-fat-20-pcs-pack-2-pcs-combo
2026-09-11,188896,PRAN Hot Tomato Sauce 1000gm Stand-Up Pouch,1000 g,1000.0,g,260.0,,,DSP03623,Daily Shopping,sauces,sauces,,5.0,https://othoba.com/pran-hot-tomato-sauce-1000gm-stand-up-pouch
2026-09-11,188899,PRAN Sauce Tomato 500 g Stand-Up Pouch,500 g,500.0,g,140.0,,,DSP03624,Daily Shopping,sauces,sauces,,0.0,https://othoba.com/hts-500gm-stand-up-pouch
2026-09-11,189658,DS Chicken Broiler WO Skin Breast 1kg,1 kg,1.0,kg,550.0,,,DSP03625,Daily Shopping,meat-fish,meat-fish,,0.0,https://othoba.com/ds-chicken-broiler-wo-skin-brest-1kg
2026-09-11,189794,Crispy Chicken Wrap,,,,299.0,,,FRB00095,Fry Bucket,local-snacks,local-snacks,,0.0,https://othoba.com/crispy-chicken-wrap
2026-09-11,189795,Spicy Garlic Wrap,,,,299.0,,,FRB00096,Fry Bucket,local-snacks,local-snacks,,0.0,https://othoba.com/spicy-garlic-wrap
2026-09-11,189796,Spicy Mustard Wrap,,,,299.0,,,FRB00097,Fry Bucket,local-snacks,local-snacks,,0.0,https://othoba.com/spicy-mustard-wrap
2026-09-11,189798,Crispy Fired Chicken Per Pcs,,,,150.0,,,FRB00099,Fry Bucket,local-snacks,local-snacks,,0.0,https://othoba.com/crispy-fired-chicken-per-pcs
2026-09-11,189801,French Fry Large (100g),100 g,100.0,g,160.0,,,FRB00102,Fry Bucket,local-snacks,local-snacks,,0.0,https://othoba.com/french-fry-large-150g
2026-09-11,189829,Spicy Fried Chicken 4 pcs,4 pcs,4.0,pcs,550.0,,,FRB00109,Fry Bucket,local-snacks,local-snacks,,5.0,https://othoba.com/spicy-fried-chicken-4pcs
2026-09-11,190230,Ifad Kaju Delight Biscuit 220 gm 8 Pcs Combo,8 pcs,8.0,pcs,560.0,,,IFD00001,IFAD Multi Products Ltd.,biscuit-cookies,biscuit-cookies,8.0,0.0,https://othoba.com/ifad-kaju-delight-biscuit-220-gm-8-pcs-combo
2026-09-11,190231,Ifad Butter Delight Biscuit 220 gm 8 Pcs Combo,8 pcs,8.0,pcs,560.0,,,IFD00002,IFAD Multi Products Ltd.,biscuit-cookies,biscuit-cookies,40.0,0.0,https://othoba.com/ifad-butter-delight-biscuit-220-gm-8-pcs-combo
2026-09-11,190232,Ifad Dry Cake Biscuit 300 gm 3 Pcs Combo,3 pcs,3.0,pcs,480.0,,,IFD00003,IFAD Multi Products Ltd.,biscuit-cookies,biscuit-cookies,8.0,0.0,https://othoba.com/ifad-dry-cake-biscuit-300-gm-3-pcs-combo
2026-09-11,190233,Ifad Cheesy Bites Premium Cheese Crackers 12 Pack 180 gm 6 Pcs Combo,6 pcs,6.0,pcs,600.0,,,IFD00004,IFAD Multi Products Ltd.,biscuit-cookies,biscuit-cookies,22.0,0.0,https://othoba.com/ifad-cheesy-bites-premium-cheese-crackers-12-pack-180-gm-6-pcs-combo
2026-09-11,190234,Ifad Choco Delight Biscuit 220 gm 6 Pcs Combo,6 pcs,6.0,pcs,420.0,,,IFD00005,IFAD Multi Products Ltd.,biscuit-cookies,biscuit-cookies,15.0,0.0,https://othoba.com/ifad-choco-delight-biscuit-220-gm-6-pcs-combo
2026-09-11,190235,Ifad Nutri Bite Vegetable Crackers Biscuit 180 gm 6 Pcs Combo,6 pcs,6.0,pcs,600.0,,,IFD00006,IFAD Multi Products Ltd.,biscuit-cookies,biscuit-cookies,16.0,0.0,https://othoba.com/ifad-nutri-bite-vegetable-crackers-biscuit-180-gm-6-pcs-combo
2026-09-11,190236,Ifad Nankhatai  Bakery Biscuit 200 gm 6 Pcs Combo,6 pcs,6.0,pcs,600.0,,,IFD00007,IFAD Multi Products Ltd.,biscuit-cookies,biscuit-cookies,22.0,0.0,https://othoba.com/ifad-nankhatai-bakry-biscuit-200-gm-6-pcs-combo
2026-09-11,190237,Ifad Orange Delight Biscuit 160 gm  8 Pcs Combo,8 pcs,8.0,pcs,320.0,,,IFD00008,IFAD Multi Products Ltd.,biscuit-cookies,biscuit-cookies,29.0,0.0,https://othoba.com/ifad-orange-delight-biscuit-160-gm-8-pcs-combo
2026-09-11,190238,"Ifad Kaju, Butter & Choco Delight Biscuit (Free Orange Delight Biscuit 160 gm)",160 g,160.0,g,210.0,,,IFD00009,IFAD Multi Products Ltd.,biscuit-cookies,biscuit-cookies,30.0,0.0,https://othoba.com/ifad-kaju-butter-choco-delight-biscuit-free-orange-delight-biscuit-160-gm
2026-09-11,190257,Mr. Noodles Cup Noodles Magic Masala 40gm 3 Pc,3 pcs,3.0,pcs,90.0,,,DSP03627,Daily Shopping,noodles,noodles,62.0,0.0,https://othoba.com/mr-noodles-cup-noodles-magic-masala-40gm-3-pc
2026-09-11,190550,Pran Miniket Premium 50 Kg,50 kg,50.0,kg,4100.0,,,DSP03630,Daily Shopping,daily-cooking,daily-cooking,,0.0,https://othoba.com/pran-miniket-premium-50-kg
2026-09-11,190593,Mr. Noodles Korean Kimchi Ramen 8 Pcs Family Pack,8 pcs,8.0,pcs,220.0,,,DSP03631,Daily Shopping,noodles,noodles,,4.9,https://othoba.com/mr-noodles-8-pcs-korean-kimchi-ramen
2026-09-11,190809,Garden Fresh Green Mango 1kg,1 kg,1.0,kg,198.0,,,DSP03632,Daily Shopping,fruits-vegetable,fruits-vegetable,,2.5,https://othoba.com/garden-fresh-green-mango-1kg
2026-09-11,190825,Sofeda,,,,210.0,,,DSP03633,Daily Shopping,fruits-vegetable,fruits-vegetable,,0.0,https://othoba.com/sofeda-dsp03633
2026-09-11,190866,DS Garden Fresh Gobindobhog Mango 3 kg,3 kg,3.0,kg,315.0,,,DSP03635,Daily Shopping,fruits-vegetable,fruits-vegetable,,0.0,https://othoba.com/ds-garden-fresh-gobindobhog-mango-3-kg
2026-09-11,190869,Garden Fresh Himshagor Mango 3 kg+,3 kg,3.0,kg,432.0,,,DSP03636,Daily Shopping,fruits-vegetable,fruits-vegetable,,0.0,https://othoba.com/garden-fresh-himshagor-mango-3-kg
2026-09-11,194594,PRAN Green Chilli Sauce 340gm,340 g,340.0,g,140.0,,,DSP03643,Daily Shopping,sauces,sauces,,0.0,https://othoba.com/pran-green-chilli-sauce-340gm
2026-09-11,195659,Treat Chocolate Bar Uthsob Pack 55gm,55 g,55.0,g,60.0,,,DSP03644,Daily Shopping,chocolate-candy,chocolate-candy,,0.0,https://othoba.com/treat-chocolate-bar-uthsob-pack-55gm
2026-09-11,195830,PRAN Mango Flavored Milk 200ml 2 Pcs,2 pcs,2.0,pcs,50.0,,,DSP03645,Daily Shopping,liquid-milk,liquid-milk,,0.0,https://othoba.com/pran-mango-flavored-milk-200ml-2-pcs
2026-09-11,196237,2 Pack ALL Time Roma Cookies Family Pack,2 pack,2.0,pack,300.0,,,DSP03652,Daily Shopping,biscuit-cookies,biscuit-cookies,,5.0,https://othoba.com/2-pack-all-time-roma-cookies-family-pack
2026-09-11,196238,Shader Masala 4gm New 12 Pcs,12 pcs,12.0,pcs,60.0,,,DSP03653,Daily Shopping,spice-herb,spice-herb,,0.0,https://othoba.com/shader-masala-4gm-new-12-pcs
2026-09-11,196704,Dragon Fruit Local (Per Kg),,,,159.0,180.0,11.67,DSP03661,Daily Shopping,fruits-vegetable,fruits-vegetable,,0.0,https://othoba.com/dragon-fruit-local-per-kg
2026-09-11,197334,Jhatpot Chicken Nuggets 300gm 2 pcs Combo,2 pcs,2.0,pcs,440.0,,,DSP03663,Daily Shopping,breakfast-products,breakfast-products,,0.0,https://othoba.com/jhatpot-chicken-nuggets-300gm-2-pcs-combo
2026-09-11,197344,DS Garden Fresh Bari-4 Mango 1kg,1 kg,1.0,kg,240.0,,,DSP03664,Daily Shopping,fruits-vegetable,fruits-vegetable,,0.0,https://othoba.com/ds-garden-fresh-bari-4-mango-1kg
2026-09-11,197433,Bro Puffy Choco (14 box),,,,120.0,,,DSP03665,Daily Shopping,chocolate-candy,chocolate-candy,,0.0,https://othoba.com/bro-puffy-choco-14-box
2026-09-11,197434,Hurray Cone Wafer 4 PCS,4 pcs,4.0,pcs,80.0,,,DSP03666,Daily Shopping,chocolate-candy,chocolate-candy,,0.0,https://othoba.com/hurray-cone-wafer-20pcs-jar
2026-09-11,197435,PRAN Crunchy Wafer (Milk) 75gm,75 g,75.0,g,50.0,,,DSP03667,Daily Shopping,chocolate-candy,chocolate-candy,,0.0,https://othoba.com/pran-crunchy-wafer-milk-75gm
2026-09-11,197442,PRAN Crunchy Wafer (Chocolate) 75gm,75 g,75.0,g,50.0,,,DSP03668,Daily Shopping,chocolate-candy,chocolate-candy,,0.0,https://othoba.com/pran-crunchy-wafer-chocolate-75gm
2026-09-11,197443,PRAN Crunchy Wafer (Orange) 75gm,75 g,75.0,g,50.0,,,DSP03669,Daily Shopping,chocolate-candy,chocolate-candy,,0.0,https://othoba.com/pran-crunchy-wafer-orange-75gm
2026-09-11,197444,PRAN Crunchy Wafer (Strawberry) 75gm,75 g,75.0,g,50.0,,,DSP03670,Daily Shopping,chocolate-candy,chocolate-candy,,0.0,https://othoba.com/pran-crunchy-wafer-strawberry-75gm
2026-09-11,197454,Choco Bean Toffee- 40gm,40 g,40.0,g,30.0,,,DSP03671,Daily Shopping,chocolate-candy,chocolate-candy,,0.0,https://othoba.com/choco-bean-toffee-40gm
2026-09-11,197471,Treat Chocolate Family Pack 220gm,220 g,220.0,g,200.0,,,DSP03673,Daily Shopping,chocolate-candy,chocolate-candy,,0.0,https://othoba.com/treat-chocolate-family-pack-220gm-x-30box
2026-09-11,197472,Treat Chocolate Magic Box 342gm,342 g,342.0,g,350.0,,,DSP03674,Daily Shopping,chocolate-candy,chocolate-candy,,0.0,https://othoba.com/treat-chocolate-magic-box-342gm
2026-09-11,197473,NAPLES Orange Jam 400 Gm,400 g,400.0,g,230.0,,,DSP03675,Daily Shopping,bakery-breakfast,bakery-breakfast,,0.0,https://othoba.com/naples-orange-jam-400-gm
2026-09-11,197474,Pineapple Jam-500gm,500 g,500.0,g,150.0,,,DSP03676,Daily Shopping,bakery-breakfast,bakery-breakfast,,0.0,https://othoba.com/pineapple-jam-500gm
2026-09-11,197475,Mixed Fruit Jam,,,,150.0,,,DSP03677,Daily Shopping,bakery-breakfast,bakery-breakfast,,0.0,https://othoba.com/mixed-fruit-jam-2
2026-09-11,197476,Coriander Pickle 300 gm,300 g,300.0,g,150.0,,,DSP03678,Daily Shopping,bakery-breakfast,bakery-breakfast,,0.0,https://othoba.com/coriander-pickle-300-gm
2026-09-11,197613,Kelloggs Corn Flacks (Foil pack) 250gm,250 g,250.0,g,275.0,,,DSP03706,Daily Shopping,chocolate-candy,chocolate-candy,,0.0,https://othoba.com/kelloggs-corn-flacks-foil-pack-250gm
2026-09-11,197614,Sunfeast Bounce 30gm (B6G2 Free),30 g,30.0,g,250.0,,,DSP03707,Daily Shopping,biscuit-cookies,biscuit-cookies,,0.0,https://othoba.com/sunfeast-bounce-41gm
2026-09-11,197615,Ifad Eggy Instant Noodles Masala 200gm (B2G1 FREE),200 g,200.0,g,180.0,,,DSP03708,Daily Shopping,noodles,noodles,,0.0,https://othoba.com/ifad-eggy-instant-noodles-masala-200gm
2026-09-11,197616,Ifad Eggy Instant NoodlesMasala 400gm (B2G1 FREE),400 g,400.0,g,340.0,,,DSP03709,Daily Shopping,noodles,noodles,,0.0,https://othoba.com/ifad-eggy-instant-noodles-masala-400gm
2026-09-11,197617,Ifad Butter+Kaju+Choco Dlt 175gm Orange 140gm FREE,140 g,140.0,g,200.0,,,DSP03710,Daily Shopping,biscuit-cookies,biscuit-cookies,,0.0,https://othoba.com/ifad-butterkajuchoco-dlt-175gm-orange-140gm
2026-09-11,197618,Ifad Nutri Bite 180gm B2G1 Cheesy Bite 180gm FREE,180 g,180.0,g,200.0,,,DSP03711,Daily Shopping,biscuit-cookies,biscuit-cookies,,0.0,https://othoba.com/ifad-nutri-bite-180gm
2026-09-11,198170,NIDO Fortigrow Tin 2.5kg,2.5 kg,2.5,kg,3500.0,,,DSP03712,Daily Shopping,milk-3,milk-3,,0.0,https://othoba.com/nido-fortigrow-tin-25kg
2026-09-11,198171,BIOMIL 3 (400gm TIN),400 g,400.0,g,850.0,,,DSP03713,Daily Shopping,milk-3,milk-3,,0.0,https://othoba.com/biomil-3-400gm-tin
2026-09-11,198172,Nestle Koko Krunch Small 150gm,150 g,150.0,g,250.0,,,DSP03714,Daily Shopping,bakery-breakfast,bakery-breakfast,,0.0,https://othoba.com/nestle-koko-krunch-small-170gm
2026-09-11,198206,Goodlife Pasteurized Milk 1000ml,1000 ml,1000.0,ml,100.0,,,DSP03718,Daily Shopping,liquid-milk,liquid-milk,,4.5,https://othoba.com/goodlife-pasteurized-milk-1000ml
2026-09-11,200286,Choco Bean Toffee 40gm,40 g,40.0,g,35.0,,,DSP03755,Daily Shopping,chocolate-candy,chocolate-candy,,0.0,https://othoba.com/chocobean-tube-30-gm
2026-09-11,200884,PRAN Miniket Rice 10kg Bag​,10 kg,10.0,kg,900.0,930.0,3.23,DSP03758,Daily Shopping,daily-cooking,daily-cooking,,2.5,https://othoba.com/pran-miniket-rice-10kg-bag
2026-09-11,202157,PRAN Macaroni 200gm,200 g,200.0,g,45.0,,,DSP03820,Daily Shopping,macaroni,macaroni,,0.0,https://othoba.com/pran-macaroni-200gm
2026-09-11,202193,Kishwan Pasta Macaroni 400gm,400 g,400.0,g,75.0,,,DSP03821,Daily Shopping,macaroni,macaroni,,0.0,https://othoba.com/kishwan-pasta-macaroni-400gm
2026-09-11,202195,Kishwan Pasta Macaroni 200gm,200 g,200.0,g,40.0,,,DSP03822,Daily Shopping,macaroni,macaroni,,0.0,https://othoba.com/kishwan-pasta-macaroni-200gm
2026-09-11,202196,PRAN Jhatpot Low Fat Paratha 5pcs,5 pcs,5.0,pcs,70.0,,,DSP03823,Daily Shopping,bakery-breakfast,bakery-breakfast,70.0,0.0,https://othoba.com/pran-jhatpot-low-fat-paratha-5pcs
2026-09-11,202686,Ginger (আদা) Local 250gm,250 g,250.0,g,144.0,,,DSP03826,Daily Shopping,fruits-vegetable,fruits-vegetable,,0.0,https://othoba.com/ginger-local
2026-09-11,202687,Ginger (আদা) Local 500gm,500 g,500.0,g,165.0,,,DSP03827,Daily Shopping,fruits-vegetable,fruits-vegetable,,0.0,https://othoba.com/ginger-%E0%A6%86%E0%A6%A6-local-500gm
2026-09-11,202688,Ginger (আদা) Local 1 kg,1 kg,1.0,kg,160.0,,,DSP03828,Daily Shopping,fruits-vegetable,fruits-vegetable,,0.0,https://othoba.com/ginger-%E0%A6%86%E0%A6%A6-local-1-kg
2026-09-11,203195,Korean Fried Chicken 4 pcs,4 pcs,4.0,pcs,300.0,,,FRB00114,Fry Bucket,local-snacks,local-snacks,,0.0,https://othoba.com/koriean-fried-chicken-4-pcs
2026-09-11,203196,Crispy Chicken Burger,,,,280.0,,,FRB00115,Fry Bucket,local-snacks,local-snacks,,0.0,https://othoba.com/crispy-chicken-burger
2026-09-11,203197,Fry Bucket Special Burger with Cheese,,,,335.0,,,FRB00116,Fry Bucket,local-snacks,local-snacks,,0.0,https://othoba.com/fry-bucket-special-burger
2026-09-11,203255,"Black Seed Powder, Kalojira Powder (কালোজিরা গুড়া) 100 gm",100 g,100.0,g,171.0,190.0,10.0,ROS00129,Rongdhonu Corporations,spice-herb,spice-herb,38.0,0.0,https://othoba.com/kalojira-powder-100gm
2026-09-11,203256,"Ginger Powder, Ada Powder (আদা গুড়া) 100 gm",100 g,100.0,g,108.0,120.0,10.0,ROS00130,Rongdhonu Corporations,spice-herb,spice-herb,11.0,0.0,https://othoba.com/ginger-ada-powder-100gm
2026-09-11,203257,"Fenugreek Powder, Methi Powder (মেথি গুড়া) 100 gm",100 g,100.0,g,85.0,95.0,10.53,ROS00131,Rongdhonu Corporations,spice-herb,spice-herb,13.0,0.0,https://othoba.com/fenugreek-powder-100-gm
2026-09-11,203260,"Cinnamon Powder, Daruchini powder (দারুচিনি গুড়া)  100 gm",100 g,100.0,g,108.0,120.0,10.0,ROS00134,Rongdhonu Corporations,spice-herb,spice-herb,8.0,0.0,https://othoba.com/cinnamon-daruchini-powder-100-gm
2026-09-11,203274,PRAN Shader Masala,,,,5.0,,,DSP03830,Daily Shopping,spice-herb,spice-herb,,0.0,https://othoba.com/pran-shader-masala-10pcs
2026-09-11,203292,Crispy Fried Chicken 4 pcs,4 pcs,4.0,pcs,550.0,,,FRB00118,Fry Bucket,local-snacks,local-snacks,,0.0,https://othoba.com/4pcs-crispy-fried-chicken
2026-09-11,203293,Crispy Fried Chicken  8 pcs,8 pcs,8.0,pcs,1080.0,,,FRB00119,Fry Bucket,local-snacks,local-snacks,,0.0,https://othoba.com/8pcs-crispy-fried-chicken
2026-09-11,203294,10 pcs   Crispy Chicken,10 pcs,10.0,pcs,1360.0,,,FRB00120,Fry Bucket,local-snacks,local-snacks,,0.0,https://othoba.com/12pcs-crispy-fried-chicken
2026-09-11,203440,Himalayan Pink Salt Powder (Pakistani) 100 gm,100 g,100.0,g,81.0,90.0,10.0,ROS00138,Rongdhonu Corporations,daily-cooking,daily-cooking,44.0,0.0,https://othoba.com/himalayan-pink-salt-powder-pakistani-100gm
2026-09-11,203441,Himalayan Pink Salt Powder (হিমালয়ান পিংক সল্ট) (Pakistani) 200gm,200 g,200.0,g,153.0,170.0,10.0,ROS00139,Rongdhonu Corporations,daily-cooking,daily-cooking,13.0,0.0,https://othoba.com/himalayan-pink-salt-powder-pakistani-200-gm
2026-09-11,203442,"Garlic Powder, Roshun Gura (রসুন গুড়া)  100 gm",100 g,100.0,g,171.0,190.0,10.0,ROS00140,Rongdhonu Corporations,ready-mix,ready-mix,11.0,0.0,https://othoba.com/garlic-powder-gura-100-gm
2026-09-11,203444,"Dry Rosemary Leaves, Rosmary Leaf (রোজমেরি পাতা, রোজমেরী লিফ) 50gm",50 g,50.0,g,225.0,250.0,10.0,ROS00142,Rongdhonu Corporations,ready-mix,ready-mix,14.0,0.0,https://othoba.com/dry-rosemary-leaves-rosmary-leaf50gm
2026-09-11,203448,"Coriander Powder, Dhonia Powder (ধনিয়া গুড়া) 100 gm",100 g,100.0,g,54.0,60.0,10.0,ROS00146,Rongdhonu Corporations,spice-herb,spice-herb,27.0,0.0,https://othoba.com/coriander-dhonia-powder100gm
2026-09-11,203450,"Ajwain Seed, Carom Seed (যোয়ান বীজ, জোয়ান দানা, আজোয়ান )  100 gm",100 g,100.0,g,171.0,190.0,10.0,ROS00148,Rongdhonu Corporations,ready-mix,ready-mix,25.0,0.0,https://othoba.com/ajwain-carom-seeds-100gm
2026-09-11,203451,"Black Salt Powder, Bit Lobon Beet Laban Powder (বিট লবন গুড়া, ব্লাক সল্ট পাওডার) 100 gm",100 g,100.0,g,54.0,60.0,10.0,ROS00149,Rongdhonu Corporations,spice-herb,spice-herb,56.0,0.0,https://othoba.com/black-salt-bit-salt-bit-lobon-beet-laban-powder-100-gm
2026-09-11,203452,"Oregano Powder, Oregano Leaves (ওরেগানো গুড়া) - 100 gm",100 g,100.0,g,171.0,190.0,10.0,ROS00150,Rongdhonu Corporations,ready-mix,ready-mix,54.0,0.0,https://othoba.com/oregano-pata-powder100gm
2026-09-11,203453,"Nutmeg Powder, Joyfol Powder (যয়ফল গুড়া, জয়ফল গুড়া)  50 gm",50 g,50.0,g,171.0,190.0,10.0,ROS00151,Rongdhonu Corporations,ready-mix,ready-mix,15.0,0.0,https://othoba.com/nutmeg-joyfol-powder-50gm
2026-09-11,204385,Jhatpot Chicken Meatball 400g Pouch,400 g,400.0,g,280.0,,,DSP03833,Daily Shopping,breakfast-products,breakfast-products,,0.0,https://othoba.com/jhatpot-chicken-meatball-400g-pouch
2026-09-11,205420,CHINATOWN Special Noodles,,,,170.0,200.0,15.0,SCK00082,Sara's cloud kitchen,bakery-snacks,bakery-snacks,,0.0,https://othoba.com/chinatown-special-noodles
2026-09-11,205458,PRAN Snako Choco Fill Chips 22gm,22 g,22.0,g,10.0,,,DSP03840,Daily Shopping,chips,chips,,4.0,https://othoba.com/pran-snako-choco-fill-chips-22gm
2026-09-11,205477,PRAN Raw Chips 150gm,150 g,150.0,g,35.0,,,DSP03841,Daily Shopping,chips,chips,,3.0,https://othoba.com/pran-raw-chips-150gm
2026-09-11,205507,Pringles Original 42gm (Malaysia),42 g,42.0,g,160.0,,,DSP03842,Daily Shopping,chips,chips,,0.0,https://othoba.com/pringles-original-42gm
2026-09-11,205510,Boom Boom Chips  22gm,22 g,22.0,g,10.0,,,DSP03843,Daily Shopping,chips,chips,,5.0,https://othoba.com/boom-boom-chips-22gm
2026-09-11,205511,SUN Chips Wasabi- 35 gm,35 g,35.0,g,30.0,,,DSP03844,Daily Shopping,chips,chips,,0.0,https://othoba.com/sun-chips-wasabi-38-gm
2026-09-11,205512,Pringles Hot & Spicy 134gm (Malaysia),134 g,134.0,g,370.0,,,DSP03845,Daily Shopping,chips,chips,,0.0,https://othoba.com/pringles-hot-spicy-147gm
2026-09-11,205513,Kurkure Naughty Tomato 40gm,40 g,40.0,g,25.0,,,DSP03846,Daily Shopping,chips,chips,,0.0,https://othoba.com/kurkure-naughty-tomato-40gm
2026-09-11,205515,Pringles Cheesy Cheese 134gm (Malaysia),134 g,134.0,g,370.0,,,DSP03847,Daily Shopping,chips,chips,,0.0,https://othoba.com/pringles-cheesy-cheese-147gm
2026-09-11,205516,Pringles Sour Cream&Onion 42gm(Malaysia),42 g,42.0,g,160.0,,,DSP03848,Daily Shopping,chips,chips,,0.0,https://othoba.com/pringles-sour-cream-onion-42gm
2026-09-11,205517,Pran Potatos Chips Tom N Tino- 60gm,60 g,60.0,g,140.0,,,DSP03849,Daily Shopping,chips,chips,,0.0,https://othoba.com/pran-potatos-chips-tom-n-tino-60gm
2026-09-11,205520,Pringles Cheesy Cheese 42gm (Malaysia),42 g,42.0,g,160.0,,,DSP03850,Daily Shopping,chips,chips,,0.0,https://othoba.com/pringles-cheesy-cheese-42gm
2026-09-11,205522,Pringles Sour Cream&Onion134gm(Malaysia),134 g,134.0,g,370.0,,,DSP03851,Daily Shopping,chips,chips,,0.0,https://othoba.com/pringles-sour-creamonion134gmmalaysia
2026-09-11,205524,Pringles Smoky BBQ 134gm (Malaysia),134 g,134.0,g,370.0,,,DSP03852,Daily Shopping,chips,chips,,0.0,https://othoba.com/pringles-smoky-bbq-147gm
2026-09-11,205525,Pringles Original 134gm (Malaysia),134 g,134.0,g,370.0,,,DSP03853,Daily Shopping,chips,chips,,0.0,https://othoba.com/pringles-original-147gm
2026-09-11,205526,Bombay Sweets Nachoz Chutney & Lime 35gm,35 g,35.0,g,20.0,,,DSP03854,Daily Shopping,chips,chips,,0.0,https://othoba.com/bombay-sweets-nachoz-chutney-lime-35gm
2026-09-11,205552,Act II RTE Caramel Bliss Classic Caramel Popcorn,,,,250.0,,,DSP03855,Daily Shopping,chips,chips,,0.0,https://othoba.com/act-ii-rte-caramel-bliss-classic-caramel-popcorn
2026-09-11,205554,Knorr Soup Classic Corn Chicken 24gm,24 g,24.0,g,55.0,,,DSP03856,Daily Shopping,soup-2,soup-2,,0.0,https://othoba.com/knorr-soup-classic-corn-chicken-24gm
2026-09-11,205556,Knorr Soup Hot & Sour 31gm,31 g,31.0,g,55.0,,,DSP03857,Daily Shopping,soup-2,soup-2,,0.0,https://othoba.com/knorr-soup-hot-and-sour-chicken-31gm
2026-09-11,206067,Kimchi Noodles,,,,128.0,150.0,14.67,SCK00086,Sara's cloud kitchen,bakery-snacks,bakery-snacks,,2.5,https://othoba.com/kimchi-noodles
2026-09-11,206112,Bango Mushur Dal- 1kg,1 kg,1.0,kg,130.0,,,DSP03886,Daily Shopping,daily-cooking,daily-cooking,,5.0,https://othoba.com/bango-mushur-dal-1kg-206112
2026-09-11,206113,Teer Premium Iodized Salt-1kg,1 kg,1.0,kg,42.0,,,DSP03887,Daily Shopping,salt-sugar,salt-sugar,,0.0,https://othoba.com/teer-premium-iodized-salt-1kg-206113
2026-09-11,206114,PRAN Mustard Oil 80ml,80 ml,80.0,ml,35.0,,,DSP03888,Daily Shopping,daily-cooking,daily-cooking,,0.0,https://othoba.com/pran-mustard-oil-80ml-206114
2026-09-11,206128,PRAN Cumin Seed Powder 200gm Pouch,200 g,200.0,g,310.0,,,DSP03902,Daily Shopping,spice-herb,spice-herb,,0.0,https://othoba.com/pran-cumin-seed-powder-200gm-pouch-206128
2026-09-11,206129,Radhuni Chilli Powder 200gm,200 g,200.0,g,140.0,,,DSP03903,Daily Shopping,spice-herb,spice-herb,,0.0,https://othoba.com/radhuni-chilli-powder-200gm-206129
2026-09-11,206130,Radhuni Cumin Powder 50gm,50 g,50.0,g,85.0,,,DSP03904,Daily Shopping,spice-herb,spice-herb,,0.0,https://othoba.com/radhuni-cumin-powder-50gm-206130
2026-09-11,206131,Radhuni Firni Mix 150 gm,150 g,150.0,g,70.0,,,DSP03905,Daily Shopping,ready-mix,ready-mix,,0.0,https://othoba.com/radhuni-firni-mix-150-gm-206131
2026-09-11,206132,Radhuni Falooda Mix 250 gm,250 g,250.0,g,120.0,,,DSP03906,Daily Shopping,ready-mix,ready-mix,,0.0,https://othoba.com/radhuni-falooda-mix-250-gm-206132
2026-09-11,206134,PRAN Rose Water 180ml,180 ml,180.0,ml,20.0,,,DSP03908,Daily Shopping,food-additives,food-additives,,0.0,https://othoba.com/pran-rose-water-180ml-206134
2026-09-11,206135,PRAN Hot Tomato Sauce- 160gm (Plastic Jar),160 g,160.0,g,75.0,,,DSP03909,Daily Shopping,sauces,sauces,,0.0,https://othoba.com/pran-hot-tomato-sauce-160gm-plastic-jar-206135
2026-09-11,206136,PRAN Garam Masala Pouch- 15gm,15 g,15.0,g,35.0,,,DSP03910,Daily Shopping,spice-herb,spice-herb,,0.0,https://othoba.com/pran-garam-masala-pouch-15gm-206136
2026-09-11,206138,PRAN Beef Stock Cube 20gm,20 g,20.0,g,25.0,,,DSP03912,Daily Shopping,soup-2,soup-2,,0.0,https://othoba.com/pran-beef-stock-cube-20gm-206138
2026-09-11,206139,PRAN Chicken Stock Cube 20gm,20 g,20.0,g,25.0,,,DSP03913,Daily Shopping,soup-2,soup-2,,0.0,https://othoba.com/pran-chicken-stock-cube-20gm-206139
2026-09-11,206140,PRAN Shader Masala 4gm (24 Pcs Box),24 pcs,24.0,pcs,120.0,,,DSP03914,Daily Shopping,spice-herb,spice-herb,,0.0,https://othoba.com/pran-shader-masala-4gm-12pcs-box-206140
2026-09-11,206142,Xcel Mint Flavor 10gm,10 g,10.0,g,12.0,,,DSP03916,Daily Shopping,chocolate-candy,chocolate-candy,,0.0,https://othoba.com/xcel-mint-flavor-10gm-206142
2026-09-11,206145,Bisk Club Salty Salted Biscuit 95gm,95 g,95.0,g,20.0,,,DSP03919,Daily Shopping,biscuit-cookies,biscuit-cookies,,0.0,https://othoba.com/bisk-club-salty-salted-biscuit-95gm-206145
2026-09-11,206146,Bisk Club Lexus Biscuit 65gm,65 g,65.0,g,20.0,,,DSP03920,Daily Shopping,biscuit-cookies,biscuit-cookies,,0.0,https://othoba.com/bisk-club-lexus-biscuit-65gm-206146
2026-09-11,206147,Kelloggs Chocos 250gm,250 g,250.0,g,390.0,,,DSP03921,Daily Shopping,chocolate-candy,chocolate-candy,,0.0,https://othoba.com/kelloggs-chocos-250gm-206147
2026-09-11,206148,Haque White Chocolate Digestive 125gm,125 g,125.0,g,50.0,,,DSP03922,Daily Shopping,biscuit-cookies,biscuit-cookies,,0.0,https://othoba.com/haque-white-chocolate-digestive-125gm-206148
2026-09-11,206149,Ruchi Barbecue Chanachur 150 gm,150 g,150.0,g,50.0,,,DSP03923,Daily Shopping,local-snacks,local-snacks,,0.0,https://othoba.com/ruchi-barbecue-chanachur-150-gm-206149
2026-09-11,206150,Ruchi Barbecue Chanachur 300 gm,300 g,300.0,g,100.0,,,DSP03924,Daily Shopping,local-snacks,local-snacks,,0.0,https://othoba.com/ruchi-barbecue-chanachur-300-gm-206150
2026-09-11,206152,Honey-B Biscuit (Honey & Sesame)- 50gm,50 g,50.0,g,10.0,,,DSP03926,Daily Shopping,biscuit-cookies,biscuit-cookies,,0.0,https://othoba.com/honey-b-biscuit-honey-sesame-50gm-206152
2026-09-11,206154,PRAN Apple Jelly 350gm,350 g,350.0,g,165.0,,,DSP03928,Daily Shopping,bakery-breakfast,bakery-breakfast,,5.0,https://othoba.com/pran-apple-jelly-375gm-206154
2026-09-11,206156,Haque Cream Crackers Sugar Free 125gm,125 g,125.0,g,50.0,,,DSP03930,Daily Shopping,biscuit-cookies,biscuit-cookies,,0.0,https://othoba.com/haque-cream-crackers-sugar-free-125gm-206156
2026-09-11,206157,Choco Bean Toffee- 40gm,40 g,40.0,g,25.0,,,DSP03931,Daily Shopping,chocolate-candy,chocolate-candy,,0.0,https://othoba.com/choco-bean-toffee-40gm-206157
2026-09-11,206158,Bisk Club Mellow Chocolate Biscuit- 45gm,45 g,45.0,g,10.0,,,DSP03932,Daily Shopping,biscuit-cookies,biscuit-cookies,,5.0,https://othoba.com/bisk-club-mellow-chocolate-biscuit-45gm-206158
2026-09-11,206159,Treat Twist Chocolate 20pcs,20 pcs,20.0,pcs,5.0,,,DSP03933,Daily Shopping,chocolate-candy,chocolate-candy,,0.0,https://othoba.com/treat-twist-chocolate-20pcs
2026-09-11,206160,PRAN Coffee Candy 5pcs Pouch- 20gm,20 g,20.0,g,15.0,,,DSP03934,Daily Shopping,chocolate-candy,chocolate-candy,,0.0,https://othoba.com/pran-coffee-candy-5pcs-pouch-20gm-206160
2026-09-11,206161,Bisk Club Fruit Fun Pineapple Family Pack- 130gm,130 g,130.0,g,40.0,,,DSP03935,Daily Shopping,biscuit-cookies,biscuit-cookies,,0.0,https://othoba.com/bisk-club-fruit-fun-pineapple-family-pack-130gm-206161
2026-09-11,206162,PRAN Mama Roll Wafer 250gm Jar,250 g,250.0,g,70.0,,,DSP03936,Daily Shopping,chocolate-candy,chocolate-candy,,0.0,https://othoba.com/pran-mama-roll-wafer-250gm-jar-206162
2026-09-11,206165,All Time Saltino Cookies 50gm,50 g,50.0,g,15.0,,,DSP03939,Daily Shopping,biscuit-cookies,biscuit-cookies,,0.0,https://othoba.com/all-time-saltino-cookies-50gm-206165
2026-09-11,206166,Bisk Club Fruit Fun Chocolate Family Pack- 130gm,130 g,130.0,g,40.0,,,DSP03940,Daily Shopping,chocolate-candy,chocolate-candy,,0.0,https://othoba.com/bisk-club-fruit-fun-chocolate-family-pack-130gm-206166
2026-09-11,206167,Haque Lexus Veg. Cracker Biscuit 240gm,240 g,240.0,g,100.0,,,DSP03941,Daily Shopping,biscuit-cookies,biscuit-cookies,,0.0,https://othoba.com/haque-lexus-veg-cracker-biscuit-240gm-206167
2026-09-11,206168,Ruchi Chanachur Premium Mix 100gm,100 g,100.0,g,65.0,,,DSP03942,Daily Shopping,local-snacks,local-snacks,,0.0,https://othoba.com/ruchi-chanachur-premium-mix-100gm-206168
2026-09-11,206170,Mithai Soan Papdi 200gm,200 g,200.0,g,130.0,,,DSP03944,Daily Shopping,sweetmeat,sweetmeat,,0.0,https://othoba.com/mithai-soan-papdi-200gm-206170
2026-09-11,206173,PRAN Delight Ghee Toast- 250gm,250 g,250.0,g,70.0,,,DSP03947,Daily Shopping,biscuit-cookies,biscuit-cookies,,0.0,https://othoba.com/pran-delight-ghee-toast-250gm-206173
2026-09-11,206174,Kelloggs Oats 900gm,900 g,900.0,g,750.0,,,DSP03948,Daily Shopping,cereal,cereal,,0.0,https://othoba.com/kelloggs-oats-900gm-206174
2026-09-11,206176,Saffola Honey- 100gm,100 g,100.0,g,130.0,,,DSP03950,Daily Shopping,bakery-breakfast,bakery-breakfast,,0.0,https://othoba.com/saffola-honey-100gm-206176
2026-09-11,206177,Hurray Oreo Wafer (12 Â± 2)gm,,,,5.0,,,DSP03951,Daily Shopping,chocolate-candy,chocolate-candy,,0.0,https://othoba.com/hurray-oreo-wafer-12-%C3%A2-2gm-206177
2026-09-11,206178,Jhatpot Chicken Lollipop- (400gm),400 g,400.0,g,290.0,,,DSP03952,Daily Shopping,chocolate-candy,chocolate-candy,,0.0,https://othoba.com/jhatpot-chicken-lollipop-400gm-206178
2026-09-11,206179,Oliver Premium Delite Crackers Biscuit 45gm,45 g,45.0,g,10.0,,,DSP03953,Daily Shopping,biscuit-cookies,biscuit-cookies,,5.0,https://othoba.com/oliver-premium-delite-crackers-biscuit-45gm-206179
2026-09-11,206180,Delight Orange Cream Biscuit 40gm,40 g,40.0,g,10.0,,,DSP03954,Daily Shopping,biscuit-cookies,biscuit-cookies,,5.0,https://othoba.com/delight-orange-cream-biscuit-40gm-206180
2026-09-11,206181,Delight Pineapple Cream Biscuit 40gm,40 g,40.0,g,10.0,,,DSP03955,Daily Shopping,biscuit-cookies,biscuit-cookies,,5.0,https://othoba.com/delight-pineapple-cream-biscuit-40gm-206181
2026-09-11,206182,PRAN Chocolord Lolli Pop- 14gm,14 g,14.0,g,10.0,,,DSP03956,Daily Shopping,chocolate-candy,chocolate-candy,,0.0,https://othoba.com/pran-chocolord-lolli-pop-14gm-206182
2026-09-11,206183,Pran Potatos Chips Sultani Masala 16 gm,16 g,16.0,g,15.0,,,DSP03957,Daily Shopping,spice-herb,spice-herb,,0.0,https://othoba.com/pran-potatos-chips-sultani-masala-16-gm-206183
2026-09-11,206185,Kishwan Kulfi Bite Cookies 220gm,220 g,220.0,g,60.0,,,DSP03959,Daily Shopping,biscuit-cookies,biscuit-cookies,,0.0,https://othoba.com/kishwan-kulfi-bite-cookies-220gm-206185
2026-09-11,206186,Kishwan Horlicks Biscuit 250gm,250 g,250.0,g,70.0,,,DSP03960,Daily Shopping,biscuit-cookies,biscuit-cookies,,0.0,https://othoba.com/kishwan-horlicks-biscuit-300gm-206186
2026-09-11,206187,Kishwan Ovaltine Biscuit 250gm,250 g,250.0,g,70.0,,,DSP03961,Daily Shopping,biscuit-cookies,biscuit-cookies,,0.0,https://othoba.com/kishwan-ovaltine-biscuit-300gm-206187
2026-09-11,206188,Kishwan Coconut Cookies Family 250gm,250 g,250.0,g,70.0,,,DSP03962,Daily Shopping,biscuit-cookies,biscuit-cookies,,0.0,https://othoba.com/kishwan-coconut-cookies-family-pack-250gm-206188
2026-09-11,206189,Kishwan Butter Cookies Biscuit 200gm,200 g,200.0,g,60.0,,,DSP03963,Daily Shopping,biscuit-cookies,biscuit-cookies,,0.0,https://othoba.com/kishwan-butter-cookies-biscuit-200gm-206189
2026-09-11,206190,Kishwan Fiore Butter Cookies 300gm,300 g,300.0,g,150.0,,,DSP03964,Daily Shopping,biscuit-cookies,biscuit-cookies,,0.0,https://othoba.com/kishwan-fiore-butter-cookies-300gm-206190
2026-09-11,206191,Kishwan Coconut Cookies Mini 120gm,120 g,120.0,g,25.0,,,DSP03965,Daily Shopping,biscuit-cookies,biscuit-cookies,,0.0,https://othoba.com/kishwan-coconut-cookies-120gm-206191
2026-09-11,206194,Kishwan Pasta Macaroni 200gm,200 g,200.0,g,40.0,,,DSP03968,Daily Shopping,macaroni,macaroni,,0.0,https://othoba.com/kishwan-pasta-macaroni-200gm-206194
2026-09-11,206195,PRAN Crunchy Wafer (Milk)- 75gm,75 g,75.0,g,50.0,,,DSP03969,Daily Shopping,chocolate-candy,chocolate-candy,,0.0,https://othoba.com/pran-crunchy-wafer-milk-75gm-206195
2026-09-11,206196,PRAN Crunchy Wafer (Chocolate)- 75gm,75 g,75.0,g,50.0,,,DSP03970,Daily Shopping,chocolate-candy,chocolate-candy,,0.0,https://othoba.com/pran-crunchy-wafer-chocolate-75gm-206196
2026-09-11,206198,Ifad Cheesy Bites 40gm,40 g,40.0,g,10.0,,,DSP03972,Daily Shopping,biscuit-cookies,biscuit-cookies,,0.0,https://othoba.com/ifad-cheesy-bites-40gm-206198
2026-09-11,206200,Ifad Orange Biscuits 140gm,140 g,140.0,g,40.0,,,DSP03974,Daily Shopping,biscuit-cookies,biscuit-cookies,,4.0,https://othoba.com/ifad-orange-biscuits-160gm-206200
2026-09-11,206201,Ifad Butter Delight Biscuits 175gm,175 g,175.0,g,50.0,,,DSP03975,Daily Shopping,biscuit-cookies,biscuit-cookies,,0.0,https://othoba.com/ifad-butter-delight-biscuits-220gm-206201
2026-09-11,206202,Ifad Kaju Delight Biscuits 175gm,175 g,175.0,g,60.0,,,DSP03976,Daily Shopping,biscuit-cookies,biscuit-cookies,,0.0,https://othoba.com/ifad-kaju-delight-biscuits-220gm-206202
2026-09-11,206203,Ifad Plain Toast 350gm,350 g,350.0,g,100.0,,,DSP03977,Daily Shopping,biscuit-cookies,biscuit-cookies,,0.0,https://othoba.com/ifad-plain-toast-350gm-206203
2026-09-11,206204,Ifad Muri Toast 350gm,350 g,350.0,g,120.0,,,DSP03978,Daily Shopping,biscuit-cookies,biscuit-cookies,,0.0,https://othoba.com/ifad-muri-toast-350gm-206204
2026-09-11,206205,Pran Potatos Chips Tom N Tino- 60gm,60 g,60.0,g,50.0,,,DSP03979,Daily Shopping,chips,chips,,0.0,https://othoba.com/pran-potatos-chips-tom-n-tino-60gm-206205
2026-09-11,206207,PRAN Kabab Masala- 50gm,50 g,50.0,g,90.0,,,DSP03981,Daily Shopping,spice-herb,spice-herb,,0.0,https://othoba.com/pran-kabab-masala-50gm-206207
2026-09-11,206645,Mithai Milk Bread-350gm,350 g,350.0,g,81.0,90.0,10.0,TST00390,Mithai,bakery-breakfast,bakery-breakfast,38.0,0.0,https://othoba.com/milk-bread-1-pc
2026-09-11,209003,Bisk Club Potata Spicy Flavoured Biscuit 100 gm 3 Pc,3 pcs,3.0,pcs,105.0,,,DSP04060,Daily Shopping,biscuit-cookies,biscuit-cookies,,0.0,https://othoba.com/bisk-club-potata-spicy-flavoured-biscuit-100-gm-3-pc
2026-09-11,209004,Bisk Club Shero Biscuit 2 Pcs,2 pcs,2.0,pcs,60.0,,,DSP04061,Daily Shopping,biscuit-cookies,biscuit-cookies,,0.0,https://othoba.com/bisk-club-shero-biscuit-3-pcs
2026-09-11,209006,Naples Mayonnaise 1000gm,1000 g,1000.0,g,495.0,,,DSP04062,Daily Shopping,bakery-breakfast,bakery-breakfast,,0.0,https://othoba.com/naples-mayonnaise-970ml
2026-09-11,209007,NAPLES Strawberry Jam 400gm,400 g,400.0,g,245.0,,,DSP04063,Daily Shopping,bakery-breakfast,bakery-breakfast,,0.0,https://othoba.com/naples-strawberry-jam-400gm
2026-09-11,210122,ALMARAI Triangles Cheese 32pcs Saudi Arabia,32 pcs,32.0,pcs,1170.0,1500.0,22.0,BKC00055,BacchaKaccha.com,cheese,cheese,24.0,0.0,https://othoba.com/almarai-triangles-cheese-32pcs-saudi-arabia-210122
2026-09-11,210123,ALMARAI Triangles Cheese 8 pcs Saudi Arabia,8 pcs,8.0,pcs,293.0,380.0,22.89,BKC00056,BacchaKaccha.com,cheese,cheese,61.0,0.0,https://othoba.com/almarai-triangles-cheese-8-pcs-saudi-arabia-210123
2026-09-11,210124,La Vache (Laughing Cow) Cheese Triangles 32 Pcs,32 pcs,32.0,pcs,1059.0,1200.0,11.75,BKC00057,BacchaKaccha.com,cheese,cheese,28.0,0.0,https://othoba.com/la-vache-laughing-cow-cheese-triangles-32-pcs-210124
2026-09-11,210125,La Vache (Laughing Cow) Cheese Triangles 8 Pcs,8 pcs,8.0,pcs,293.0,345.0,15.07,BKC00058,BacchaKaccha.com,cheese,cheese,28.0,0.0,https://othoba.com/la-vache-laughing-cow-cheese-triangles-8-pcs-210125
2026-09-11,210132,Aptamil 1 First Infant Milk From Birth To 6 Months 800gm,800 g,800.0,g,3529.0,3950.0,10.66,BKC00065,BacchaKaccha.com,milk-3,milk-3,16.0,0.0,https://othoba.com/aptamil-1-first-infant-milk-from-birth-to-6-months-800gm-210132
2026-09-11,210133,Aptamil 2 Follow on Milk From 6 to 12m 800g,800 g,800.0,g,3529.0,4152.0,15.0,BKC00066,BacchaKaccha.com,milk-3,milk-3,52.0,0.0,https://othoba.com/aptamil-2-follow-on-milk-from-6-to-12m-800g-210133
2026-09-11,210134,Aptamil 3 Growing up Milk From 1 to 2 Years 800g,800 g,800.0,g,3353.0,3945.0,15.01,BKC00067,BacchaKaccha.com,milk-3,milk-3,46.0,0.0,https://othoba.com/aptamil-3-growing-up-milk-from-1-to-2-years-800g-210134
2026-09-11,210135,Aptamil 4 Growing up Milk From 2 to 3 Years 800g,800 g,800.0,g,3529.0,3950.0,10.66,BKC00068,BacchaKaccha.com,milk-3,milk-3,23.0,0.0,https://othoba.com/aptamil-4-growing-up-milk-from-2-to-3-years-800g-210135
2026-09-11,210139,Nido One Plus From 1 to 3 Years 1800g Dubai,1800 g,1800.0,g,5823.0,6851.0,15.01,BKC00072,BacchaKaccha.com,milk-3,milk-3,43.0,0.0,https://othoba.com/nido-one-plus-from-1-to-3-years-1800g-dubai-210139
2026-09-11,210140,Nido One Plus From 1 to 3 Years 900g Dubai,900 g,900.0,g,3176.0,3737.0,15.01,BKC00073,BacchaKaccha.com,milk-3,milk-3,29.0,0.0,https://othoba.com/nido-one-plus-from-1-to-3-years-900g-dubai-210140
2026-09-11,210141,Nido One Plus From 1 to 3 Years 400g Dubai,400 g,400.0,g,1765.0,2100.0,15.95,BKC00074,BacchaKaccha.com,milk-3,milk-3,52.0,0.0,https://othoba.com/nido-one-plus-from-1-to-3-years-400g-dubai-210141
2026-09-11,210142,NAN 3 Optipro From 1 to 3 Years 800g Dubai,800 g,800.0,g,4471.0,5260.0,15.0,BKC00075,BacchaKaccha.com,milk-3,milk-3,29.0,0.0,https://othoba.com/nan-3-optipro-from-1-to-3-years-800g-dubai-210142
2026-09-11,210144,NAN 2 Optipro From 6 to 12 months 800g Dubai,800 g,800.0,g,4588.0,5398.0,15.01,BKC00077,BacchaKaccha.com,milk-3,milk-3,34.0,0.0,https://othoba.com/nan-2-optipro-from-6-to-12-months-800g-dubai-210144
2026-09-11,211456,Pran minicate Zirashail rice 5kg,5 kg,5.0,kg,440.0,470.0,6.38,BMR00041,Bango Millers Ltd.,daily-cooking,daily-cooking,,4.9,https://othoba.com/pran-minicate-rice-5kg-bmr00041
2026-09-11,21431,The Chef Premium Ghee 200gm New,200 g,200.0,g,225.0,,,DSP00163,Daily Shopping,butter-3,butter-3,,0.0,https://othoba.com/the-chef-premium-ghee-200gm-new-34343
2026-09-11,21432,The Chef Premium Ghee 400gm New,400 g,400.0,g,430.0,,,DSP00164,Daily Shopping,butter-3,butter-3,,0.0,https://othoba.com/the-chef-premium-ghee-400gm-new-34344
2026-09-11,21433,Kacchi Biryani Mix 45g,45 g,45.0,g,70.0,,,DSP00165,Daily Shopping,ready-mix,ready-mix,,5.0,https://othoba.com/kacchi-biryani-mix-45g-34316
2026-09-11,21434,PRAN Tehari Masala 40gm,40 g,40.0,g,60.0,,,DSP00166,Daily Shopping,ready-mix,ready-mix,,5.0,https://othoba.com/pran-tehari-masala-40gm
2026-09-11,217689,Amul Pasteurised Butter 200g,200 g,200.0,g,506.0,595.0,14.96,BKC00103,BacchaKaccha.com,butter-3,butter-3,11.0,0.0,https://othoba.com/amul-pasteurised-butter-200g-217689
2026-09-11,217809,Amul Pasteurised Butter 200g,200 g,200.0,g,666.0,900.0,26.0,BKC00223,BacchaKaccha.com,butter-3,butter-3,22.0,0.0,https://othoba.com/amul-pasteurised-butter-200g-217809
2026-09-11,219242,"Pure Khejur Jhola Gur, Organic Khejurer Jhola Gur (Premium Quality) -250 gram",250 g,250.0,g,142.0,165.0,13.94,ROS00233,Rongdhonu Corporations,daily-cooking,daily-cooking,33.0,0.0,https://othoba.com/pure-khejur-jhola-gur-organic-khejurer-jhola-gur-premium-quality-250-gram
2026-09-11,219245,"Pure Khejur Jhola Gur, Organic Khejurer Jhola Gur (Premium Quality) -250 gram",250 g,250.0,g,142.0,165.0,13.94,ROS00234,Rongdhonu Corporations,daily-cooking,daily-cooking,8.0,0.0,https://othoba.com/pure-khejur-jhola-gur-organic-khejurer-jhola-gur-premium-quality-250-gram-2
2026-09-11,225039,"Rongdhonu Premium Quality Khejur Patali Gur, Organic Khejurer Patali Gur -2000 gram",2000 g,2000.0,g,791.0,869.0,8.98,ROS00245,Rongdhonu Corporations,daily-cooking,daily-cooking,14.0,0.0,https://othoba.com/rongdhonu-premium-quality-khejur-patali-gur-organic-khejurer-patali-gur-2000-gram-3
2026-09-11,225040,"Rongdhonu Premium Quality Khejur Patali Gur, Organic Khejurer Patali Gur -2000 gram",2000 g,2000.0,g,791.0,869.0,8.98,ROS00246,Rongdhonu Corporations,daily-cooking,daily-cooking,47.0,0.0,https://othoba.com/rongdhonu-premium-quality-khejur-patali-gur-organic-khejurer-patali-gur-2000-gram-4
2026-09-11,22574,Bitter Gourd (করলা) 1 KG,1 kg,1.0,kg,70.0,,,DSP00168,Daily Shopping,fruits-vegetable,fruits-vegetable,,3.1,https://othoba.com/vegetable-bitter-gourd-1-kg-65026
2026-09-11,22575,Apple Fuji,,,,333.0,340.0,2.06,DSP00169,Daily Shopping,fruits-vegetable,fruits-vegetable,,2.9,https://othoba.com/apple-fuji-22575
2026-09-11,22577,Asian Pear (Nashpati),,,,299.0,330.0,9.39,DSP00171,Daily Shopping,fruits-vegetable,fruits-vegetable,,2.9,https://othoba.com/asian-pear-nashpati-18
2026-09-11,22578,Vegetable Shim (শিম) 1 KG,1 kg,1.0,kg,210.0,,,DSP00172,Daily Shopping,fruits-vegetable,fruits-vegetable,,0.0,https://othoba.com/vegetable-shim-%E0%A6%B6%E0%A6%AE-1-kg
2026-09-11,22579,Hilsha Fish (ইলিশ) 400gm Plus,400 g,400.0,g,725.0,,,DSP00173,Daily Shopping,meat-fish,meat-fish,,5.0,https://othoba.com/hilsha-fish-400gm-plus-70012
2026-09-11,22580,Guava (পেয়ারা) 1 KG,1 kg,1.0,kg,85.0,90.0,5.56,DSP00174,Daily Shopping,fruits-vegetable,fruits-vegetable,,2.9,https://othoba.com/guava-1-kg-65013
2026-09-11,22581,Vegetable Taal Begun (বেগুন ) 1 KG,1 kg,1.0,kg,95.0,105.0,9.52,DSP00175,Daily Shopping,fruits-vegetable,fruits-vegetable,,0.0,https://othoba.com/vegetable-taal-begun-%E0%A6%AC%E0%A6%97%E0%A6%A8-1-kg
2026-09-11,22582,Brinjal Long (বেগুন ) 1 KG,1 kg,1.0,kg,110.0,,,DSP00176,Daily Shopping,fruits-vegetable,fruits-vegetable,,5.0,https://othoba.com/vegetable-brinjal-long-1-kg-65046
2026-09-11,22583,Orange (Komola),,,,380.0,,,DSP00177,Daily Shopping,fruits-vegetable,fruits-vegetable,,5.0,https://othoba.com/orange-komola
2026-09-11,22585,Carrot (গাঁজর ) 1 KG,1 kg,1.0,kg,95.0,,,DSP00179,Daily Shopping,fruits-vegetable,fruits-vegetable,,0.0,https://othoba.com/carrot-%E0%A6%97%E0%A6%9C%E0%A6%B0-1-kg
2026-09-11,22588,Vegetable Green Papaya (কাঁচা পেঁপে) 1 KG,1 kg,1.0,kg,16.0,25.0,36.0,DSP00182,Daily Shopping,fruits-vegetable,fruits-vegetable,,5.0,https://othoba.com/vegetable-green-papaya-1-kg-65032
2026-09-11,22589,Katol Fish (কাতল মাছ) 1.2 kg (50gm±)  Per Pc Before Cutting,50 g,50.0,g,406.0,,,DSP00183,Daily Shopping,meat-fish,meat-fish,,5.0,https://othoba.com/catla-fish-70024
2026-09-11,22590,Rui Fish (রুই) 4.5kg (100gm±)  Per Pc Before Cutting,100 g,100.0,g,2696.0,3121.0,13.62,DSP00184,Daily Shopping,meat-fish,meat-fish,,5.0,https://othoba.com/rui-fish-4kg-7kg-70073
2026-09-11,22591,Vegetable Mishti Kumra (মিষ্টি কুমড়া)- Per kg,,,,59.0,,,DSP00185,Daily Shopping,fruits-vegetable,fruits-vegetable,,4.9,https://othoba.com/vegetable-sweet-gourd-1-kg-65050
2026-09-11,22592,Rui Fish (রুই) 1.7 kg (50gm±)  Per Pcs Before Cutting,50 g,50.0,g,728.0,,,DSP00186,Daily Shopping,meat-fish,meat-fish,,5.0,https://othoba.com/rui-fish-15kg-2kg-70023
2026-09-11,22593,Rui Fish (রুই মাছ) 1.2 kg (50gm±)  Per pcs Before Cutting,50 g,50.0,g,415.0,473.0,12.26,DSP00187,Daily Shopping,meat-fish,meat-fish,,2.9,https://othoba.com/rui-fish-70022
2026-09-11,22594,Golda Prawn (গলদা চিংড়ি),,,,1170.0,,,DSP00188,Daily Shopping,meat-fish,meat-fish,,4.7,https://othoba.com/golda-prawn-70128
2026-09-11,22595,Farm Egg Loose,,,,10.25,,,DSP00189,Daily Shopping,eggs,eggs,,0.0,https://othoba.com/farm-egg-loose
2026-09-11,226292,খাঁটি গাওয়া ঘি ১ কেজি,,,,2000.0,,,MUG00003,Mugdho Enterprise,butter-3,butter-3,34.0,0.0,https://othoba.com/ghee-1-kg
2026-09-11,226293,খাঁটি গাওয়া ঘি ৫০০ গ্রাম,,,,1000.0,,,MUG00004,Mugdho Enterprise,butter-3,butter-3,23.0,0.0,https://othoba.com/ghee-500-gm
2026-09-11,226294,খাঁটি গাওয়া ঘি ২৫০ গ্রাম,,,,550.0,,,MUG00005,Mugdho Enterprise,butter-3,butter-3,8.0,0.0,https://othoba.com/ghee-250-gm
2026-09-11,22758,Vegetable Chichinga Snake gourd (চিচিঙা) 1KG,1 kg,1.0,kg,40.0,55.0,27.27,DSP00190,Daily Shopping,fruits-vegetable,fruits-vegetable,,5.0,https://othoba.com/vegetable-snake-gourd-1kg-65033
2026-09-11,22760,Vegetable Broccoli (সবুজ ফুলকপি) Per piece,,,,175.0,,,DSP00191,Daily Shopping,fruits-vegetable,fruits-vegetable,,5.0,https://othoba.com/vegetable-broccoli-per-piece-65107
2026-09-11,22762,Vegetable Capsicum Green (মিষ্টি মরিচ) 1KG,1 kg,1.0,kg,270.0,,,DSP00192,Daily Shopping,fruits-vegetable,fruits-vegetable,,5.0,https://othoba.com/vegetable-capsicum-green-1kg-65053
2026-09-11,22764,Vegetable Cauliflower (ফুলকপি) Per Pair,,,,60.0,,,DSP00193,Daily Shopping,fruits-vegetable,fruits-vegetable,,5.0,https://othoba.com/vegetable-cauliflower-per-piece-65070
2026-09-11,22765,Vegetable Cucumber Hybrid (শসা) 1Kg,1 kg,1.0,kg,44.0,55.0,20.0,DSP00194,Daily Shopping,fruits-vegetable,fruits-vegetable,,5.0,https://othoba.com/vegetable-cucumber-hybrid-1kg
2026-09-11,22766,Dry Coconut (নারিকেল) Per piece,,,,145.0,,,DSP00195,Daily Shopping,fruits-vegetable,fruits-vegetable,,5.0,https://othoba.com/dry-coconut-%E0%A6%A8%E0%A6%B0%E0%A6%95%E0%A6%B2-per-piece-65018
2026-09-11,22767,Green Chili (কাঁচা মরিচ) 1Kg,1 kg,1.0,kg,160.0,,,DSP00196,Daily Shopping,fruits-vegetable,fruits-vegetable,,5.0,https://othoba.com/vegetable-green-chili-%E0%A6%95%E0%A6%9A-%E0%A6%AE%E0%A6%B0%E0%A6%9A-1kg-65030
2026-09-11,22768,Lau (লাউ) Per Piece,,,,49.0,60.0,18.33,DSP00197,Daily Shopping,fruits-vegetable,fruits-vegetable,,4.8,https://othoba.com/vegetable-bottle-gourd-per-piece-65039
2026-09-11,22770,Vegetable Radish (মুলা ) 1Kg,1 kg,1.0,kg,66.0,,,DSP00199,Daily Shopping,fruits-vegetable,fruits-vegetable,,5.0,https://othoba.com/vegetable-radish-%E0%A6%AE%E0%A6%B2-1kg-65059
2026-09-11,228663,All Time Pizza Puff- 60gm,60 g,60.0,g,30.0,,,DSP04064,Daily Shopping,breakfast-products,breakfast-products,,0.0,https://othoba.com/all-time-pizza-puff-60gm
2026-09-11,231669,Beijing Duck (হাঁস)  with Skin  2 kg 300 gm+ Per Piece (Final cost based on weight),300 g,300.0,g,1170.0,,,DSP04065,Daily Shopping,meat-fish,meat-fish,,0.0,https://othoba.com/beijing-duck
2026-09-11,23367,Dherosh (ঢেঁড়স) 1KG,1 kg,1.0,kg,36.0,50.0,28.0,DSP00201,Daily Shopping,fruits-vegetable,fruits-vegetable,,4.4,https://othoba.com/vegetable-okra-1kg-65031
2026-09-11,23368,Vegetable Tomato Imported (টমেটো) 1KG,1 kg,1.0,kg,80.0,85.0,5.88,DSP00202,Daily Shopping,fruits-vegetable,fruits-vegetable,,4.0,https://othoba.com/vegetable-tomato-1kg-65036
2026-09-11,23369,Vegetable Dhoniya Pata 1Kg,1 kg,1.0,kg,135.0,,,DSP00203,Daily Shopping,fruits-vegetable,fruits-vegetable,,5.0,https://othoba.com/vegetable-coriander-%E0%A6%A7%E0%A6%A8%E0%A7%9F-%E0%A6%AA%E0%A6%A4-per-bundle-65055
2026-09-11,23370,Vegetable Lal Shak (লাল শাক) Per Bundle,,,,16.0,,,DSP00204,Daily Shopping,fruits-vegetable,fruits-vegetable,,4.4,https://othoba.com/vegetable-red-amaranth-laal-shaak-per-bundle-65037
2026-09-11,23372,Vegetable Kacha Kola (কাঁচা কলা) Per piece,,,,11.0,,,DSP00205,Daily Shopping,fruits-vegetable,fruits-vegetable,,5.0,https://othoba.com/vegetable-green-banana-per-piece-65048
2026-09-11,23373,Vegetable Cabbage (বাঁধাকপি) Per piece,,,,110.0,,,DSP00206,Daily Shopping,fruits-vegetable,fruits-vegetable,,5.0,https://othoba.com/vegetable-cabbage-per-piece-65056
2026-09-11,23374,Pineapple (আনারস) Per Piece,,,,49.0,59.0,16.95,DSP00207,Daily Shopping,fruits-vegetable,fruits-vegetable,,0.0,https://othoba.com/pineapple-per-piece-65063
2026-09-11,23382,Telapia (তেলাপিয়া) Fish 2-3pcs/kg,3 pcs,3.0,pcs,260.0,,,DSP00208,Daily Shopping,meat-fish,meat-fish,,5.0,https://othoba.com/telapia-fish-%E0%A6%A4%E0%A6%B2%E0%A6%AA%E0%A6%AF-large-1kg-70065
2026-09-11,23383,Pangasius Fish (পাঙ্গাশ মাছ ) 1.5 kg (50gm±) Per Pc Before Cutting,50 g,50.0,g,333.0,,,DSP00209,Daily Shopping,meat-fish,meat-fish,,5.0,https://othoba.com/pangasius-fish-1kg-70026
2026-09-11,23451,Pomegranate (Bedana) 6-12dana/Kg,,,,439.0,450.0,2.44,DSP00212,Daily Shopping,fruits-vegetable,fruits-vegetable,,5.0,https://othoba.com/pomegranate-bedana-6-12danakg-10
2026-09-11,23457,Grapes (Angur) Green,,,,600.0,,,DSP00213,Daily Shopping,fruits-vegetable,fruits-vegetable,,5.0,https://othoba.com/grapes-angur-green
2026-09-11,234900,Dragon Chicken Bowl with Rice,,,,255.0,300.0,15.0,SCK00154,Sara's cloud kitchen,bakery-snacks,bakery-snacks,,0.0,https://othoba.com/dragon-chicken-combo-with-rice
2026-09-11,23659,Jhatpot Parata (Family Pack)-20pcs,20 pcs,20.0,pcs,250.0,,,DSP00214,Daily Shopping,bakery-breakfast,bakery-breakfast,,0.0,https://othoba.com/jhatpot-parata-family-pack-20pcs-5500000347
2026-09-11,23660,Banana Chini Champa Per Pc,,,,7.0,,,DSP00215,Daily Shopping,fruits-vegetable,fruits-vegetable,,4.4,https://othoba.com/banana-chini-champa-per-pc-65069
2026-09-11,23777,Mr. Noodles PP Cup 60 gm Chicken,60 g,60.0,g,35.0,,,DSP00219,Daily Shopping,noodles,noodles,,0.0,https://othoba.com/mr-noodles-pp-cup-60-gm-chicken-34438
2026-09-11,23778,Mr. Noodles Chicken Flavor Cup Noodles 40 gm,40 g,40.0,g,35.0,,,DSP00220,Daily Shopping,noodles,noodles,,5.0,https://othoba.com/mr-noodles-pp-cup-40-gm-chicken-34440
2026-09-11,23779,Mr. Noodles PP Cup 40 gm Tom Yum,40 g,40.0,g,28.0,,,DSP00221,Daily Shopping,noodles,noodles,,0.0,https://othoba.com/mr-noodles-pp-cup-40-gm-tom-yum-34529
2026-09-11,237992,"Rongdhonu Premium Walnut, Akhrot (আখরোট) -250gm",250 g,250.0,g,590.0,,,ROS00312,Rongdhonu Corporations,fruits-vegetable,fruits-vegetable,14.0,0.0,https://othoba.com/rongdhonu-premium-walnut-akhrot-%E0%A6%86%E0%A6%96%E0%A6%B0%E0%A6%9F-250gm
2026-09-11,237998,"Rongdhonu Premium Black Raisin, Kalo Kismis (কালো কিসমিস) -100gm",100 g,100.0,g,150.0,,,ROS00317,Rongdhonu Corporations,food-additives,food-additives,11.0,0.0,https://othoba.com/rongdhonu-premium-black-raisin-kalo-kismis-%E0%A6%95%E0%A6%B2-%E0%A6%95%E0%A6%B8%E0%A6%AE%E0%A6%B8-100gm
2026-09-11,237999,"Rongdhonu Premium Black Raisin, Kalo Kismis (কালো কিসমিস) -250gm",250 g,250.0,g,332.0,350.0,5.14,ROS00318,Rongdhonu Corporations,food-additives,food-additives,39.0,0.0,https://othoba.com/rongdhonu-premium-black-raisin-kalo-kismis-%E0%A6%95%E0%A6%B2-%E0%A6%95%E0%A6%B8%E0%A6%AE%E0%A6%B8-250gm
2026-09-11,238000,"Rongdhonu Premium Black Raisin, Kalo Kismis (কালো কিসমিস) -500gm",500 g,500.0,g,691.0,790.0,12.53,ROS00319,Rongdhonu Corporations,food-additives,food-additives,53.0,0.0,https://othoba.com/rongdhonu-premium-black-raisin-kalo-kismis-%E0%A6%95%E0%A6%B2-%E0%A6%95%E0%A6%B8%E0%A6%AE%E0%A6%B8-500gm
2026-09-11,238001,"Rongdhonu Premium Gold Raisin, Gold Kismis (গোল্ড কিসমিস) -250gm",250 g,250.0,g,350.0,,,ROS00320,Rongdhonu Corporations,food-additives,food-additives,10.0,0.0,https://othoba.com/rongdhonu-premium-gold-raisin-gold-kismis-%E0%A6%97%E0%A6%B2%E0%A6%A1-%E0%A6%95%E0%A6%B8%E0%A6%AE%E0%A6%B8-250gm
2026-09-11,238003,"Rongdhonu Premium Gold Raisin, Gold Kismis (গোল্ড কিসমিস) -500gm",500 g,500.0,g,650.0,,,ROS00321,Rongdhonu Corporations,food-additives,food-additives,27.0,0.0,https://othoba.com/rongdhonu-premium-gold-raisin-gold-kismis-%E0%A6%97%E0%A6%B2%E0%A6%A1-%E0%A6%95%E0%A6%B8%E0%A6%AE%E0%A6%B8-500gm
2026-09-11,238004,"Rongdhonu Premium Gold Raisin, Gold Kismis (গোল্ড কিসমিস) -1000gm",1000 g,1000.0,g,1200.0,,,ROS00322,Rongdhonu Corporations,food-additives,food-additives,27.0,0.0,https://othoba.com/rongdhonu-premium-gold-raisin-gold-kismis-%E0%A6%97%E0%A6%B2%E0%A6%A1-%E0%A6%95%E0%A6%B8%E0%A6%AE%E0%A6%B8-1000gm
2026-09-11,239074,Daily Shopping Cumin 200gm,200 g,200.0,g,240.0,,,DSP04071,Daily Shopping,spice-herb,spice-herb,,5.0,https://othoba.com/daily-shopping-cumin-200gm-jira
2026-09-11,23995,Hilsha Fish (ইলিশ) 500gm Plus,500 g,500.0,g,899.0,1080.0,16.76,DSP00223,Daily Shopping,meat-fish,meat-fish,,5.0,https://othoba.com/hilsha-fish-500gm-plus-70013
2026-09-11,23996,Hilsha Fish (ইলিশ) 600gm Plus,600 g,600.0,g,2195.0,,,DSP00224,Daily Shopping,meat-fish,meat-fish,,5.0,https://othoba.com/hilsha-fish-%E0%A6%87%E0%A6%B2%E0%A6%B6-600gm-plus-70014
2026-09-11,24054,Hilsha Fish (ইলিশ) 700gm Plus,700 g,700.0,g,1649.0,1699.0,2.94,DSP00225,Daily Shopping,meat-fish,meat-fish,,5.0,https://othoba.com/hilsha-fish-700gm-plus-70015
2026-09-11,24055,Hilsha Fish (ইলিশ) 800gm Plus,800 g,800.0,g,2059.0,,,DSP00226,Daily Shopping,meat-fish,meat-fish,,5.0,https://othoba.com/hilsha-fish-800gm-plus-70016
2026-09-11,24094,Hilsha Fish (ইলিশ) 1KG Plus,1 kg,1.0,kg,3140.0,,,DSP00227,Daily Shopping,meat-fish,meat-fish,,5.0,https://othoba.com/hilsha-fish-1kg-plus-70077
2026-09-11,24095,Hilsha Fish (ইলিশ) 1200gm Plus,1200 g,1200.0,g,5460.0,,,DSP00228,Daily Shopping,meat-fish,meat-fish,,5.0,https://othoba.com/hilsha-fish-1200gm-plus-70081
2026-09-11,241209,3/5kg Mechanical Kitchen Detachable Tray Vegetable Dial Baking Scale Useful,5 kg,5.0,kg,730.0,1250.0,41.6,NFS00311,NF Shop,baking-2,baking-2,20.0,0.0,https://othoba.com/35kg-mechanical-kitchen-detachable-tray-vegetable-dial-baking-scale-useful-241209
2026-09-11,244826,Lemon Big Round (লেবু) 4 pcs,4 pcs,4.0,pcs,18.0,,,DSP04081,Daily Shopping,fruits-vegetable,fruits-vegetable,,0.0,https://othoba.com/lemon-big-round-4-pcs
2026-09-11,244910,Dragon chicken Bowl with Noodles,,,,300.0,,,SCK00174,Sara's cloud kitchen,bakery-snacks,bakery-snacks,,0.0,https://othoba.com/dragon-chicken-combo-with-noodles
2026-09-11,24518,Mithai Motichur Laddu Box,,,,108.0,120.0,10.0,TST00047,Mithai,sweetmeat,sweetmeat,,5.0,https://othoba.com/mithai-motichur-laddu-33168
2026-09-11,245509,Protein Meal Medium,,,,212.0,250.0,15.2,SCK00175,Sara's cloud kitchen,bakery-snacks,bakery-snacks,,5.0,https://othoba.com/protein-meal-medium
2026-09-11,24567,PRAN Break Chocolate Wafer,,,,5.0,,,DSP00241,Daily Shopping,biscuit-cookies,biscuit-cookies,,0.0,https://othoba.com/pran-break-chocolate-wafer-32434
2026-09-11,24569,PRAN Break Chocolate Wafer (Double PC),,,,5.0,,,DSP00242,Daily Shopping,biscuit-cookies,biscuit-cookies,,0.0,https://othoba.com/pran-break-chocolate-wafer-double-pc-5500000093
2026-09-11,24570,PRAN Mama Creamy Crunch Chocolate Wafer 110g (Buy 2 Get 20 tk off),110 g,110.0,g,35.0,,,DSP00243,Daily Shopping,biscuit-cookies,biscuit-cookies,,5.0,https://othoba.com/pran-mama-creamy-crunch-chocolate-wafer-110g-5500000696
2026-09-11,24571,PRAN Ts GARLIC TOAST (250gm),250 g,250.0,g,45.0,,,DSP00244,Daily Shopping,biscuit-cookies,biscuit-cookies,,5.0,https://othoba.com/pran-ts-garlic-toast-250gm-5500000102
2026-09-11,24573,PRAN Ts Special Toast-200gm,200 g,200.0,g,30.0,,,DSP00245,Daily Shopping,biscuit-cookies,biscuit-cookies,,0.0,https://othoba.com/pran-ts-special-toast-200gm-5500000089
2026-09-11,24575,2 Pack PRAN Special Toast 250gm (Fresh & Crispy),250 g,250.0,g,60.0,,,DSP00246,Daily Shopping,biscuit-cookies,biscuit-cookies,,5.0,https://othoba.com/2-pack-pran-special-toast-250gm-fresh-crispy
2026-09-11,24577,PRAN Mama Creamy Crunch Strawberry 130g( Buy 2 Get 20 tk off),130 g,130.0,g,35.0,,,DSP00247,Daily Shopping,biscuit-cookies,biscuit-cookies,,5.0,https://othoba.com/pran-mama-creamy-crunch-strawberry-130g-5500000692
2026-09-11,24578,PRAN Mama Wafer 18gm,18 g,18.0,g,50.0,,,DSP00248,Daily Shopping,biscuit-cookies,biscuit-cookies,,5.0,https://othoba.com/pran-mama-wafer-8gm-5500000095
2026-09-11,24579,PRAN Mama Wafer 18gm,18 g,18.0,g,5.0,,,DSP00249,Daily Shopping,biscuit-cookies,biscuit-cookies,,5.0,https://othoba.com/pran-mama-wafer-25gm-5500000094
2026-09-11,24580,PRAN Ts Sweet Toast 180gm,180 g,180.0,g,50.0,,,DSP00250,Daily Shopping,biscuit-cookies,biscuit-cookies,,0.0,https://othoba.com/pran-ts-sweet-toast-180gm-5500000097
2026-09-11,246122,SAYFI Fiber Electric Handheld Food 7 Speed Fit Double Whisk Eggs Mixer Batter Beater Kitchen Cake Baking Tools,,,,645.0,1154.0,44.11,FRW00857,Feri Wala Limited,baking-2,baking-2,102.0,0.0,https://othoba.com/sayfi-fiber-electric-handheld-food-7-speed-fit-double-whisk-eggs-mixer-batter-beater-kitchen-cake-baking-tools
2026-09-11,246294,Crispy Fried  Chicken 2 pcs (Leg and Breast/Thigh),2 pcs,2.0,pcs,280.0,,,FRB00133,Fry Bucket,local-snacks,local-snacks,,0.0,https://othoba.com/crispy-fried-chicken-2-pcs-leg-and-breastthigh
2026-09-11,246303,Korean Fried Chicken 2 pcs,2 pcs,2.0,pcs,160.0,,,FRB00134,Fry Bucket,local-snacks,local-snacks,,0.0,https://othoba.com/korean-fried-chicken-2-pcs
2026-09-11,246307,Korean Fried Chicken 8 pcs,8 pcs,8.0,pcs,570.0,,,FRB00135,Fry Bucket,local-snacks,local-snacks,,0.0,https://othoba.com/korean-fried-chicken-8-pcs
2026-09-11,246310,Korean Fried Chicken 16 pcs,16 pcs,16.0,pcs,1120.0,,,FRB00136,Fry Bucket,local-snacks,local-snacks,,0.0,https://othoba.com/korean-fried-chicken-16-pcs
2026-09-11,246315,Korean Spicy Chicken 2 pcs,2 pcs,2.0,pcs,160.0,,,FRB00137,Fry Bucket,local-snacks,local-snacks,,0.0,https://othoba.com/korean-spicy-chicken-2-pcs
2026-09-11,246319,Korean Spicy Chicken 4 pcs,4 pcs,4.0,pcs,300.0,,,FRB00138,Fry Bucket,local-snacks,local-snacks,,0.0,https://othoba.com/korean-spicy-chicken-4-pcs
2026-09-11,246325,Korean Spicy Chicken 8 pcs,8 pcs,8.0,pcs,570.0,,,FRB00139,Fry Bucket,local-snacks,local-snacks,,0.0,https://othoba.com/korean-spicy-chicken-8-pcs
2026-09-11,246326,Korean Spicy Chicken 16 pcs,16 pcs,16.0,pcs,1120.0,,,FRB00140,Fry Bucket,local-snacks,local-snacks,,0.0,https://othoba.com/korean-spicy-chicken-16-pcs
2026-09-11,246327,Korean Honey Garlic Chicken 2 pcs,2 pcs,2.0,pcs,160.0,,,FRB00141,Fry Bucket,local-snacks,local-snacks,,0.0,https://othoba.com/korean-honey-garlic-chicken-2-pcs
2026-09-11,246328,Korean Honey Garlic Chicken 4pcs,4 pcs,4.0,pcs,300.0,,,FRB00142,Fry Bucket,local-snacks,local-snacks,,0.0,https://othoba.com/korean-honey-garlic-chicken-4pcs
2026-09-11,246329,Korean Honey Garlic Chicken 8 pcs,8 pcs,8.0,pcs,570.0,,,FRB00143,Fry Bucket,local-snacks,local-snacks,,0.0,https://othoba.com/korean-honey-garlic-chicken-8-pcs
2026-09-11,246330,Korean Honey Garlic Chicken 16 pcs,16 pcs,16.0,pcs,1120.0,,,FRB00144,Fry Bucket,local-snacks,local-snacks,,0.0,https://othoba.com/korean-honey-garlic-chicken-16-pcs
2026-09-11,246331,Crispy Chicken Burger with Cheese,,,,280.0,,,FRB00145,Fry Bucket,local-snacks,local-snacks,,0.0,https://othoba.com/crispy-chicken-burgerwith-cheese
2026-09-11,246333,Garlic Burger with Cheese,,,,280.0,,,FRB00146,Fry Bucket,local-snacks,local-snacks,,0.0,https://othoba.com/garlic-burgerwith-cheese
2026-09-11,246339,Organic London 100% Natural Himalayan Pink Salt 200g,200 g,200.0,g,569.0,800.0,28.88,SOL00595,Smartoice BD Pvt Ltd,daily-cooking,daily-cooking,48.0,0.0,https://othoba.com/organic-london-100-natural-himalayan-pink-salt-200g
2026-09-11,246389,Bisk Club Shero Biscuit,,,,60.0,,,DSP04082,Daily Shopping,biscuit-cookies,biscuit-cookies,,0.0,https://othoba.com/bisk-club-shero-biscuit
2026-09-11,24728,PRAN Potato Sticks DODO Toy Series 35gm,35 g,35.0,g,35.0,,,DSP00254,Daily Shopping,chips,chips,,0.0,https://othoba.com/pran-potato-sticks-dodo-toy-series-35gm-5500000944
2026-09-11,24730,PRAN Zeros 24gm,24 g,24.0,g,10.0,,,DSP00255,Daily Shopping,chips,chips,,4.5,https://othoba.com/pran-zeros-25gm-5500000948
2026-09-11,24731,PRAN Krako Puff Corn 15gm,15 g,15.0,g,5.0,,,DSP00256,Daily Shopping,chips,chips,,0.0,https://othoba.com/pran-krako-puff-corn-15gm-5500000626
2026-09-11,247348,Spicy Fried Chicken 1 pc,1 pcs,1.0,pcs,150.0,,,FRB00149,Fry Bucket,local-snacks,local-snacks,,0.0,https://othoba.com/spicy-fried-chicken-1-pc
2026-09-11,247349,Spicy Fried  Chicken 2 pcs (Leg and Breast/Thigh),2 pcs,2.0,pcs,280.0,,,FRB00150,Fry Bucket,local-snacks,local-snacks,,0.0,https://othoba.com/spicy-fried-chicken-2-pcs-leg-and-breastthigh
2026-09-11,247350,Hot Wings 4 pcs,4 pcs,4.0,pcs,160.0,,,FRB00151,Fry Bucket,local-snacks,local-snacks,,0.0,https://othoba.com/hot-wings-4-pcs
2026-09-11,247351,Hot Wings 8 pcs,8 pcs,8.0,pcs,315.0,,,FRB00152,Fry Bucket,local-snacks,local-snacks,,0.0,https://othoba.com/hot-wings-8-pcs
2026-09-11,247352,Naga Pickle Wings 4 pcs,4 pcs,4.0,pcs,160.0,,,FRB00153,Fry Bucket,local-snacks,local-snacks,,0.0,https://othoba.com/naga-pickle-wings-4-pcs
2026-09-11,247353,Naga Pickle Wings 8 pcs,8 pcs,8.0,pcs,315.0,,,FRB00154,Fry Bucket,local-snacks,local-snacks,,0.0,https://othoba.com/naga-pickle-wings-8-pcs
2026-09-11,247354,Chicken Strips 3 pcs,3 pcs,3.0,pcs,199.0,,,FRB00155,Fry Bucket,local-snacks,local-snacks,,0.0,https://othoba.com/chicken-strips-3-pcs
2026-09-11,247370,Chicken Strips 6 pcs,6 pcs,6.0,pcs,380.0,,,FRB00156,Fry Bucket,local-snacks,local-snacks,,0.0,https://othoba.com/chicken-strips-6-pcs-51706
2026-09-11,249113,Bisk Club Shero Biscuit 2 Pcs Combo,2 pcs,2.0,pcs,60.0,,,DSP04092,Daily Shopping,biscuit-cookies,biscuit-cookies,,0.0,https://othoba.com/bisk-club-shero-biscuit-2-pcs-combo
2026-09-11,25033,PRAN Wonder DRY Cake 350gm,350 g,350.0,g,120.0,,,DSP00258,Daily Shopping,biscuit-cookies,biscuit-cookies,,5.0,https://othoba.com/pran-wonder-dry-cake-350gm-5500001071
2026-09-11,25039,PRAN Bisk Club Dry Cake 30gm,30 g,30.0,g,10.0,,,DSP00262,Daily Shopping,biscuit-cookies,biscuit-cookies,,5.0,https://othoba.com/pran-special-dry-cake-30gm-5500000781
2026-09-11,25044,PRAN Dhaka Cheese 100gm,100 g,100.0,g,100.0,,,DSP00263,Daily Shopping,cheese,cheese,,5.0,https://othoba.com/pran-dhaka-cheese-100gm-4000000207
2026-09-11,25045,PRAN Yogurt (Sour) 100gm,100 g,100.0,g,30.0,,,DSP00264,Daily Shopping,yogurt,yogurt,,5.0,https://othoba.com/pran-sour-curd-100ml-4000000197
2026-09-11,25046,PRAN Labang 200ml,200 ml,200.0,ml,30.0,,,DSP00265,Daily Shopping,yogurt,yogurt,,0.0,https://othoba.com/pran-labang-250ml-4000000175
2026-09-11,25047,PRAN Full Cream Milk Powder 1kg,1 kg,1.0,kg,850.0,950.0,10.53,DSP00266,Daily Shopping,milk-3,milk-3,,2.8,https://othoba.com/pran-full-cream-milk-powder-1kg-4000000005
2026-09-11,25048,PRAN Premium Ghee 900gm,900 g,900.0,g,1625.0,,,DSP00267,Daily Shopping,butter-3,butter-3,,0.0,https://othoba.com/pran-premium-ghee-900gm-4000000011
2026-09-11,25049,PRAN Mk PRAN Diet Milk 400g New,400 g,400.0,g,320.0,,,DSP00268,Daily Shopping,milk-3,milk-3,,0.0,https://othoba.com/pran-mk-pran-diet-milk-400g-new-4000000007
2026-09-11,25050,PRAN FCMP 200gm,200 g,200.0,g,205.0,,,DSP00269,Daily Shopping,milk-3,milk-3,,5.0,https://othoba.com/pran-fcmp-200gm-4000000016
2026-09-11,250500,1Pcs- Dumpling Making tool Pastry Pie Dumpling Maker Baozi Mold Baking And Pastry Tool Steamed Stuffed Bun Making Mold,1 pcs,1.0,pcs,82.0,194.0,57.73,FRW01096,Feri Wala Limited,baking-2,baking-2,12.0,0.0,https://othoba.com/1pcs-dumpling-making-tool-pastry-pie-dumpling-maker-baozi-mold-baking-and-pastry-tool-steamed-stuffed-bun-making-mold-250500
2026-09-11,250504,Baking Cup- Multicolor-12 Cups,,,,166.0,351.0,52.71,FRW01100,Feri Wala Limited,baking-2,baking-2,18.0,0.0,https://othoba.com/baking-cup-multicolor-12-cups-250504
2026-09-11,25051,PRAN UHT Milk 1000ml (Low Fat),1000 ml,1000.0,ml,150.0,,,DSP00270,Daily Shopping,liquid-milk,liquid-milk,,0.0,https://othoba.com/pran-milkman-slim-milk-1000ml-liquid-4000000084
2026-09-11,25052,PRAN Flavored Milk Chocolate 200ml,200 ml,200.0,ml,25.0,,,DSP00271,Daily Shopping,liquid-milk,liquid-milk,,5.0,https://othoba.com/pran-flavored-milk-chocolate-200ml-4000000126
2026-09-11,25053,PRAN Flavored Milk Strawberry 200ml,200 ml,200.0,ml,320.0,,,DSP00272,Daily Shopping,milk-3,milk-3,,0.0,https://othoba.com/pran-flavored-milk-strawberry-200ml-4000000167
2026-09-11,25054,PRAN Premium Butter 200gm,200 g,200.0,g,285.0,,,DSP00273,Daily Shopping,butter-3,butter-3,,5.0,https://othoba.com/pran-premium-butter-200gm-box-4000000145
2026-09-11,25055,PRAN Dhaka Cheese 200gm,200 g,200.0,g,190.0,,,DSP00274,Daily Shopping,cheese,cheese,,5.0,https://othoba.com/pran-dhaka-cheese-200gm-4000000014-p00274
2026-09-11,251797,1 Pices Grip Oven Pot Holder Baking BBQ Cook Tools Mini Kitchen Non-slip Heat Resistant Oven Mitts Silicone Glove,,,,42.0,98.0,57.14,FRW01313,Feri Wala Limited,baking-2,baking-2,49.0,0.0,https://othoba.com/1-pices-grip-oven-pot-holder-baking-bbq-cook-tools-mini-kitchen-non-slip-heat-resistant-oven-mitts-silicone-glove-251797
2026-09-11,25197,Carnival Heart Shape Candy Box,,,,75.0,,,DSP00275,Daily Shopping,chocolate-candy,chocolate-candy,,0.0,https://othoba.com/carnival-heart-shape-candy-box-5500001080
2026-09-11,25198,Jojo Heart shape Gift Box,,,,80.0,,,DSP00276,Daily Shopping,chocolate-candy,chocolate-candy,,0.0,https://othoba.com/jojo-heart-shape-gift-box-5500001079
2026-09-11,253235,Silicone Brush and Spatula for Cake BBQ Baking No Ratings,,,,98.0,120.0,18.33,PEF00119,Perfect Finish BD,baking-2,baking-2,16.0,0.0,https://othoba.com/silicone-brush-and-spatula-for-cake-bbq-baking-no-ratings-253235
2026-09-11,254551,Shahi Meva (1 Piece),1 pcs,1.0,pcs,6.0,,,BGD00002,Baatighar Dhaka,ready-mix,ready-mix,26.0,0.0,https://othoba.com/shahi-meva-1-piece
2026-09-11,25461,Radhuni Biryani Masala 40 GM,40 g,40.0,g,60.0,,,DSP00282,Daily Shopping,spice-herb,spice-herb,,3.5,https://othoba.com/radhuni-biryani-masala-40-gm-5000000103
2026-09-11,25462,Radhuni Chilli Powder 50gm,50 g,50.0,g,38.0,,,DSP00283,Daily Shopping,spice-herb,spice-herb,,5.0,https://othoba.com/radhuni-chilli-powder-50gm-5000000089
2026-09-11,25463,Radhuni Chilli Powder 100gm,100 g,100.0,g,75.0,,,DSP00284,Daily Shopping,spice-herb,spice-herb,,5.0,https://othoba.com/radhuni-chilli-powder-100gm-5000000090
2026-09-11,25464,Radhuni Garam Masala 40 gm,40 g,40.0,g,80.0,,,DSP00285,Daily Shopping,spice-herb,spice-herb,,5.0,https://othoba.com/radhuni-garam-masala-40-gm-5000000100
2026-09-11,25465,Radhuni Turmeric Powder 50gm,50 g,50.0,g,40.0,,,DSP00286,Daily Shopping,spice-herb,spice-herb,,5.0,https://othoba.com/radhuni-turmeric-powder-50gm-5000000085
2026-09-11,25467,Radhuni Turmeric Powder 100gm,100 g,100.0,g,75.0,,,DSP00288,Daily Shopping,spice-herb,spice-herb,,5.0,https://othoba.com/radhuni-turmeric-powder-100gm-5000000086
2026-09-11,25468,Aarong Pasteurized Milk 1000ml,1000 ml,1000.0,ml,105.0,,,DSP00289,Daily Shopping,milk-3,milk-3,,0.0,https://othoba.com/aarong-pasteurized-milk-1000ml-4000000057
2026-09-11,25472,Rupchanda Soybean Oil 5ltr,5 l,5.0,l,1000.0,,,DSP00293,Daily Shopping,daily-cooking,daily-cooking,,4.7,https://othoba.com/rupchanda-soyabean-oil-5ltr-3500000025
2026-09-11,25480,SUN Chips Garlic & Chilli-35 gm,35 g,35.0,g,30.0,,,DSP00301,Daily Shopping,chips,chips,,5.0,https://othoba.com/sun-chips-garlic-chilli-38-gm-5500000356
2026-09-11,25481,ACI Salt 1kg,1 kg,1.0,kg,42.0,,,DSP00302,Daily Shopping,daily-cooking,daily-cooking,,4.0,https://othoba.com/aci-salt-1kg-3500000029
2026-09-11,25482,SUN Chips Mix Masala-35 gm,35 g,35.0,g,30.0,,,DSP00303,Daily Shopping,chips,chips,,5.0,https://othoba.com/sun-chips-mix-masala-38-gm-5500000354
2026-09-11,25483,Sun Chips Salt & Pepper-20gm,20 g,20.0,g,20.0,,,DSP00304,Daily Shopping,chips,chips,,5.0,https://othoba.com/sun-chips-salt-pepper-22gm-5500000362
2026-09-11,25484,SUN Chips Tomato Tango-35 gm,35 g,35.0,g,30.0,,,DSP00305,Daily Shopping,chips,chips,,5.0,https://othoba.com/sun-chips-tomato-tango-38-gm-5500000352
2026-09-11,25486,SUN Chips Tomato Tango-75 gm,75 g,75.0,g,60.0,,,DSP00307,Daily Shopping,chips,chips,,5.0,https://othoba.com/sun-chips-tomato-tango-80-gm-5500000353
2026-09-11,254862,Garden Fresh Langra Mango 5KG,5 kg,5.0,kg,650.0,,,DSP04104,Daily Shopping,fruits-vegetable,fruits-vegetable,,0.0,https://othoba.com/garden-fresh-langra-mango-5kg
2026-09-11,25490,Hosen Red Kidney Beans 425gm,425 g,425.0,g,295.0,,,DSP00311,Daily Shopping,biscuit-cookies,biscuit-cookies,,0.0,https://othoba.com/olympic-energy-plus-biscuit-80g-5500000499
2026-09-11,25493,Olympic TIP Biscuit 70gm,70 g,70.0,g,15.0,,,DSP00314,Daily Shopping,biscuit-cookies,biscuit-cookies,,0.0,https://othoba.com/olympic-tip-biscuit-70gm-5500000421
2026-09-11,25495,Snickers Bar Chocolate 32gm,32 g,32.0,g,50.0,,,DSP00316,Daily Shopping,chocolate-candy,chocolate-candy,,5.0,https://othoba.com/snickers-bar-chocolate-32gm-5500000592
2026-09-11,25496,Cocola Biscuits Champion 86gm,86 g,86.0,g,20.0,,,DSP00317,Daily Shopping,biscuit-cookies,biscuit-cookies,,5.0,https://othoba.com/cocola-biscuits-champion-86gm-5500000537
2026-09-11,25497,Starship Condensed Milk 397gm,397 g,397.0,g,105.0,,,DSP00318,Daily Shopping,milk-3,milk-3,,2.5,https://othoba.com/starship-condensed-milk-397gm-4000000085
2026-09-11,25498,Mr. Noodles Egg Noodles Single Pack 180gm,180 g,180.0,g,22.0,,,DSP00319,Daily Shopping,noodles,noodles,,0.0,https://othoba.com/cocola-egg-noodles-200gm-5500000536
2026-09-11,25500,Danish Condensed Milk 397gm,397 g,397.0,g,105.0,,,DSP00321,Daily Shopping,milk-3,milk-3,,5.0,https://othoba.com/danish-condensed-milk-397gm-4000000105
2026-09-11,255022,"2 in 1 Dumpling Maker, Dumpling Skin Maker,  Dumpling Wrapper Tool, Dumpling Mould, Labour- Saving Baking, Pastry, Kitchen Gadgets",,,,281.0,370.0,24.05,PEF00264,Perfect Finish BD,baking-2,baking-2,10.0,0.0,https://othoba.com/2-in-1-dumpling-maker-dumpling-skin-maker-dumpling-wrapper-tool-dumpling-mould-labour-saving-baking-pastry-kitchen-gadgets
2026-09-11,25504,DIPLOMA Instant Full Cream Milk Powder 1kg,1 kg,1.0,kg,950.0,,,DSP00325,Daily Shopping,milk-3,milk-3,,5.0,https://othoba.com/diploma-instant-full-cream-milk-powder-1kg-4000000095
2026-09-11,25507,DIPLOMA Instant Full Cream Milk Powder 500gm,500 g,500.0,g,480.0,,,DSP00328,Daily Shopping,milk-3,milk-3,,5.0,https://othoba.com/diploma-instant-full-cream-milk-powder-500gm-4000000096
2026-09-11,25510,Fresh Refined Sugar 1kg,1 kg,1.0,kg,110.0,,,DSP00331,Daily Shopping,daily-cooking,daily-cooking,,0.0,https://othoba.com/fresh-refined-sugar-1kg-3500000060
2026-09-11,25511,Fresh Super Premium Salt 1kg,1 kg,1.0,kg,42.0,,,DSP00332,Daily Shopping,daily-cooking,daily-cooking,,5.0,https://othoba.com/fresh-super-premium-salt-1kg-3500000059
2026-09-11,255118,Ginger Chicken Bowl with Rice,,,,255.0,300.0,15.0,SCK00261,Sara's cloud kitchen,bakery-snacks,bakery-snacks,,0.0,https://othoba.com/ginger-chicken-with-rice
2026-09-11,25512,Haque Chocolate Digestive Biscuits 137gm,137 g,137.0,g,40.0,,,DSP00333,Daily Shopping,biscuit-cookies,biscuit-cookies,,5.0,https://othoba.com/haque-digestive-chocolate-standard-145gm-5500000127
2026-09-11,25513,Haque Digestive Plain Standard 120gm,120 g,120.0,g,30.0,,,DSP00334,Daily Shopping,biscuit-cookies,biscuit-cookies,,5.0,https://othoba.com/haque-digestive-plain-standard-150gm-5500000128
2026-09-11,25514,Haque Mr. Cookie Economy 39gm,39 g,39.0,g,10.0,,,DSP00335,Daily Shopping,biscuit-cookies,biscuit-cookies,,5.0,https://othoba.com/haque-mr-cookie-economy-55gm-5500000125
2026-09-11,25515,Haque Mr. Energy Standard 80gm,80 g,80.0,g,20.0,,,DSP00336,Daily Shopping,biscuit-cookies,biscuit-cookies,,5.0,https://othoba.com/haque-mr-energy-standard-80gm-5500000134
2026-09-11,25518,Nido FCMP   BIB 350gm,350 g,350.0,g,450.0,,,DSP00339,Daily Shopping,milk-3,milk-3,,5.0,https://othoba.com/nido-fcmp-bib-350gm-1500000015
2026-09-11,25521,Nido FCMP BIB 1+ 350 gm,350 g,350.0,g,530.0,,,DSP00342,Daily Shopping,milk-3,milk-3,,5.0,https://othoba.com/nido-fcmp-bib-1-350-gm-1500000021
2026-09-11,25523,Kinder Joy with Surprise Boys 20gm,20 g,20.0,g,120.0,,,DSP00344,Daily Shopping,chocolate-candy,chocolate-candy,,5.0,https://othoba.com/kinder-joy-20gm-5500000342
2026-09-11,25525,Knorr Soup Thai 28gm,28 g,28.0,g,55.0,,,DSP00346,Daily Shopping,soup-2,soup-2,,5.0,https://othoba.com/knorr-soup-thai-28gm-5500000114
2026-09-11,25527,Kolson Lacha Shemai 200gm,200 g,200.0,g,50.0,,,DSP00348,Daily Shopping,vermicellies,vermicellies,,5.0,https://othoba.com/kolson-lacha-shemai-200gm-5500000139
2026-09-11,25529,Kolson Vermicelli 200gm,200 g,200.0,g,45.0,,,DSP00350,Daily Shopping,vermicellies,vermicellies,,5.0,https://othoba.com/kolson-vermicelli-200gm-5500000138
2026-09-11,25531,Maggi Shaad-e-Magic 4gm,4 g,4.0,g,5.0,,,DSP00352,Daily Shopping,spice-herb,spice-herb,,5.0,https://othoba.com/maggi-shaad-e-magic-4gm-5000000126
2026-09-11,25533,Marks Milk Powder Foil 250gm,250 g,250.0,g,245.0,,,DSP00354,Daily Shopping,milk-3,milk-3,,5.0,https://othoba.com/marks-milk-powder-foil-250gm-4000000089
2026-09-11,255338,"""2 in 1 Dumpling Maker, Dumpling Skin Maker, Dumpling Wrapper Tool, Dumpling Mould, Labour -Saving Baking, Pastry, Kitchen Gadgets""",,,,282.0,310.0,9.03,PEF00437,Perfect Finish BD,baking-2,baking-2,35.0,0.0,https://othoba.com/2-in-1-dumpling-maker-dumpling-skin-maker-dumpling-wrapper-tool-dumpling-mould-labour-saving-baking-pastry-kitchen-gadgets-2
2026-09-11,25534,Marks FCMP Foil 500gm,500 g,500.0,g,460.0,,,DSP00355,Daily Shopping,milk-3,milk-3,,0.0,https://othoba.com/marks-fcmp-foil-500gm
2026-09-11,25535,Meridan Real Thai Chicken Chips 16gm,16 g,16.0,g,25.0,,,DSP00356,Daily Shopping,chips,chips,,0.0,https://othoba.com/meridan-real-thai-chicken-chips-16gm-5500000529
2026-09-11,25536,Meridan Real Thai Shrimp Chips 15gm,15 g,15.0,g,60.0,,,DSP00357,Daily Shopping,chips,chips,,5.0,https://othoba.com/meridan-real-thai-shrimp-chips-15gm-5500000530
2026-09-11,256174,Bisk Club Shero Biscuit 2Pcs,2 pcs,2.0,pcs,60.0,,,DSP04105,Daily Shopping,biscuit-cookies,biscuit-cookies,,0.0,https://othoba.com/bisk-club-shero-biscuit-2pcs
2026-09-11,256267,Farmer's Gold Chinigura Rice 1kg,1 kg,1.0,kg,161.0,170.0,5.29,DAL00001,DREAMWAY AGRO LTD.,daily-cooking,daily-cooking,392.0,0.0,https://othoba.com/farmers-gold-chinigura-rice-1kg
2026-09-11,256270,Farmer's Gold Red Amon Rice 1kg,1 kg,1.0,kg,108.0,120.0,10.0,DAL00002,DREAMWAY AGRO LTD.,daily-cooking,daily-cooking,49.0,0.0,https://othoba.com/farmers-gold-red-amon-rice-1kg
2026-09-11,256271,Farmer's Gold Kidney Bean 500g,500 g,500.0,g,151.0,170.0,11.18,DAL00003,DREAMWAY AGRO LTD.,daily-cooking,daily-cooking,51.0,0.0,https://othoba.com/farmers-gold-kidney-bean-500g
2026-09-11,256272,Farmer's Gold Red Amon Rice 2kg,2 kg,2.0,kg,188.0,220.0,14.55,DAL00004,DREAMWAY AGRO LTD.,daily-cooking,daily-cooking,9.0,0.0,https://othoba.com/farmers-gold-red-amon-rice-2kg
2026-09-11,256273,Farmer's Gold Red Awus Rice (Dheki Chata) 1kg,1 kg,1.0,kg,122.0,130.0,6.15,DAL00005,DREAMWAY AGRO LTD.,daily-cooking,daily-cooking,18.0,0.0,https://othoba.com/farmers-gold-red-awus-rice-dheki-chata-1kg
2026-09-11,256275,Farmers Gold Chick Pea Flour 1kg,1 kg,1.0,kg,151.0,170.0,11.18,DAL00006,DREAMWAY AGRO LTD.,daily-cooking,daily-cooking,25.0,0.0,https://othoba.com/farmers-gold-chick-pea-flour-1kg
2026-09-11,256276,Farmer's Gold Red Awus Rice (Dheki Chata) 2kg,2 kg,2.0,kg,204.0,240.0,15.0,DAL00007,DREAMWAY AGRO LTD.,daily-cooking,daily-cooking,17.0,0.0,https://othoba.com/farmers-gold-red-awus-rice-dheki-chata-2kg
2026-09-11,256277,Farmers Gold Chick Pea Flour 500g,500 g,500.0,g,80.0,90.0,11.11,DAL00008,DREAMWAY AGRO LTD.,daily-cooking,daily-cooking,51.0,0.0,https://othoba.com/farmers-gold-chick-pea-flour-500g
2026-09-11,256279,Farmer's Gold Binni Rice 1kg,1 kg,1.0,kg,236.0,250.0,5.6,DAL00009,DREAMWAY AGRO LTD.,daily-cooking,daily-cooking,19.0,0.0,https://othoba.com/farmers-gold-binni-rice-1kg
2026-09-11,256282,Farmer's Gold Black Pepper Whole 100g,100 g,100.0,g,222.0,250.0,11.2,DAL00010,DREAMWAY AGRO LTD.,daily-cooking,daily-cooking,46.0,0.0,https://othoba.com/farmers-gold-black-pepper-whole-100g-2
2026-09-11,256283,Farmers Gold Red Binni Rice 1kg,1 kg,1.0,kg,236.0,250.0,5.6,DAL00011,DREAMWAY AGRO LTD.,daily-cooking,daily-cooking,27.0,0.0,https://othoba.com/farmers-gold-red-binni-rice-1kg
2026-09-11,256284,Farmer's Gold Cloves 100g,100 g,100.0,g,218.0,245.0,11.02,DAL00012,DREAMWAY AGRO LTD.,spice-herb,spice-herb,45.0,0.0,https://othoba.com/farmers-gold-cloves-100g
2026-09-11,256285,Farmer's Gold Red Biroi Rice 1kg,1 kg,1.0,kg,120.0,140.0,14.29,DAL00013,DREAMWAY AGRO LTD.,daily-cooking,daily-cooking,28.0,0.0,https://othoba.com/farmers-gold-red-biroi-rice-1kg
2026-09-11,256286,Farmer's Gold Kaun Rice 500g,500 g,500.0,g,142.0,150.0,5.33,DAL00014,DREAMWAY AGRO LTD.,daily-cooking,daily-cooking,11.0,0.0,https://othoba.com/farmers-gold-kaun-rice-500g
2026-09-11,256287,Farmer's Gold Atop Rice 1kg,1 kg,1.0,kg,77.0,90.0,14.44,DAL00015,DREAMWAY AGRO LTD.,daily-cooking,daily-cooking,27.0,0.0,https://othoba.com/farmers-gold-atop-rice-1kg
2026-09-11,256288,Farmer's Gold Atop Rice Flour 1kg,1 kg,1.0,kg,94.0,110.0,14.55,DAL00016,DREAMWAY AGRO LTD.,daily-cooking,daily-cooking,9.0,0.0,https://othoba.com/farmers-gold-atop-rice-flour-1kg
2026-09-11,256289,Farmer's Gold Chilli Flakes 80g,80 g,80.0,g,113.0,120.0,5.83,DAL00017,DREAMWAY AGRO LTD.,spice-herb,spice-herb,18.0,0.0,https://othoba.com/farmers-gold-chilli-flakes-80g
2026-09-11,256290,Farmer's Gold Black Rice 1kg,1 kg,1.0,kg,236.0,250.0,5.6,DAL00018,DREAMWAY AGRO LTD.,daily-cooking,daily-cooking,14.0,0.0,https://othoba.com/farmers-gold-black-rice-1kg
2026-09-11,256292,Farmer's Gold Cloves 100g,100 g,100.0,g,218.0,245.0,11.02,DAL00020,DREAMWAY AGRO LTD.,spice-herb,spice-herb,9.0,0.0,https://othoba.com/farmers-gold-cloves-100g-2
2026-09-11,256294,Farmer's Gold Mustard Seeds 100g,100 g,100.0,g,80.0,90.0,11.11,DAL00022,DREAMWAY AGRO LTD.,spice-herb,spice-herb,27.0,0.0,https://othoba.com/farmers-gold-mustard-seeds-100g
2026-09-11,256295,Farmer's Gold Kabab Spice Powder 100g,100 g,100.0,g,151.0,170.0,11.18,DAL00023,DREAMWAY AGRO LTD.,spice-herb,spice-herb,54.0,0.0,https://othoba.com/farmers-gold-kabab-spice-powder-100g
2026-09-11,256296,Farmer's Gold Ghee 320g,320 g,320.0,g,516.0,580.0,11.03,DAL65120,DREAMWAY AGRO LTD.,butter-3,butter-3,13.0,0.0,https://othoba.com/farmers-gold-ghee-320g
2026-09-11,256297,Farmer's Gold Bay Leaves 100g,100 g,100.0,g,53.0,60.0,11.67,DAL57263,DREAMWAY AGRO LTD.,spice-herb,spice-herb,50.0,0.0,https://othoba.com/farmers-gold-bay-leaves-100g
2026-09-11,256298,Farmer's Gold Cinnamon 100g,100 g,100.0,g,98.0,110.0,10.91,DAL00026,DREAMWAY AGRO LTD.,spice-herb,spice-herb,32.0,0.0,https://othoba.com/farmers-gold-cinnamon-100g
2026-09-11,256299,Farmer's Gold Cumin 200g,200 g,200.0,g,338.0,380.0,11.05,DAL00027,DREAMWAY AGRO LTD.,spice-herb,spice-herb,51.0,0.0,https://othoba.com/farmers-gold-cumin-200g
2026-09-11,256300,Farmer's Gold Ghee 175g,175 g,175.0,g,293.0,330.0,11.21,DAL00028,DREAMWAY AGRO LTD.,butter-3,butter-3,10.0,0.0,https://othoba.com/farmers-gold-ghee-175g
2026-09-11,256301,Farmer's Gold Black Cumin 100g,100 g,100.0,g,98.0,110.0,10.91,DAL00029,DREAMWAY AGRO LTD.,spice-herb,spice-herb,35.0,0.0,https://othoba.com/farmers-gold-black-cumin-100g
2026-09-11,256303,Farmer's Gold Black Cumin 200g,200 g,200.0,g,187.0,210.0,10.95,DAL00031,DREAMWAY AGRO LTD.,spice-herb,spice-herb,34.0,0.0,https://othoba.com/farmers-gold-black-cumin-200g
2026-09-11,256306,Farmer's Gold Dried Chillies 100g,100 g,100.0,g,71.0,80.0,11.25,DAL00034,DREAMWAY AGRO LTD.,spice-herb,spice-herb,44.0,0.0,https://othoba.com/farmers-gold-dried-chillies-100g
2026-09-11,256307,Farmer's Gold Fenugreek Seed 100g,100 g,100.0,g,80.0,90.0,11.11,DAL00035,DREAMWAY AGRO LTD.,spice-herb,spice-herb,54.0,0.0,https://othoba.com/farmers-gold-fenugreek-seed-100g
2026-09-11,256310,Farmer's Gold Liquorice 100g,100 g,100.0,g,80.0,90.0,11.11,DAL00038,DREAMWAY AGRO LTD.,spice-herb,spice-herb,33.0,0.0,https://othoba.com/farmers-gold-liquorice-100g
2026-09-11,256312,Farmer's Gold Dried Chillies 100g,100 g,100.0,g,71.0,80.0,11.25,DAL00040,DREAMWAY AGRO LTD.,spice-herb,spice-herb,8.0,0.0,https://othoba.com/farmers-gold-dried-chillies-100g-2
2026-09-11,256314,Farmer's Gold Hot Spice Powder 100g,100 g,100.0,g,160.0,180.0,11.11,DAL00042,DREAMWAY AGRO LTD.,spice-herb,spice-herb,31.0,0.0,https://othoba.com/farmers-gold-hot-spice-powder-100g
2026-09-11,256317,Farmer's Gold Mix Spice Powder 100g,100 g,100.0,g,80.0,90.0,11.11,DAL00045,DREAMWAY AGRO LTD.,spice-herb,spice-herb,8.0,0.0,https://othoba.com/farmers-gold-mix-spice-powder-100g
2026-09-11,256321,Farmer's Gold Black Pepper Powder 100g,100 g,100.0,g,240.0,270.0,11.11,DAL00049,DREAMWAY AGRO LTD.,spice-herb,spice-herb,30.0,0.0,https://othoba.com/farmers-gold-black-pepper-powder-100g
2026-09-11,256323,Farmer's Gold Rock Salt 200g,200 g,200.0,g,80.0,90.0,11.11,DAL00051,DREAMWAY AGRO LTD.,daily-cooking,daily-cooking,29.0,0.0,https://othoba.com/farmers-gold-rock-salt-200g
2026-09-11,256324,Farmer's Gold White Pepper Powder 100g,100 g,100.0,g,267.0,300.0,11.0,DAL00052,DREAMWAY AGRO LTD.,spice-herb,spice-herb,16.0,0.0,https://othoba.com/farmers-gold-white-pepper-powder-100g
2026-09-11,256329,Farmer's Gold Red Chilli Powder 100g,100 g,100.0,g,84.0,90.0,6.67,DAL00057,DREAMWAY AGRO LTD.,spice-herb,spice-herb,51.0,0.0,https://othoba.com/farmers-gold-red-chilli-powder-100g
2026-09-11,256330,Farmer's Gold Red Chilli Powder 200g,200 g,200.0,g,160.0,170.0,5.88,DAL00058,DREAMWAY AGRO LTD.,spice-herb,spice-herb,7.0,0.0,https://othoba.com/farmers-gold-red-chilli-powder-200g
2026-09-11,256334,Farmer's Gold Turmeric Powder 100g,100 g,100.0,g,71.0,75.0,5.33,DAL00062,DREAMWAY AGRO LTD.,spice-herb,spice-herb,47.0,0.0,https://othoba.com/farmers-gold-turmeric-powder-100g
2026-09-11,256336,Farmer's Gold Turmeric Powder 200g,200 g,200.0,g,137.0,145.0,5.52,DAL00064,DREAMWAY AGRO LTD.,spice-herb,spice-herb,32.0,0.0,https://othoba.com/farmers-gold-turmeric-powder-200g
2026-09-11,256338,Farmer's Gold Cumin Powder 100g,100 g,100.0,g,208.0,210.0,0.95,DAL00066,DREAMWAY AGRO LTD.,spice-herb,spice-herb,40.0,0.0,https://othoba.com/farmers-gold-cumin-powder-100g
2026-09-11,256339,Farmer's Gold Cumin Powder 200g,200 g,200.0,g,397.0,420.0,5.48,DAL00067,DREAMWAY AGRO LTD.,spice-herb,spice-herb,14.0,0.0,https://othoba.com/farmers-gold-cumin-powder-200g
2026-09-11,256340,Farmer's Gold Coriander Powder 100g,100 g,100.0,g,57.0,60.0,5.0,DAL00068,DREAMWAY AGRO LTD.,spice-herb,spice-herb,17.0,0.0,https://othoba.com/farmers-gold-coriander-powder-100g
2026-09-11,256342,Farmer's Gold Coriander Powder 200g,200 g,200.0,g,103.0,110.0,6.36,DAL00070,DREAMWAY AGRO LTD.,spice-herb,spice-herb,15.0,0.0,https://othoba.com/farmers-gold-coriander-powder-200g
2026-09-11,256343,Farmer's Gold Himalayan Pink Salt 250g,250 g,250.0,g,160.0,180.0,11.11,DAL00071,DREAMWAY AGRO LTD.,daily-cooking,daily-cooking,20.0,0.0,https://othoba.com/farmers-gold-himalayan-pink-salt-250g
2026-09-11,256345,Farmer's Gold Kabli Boot 1kg,1 kg,1.0,kg,440.0,550.0,20.0,DAL00073,DREAMWAY AGRO LTD.,daily-cooking,daily-cooking,19.0,0.0,https://othoba.com/farmers-gold-kabli-boot-1kg
2026-09-11,256346,Farmer's Gold Protein Powder 200g,200 g,200.0,g,400.0,450.0,11.11,DAL00074,DREAMWAY AGRO LTD.,salt-sugar,salt-sugar,47.0,0.0,https://othoba.com/farmers-gold-protein-powder-200g
2026-09-11,256350,Farmers Gold Mashkalai Dal (Roasted) 500g,500 g,500.0,g,128.0,135.0,5.19,DAL00078,DREAMWAY AGRO LTD.,daily-cooking,daily-cooking,39.0,0.0,https://othoba.com/farmers-gold-mashkalai-dal-roasted-500g
2026-09-11,256351,Farmer's Gold Tulsi Powder 25g,25 g,25.0,g,68.0,80.0,15.0,DAL00079,DREAMWAY AGRO LTD.,salt-sugar,salt-sugar,54.0,0.0,https://othoba.com/farmers-gold-tulsi-powder-25g
2026-09-11,256352,Farmer's Gold Chick Pea 1kg,1 kg,1.0,kg,151.0,160.0,5.62,DAL00080,DREAMWAY AGRO LTD.,daily-cooking,daily-cooking,13.0,0.0,https://othoba.com/farmers-gold-chick-pea-1kg
2026-09-11,256353,Farmers Gold Mashkalai Dal (Roasted) 1kg,1 kg,1.0,kg,246.0,260.0,5.38,DAL00081,DREAMWAY AGRO LTD.,daily-cooking,daily-cooking,56.0,0.0,https://othoba.com/farmers-gold-mashkalai-dal-roasted-1kg
2026-09-11,256354,Farmer's Gold Neem Leaf Powder 100g,100 g,100.0,g,107.0,120.0,10.83,DAL00082,DREAMWAY AGRO LTD.,salt-sugar,salt-sugar,17.0,0.0,https://othoba.com/farmers-gold-neem-leaf-powder-100g
2026-09-11,256355,Farmer's Gold Mug Dal 500g,500 g,500.0,g,99.0,105.0,5.71,DAL00083,DREAMWAY AGRO LTD.,daily-cooking,daily-cooking,43.0,0.0,https://othoba.com/farmers-gold-mug-dal-500g
2026-09-11,256356,Farmer's Gold Chick Pea 500g,500 g,500.0,g,70.0,75.0,6.67,DAL00084,DREAMWAY AGRO LTD.,daily-cooking,daily-cooking,12.0,0.0,https://othoba.com/farmers-gold-chick-pea-500g
2026-09-11,256357,Farmer's Gold Mug Dal 1kg,1 kg,1.0,kg,170.0,200.0,15.0,DAL00085,DREAMWAY AGRO LTD.,daily-cooking,daily-cooking,14.0,0.0,https://othoba.com/farmers-gold-mug-dal-1kg
2026-09-11,256358,Farmer's Gold Moringa Powder 85g,85 g,85.0,g,222.0,250.0,11.2,DAL00086,DREAMWAY AGRO LTD.,salt-sugar,salt-sugar,7.0,0.0,https://othoba.com/farmers-gold-moringa-powder-85g
2026-09-11,256359,Farmer's Gold Moshur Dal (Deshi) 1kg,1 kg,1.0,kg,170.0,180.0,5.56,DAL00087,DREAMWAY AGRO LTD.,daily-cooking,daily-cooking,12.0,0.0,https://othoba.com/farmers-gold-moshur-dal-deshi-1kg
2026-09-11,256360,Farmers Gold Khesari Dal 500g,500 g,500.0,g,80.0,85.0,5.88,DAL00088,DREAMWAY AGRO LTD.,daily-cooking,daily-cooking,18.0,0.0,https://othoba.com/farmers-gold-khesari-dal-500g
2026-09-11,256361,Farmer's Gold Moshur Dal (Deshi) 500g,500 g,500.0,g,89.0,95.0,6.32,DAL00089,DREAMWAY AGRO LTD.,daily-cooking,daily-cooking,37.0,0.0,https://othoba.com/farmers-gold-moshur-dal-deshi-500g
2026-09-11,256362,Farmer's Gold Psyllium Husk 100g,100 g,100.0,g,249.0,280.0,11.07,DAL00090,DREAMWAY AGRO LTD.,salt-sugar,salt-sugar,41.0,0.0,https://othoba.com/farmers-gold-psyllium-husk-100g
2026-09-11,256363,Farmers Gold Khesari Dal 1kg,1 kg,1.0,kg,151.0,160.0,5.62,DAL00091,DREAMWAY AGRO LTD.,daily-cooking,daily-cooking,29.0,0.0,https://othoba.com/farmers-gold-khesari-dal-1kg
2026-09-11,256364,Farmer's Gold Anchor Dal 1kg,1 kg,1.0,kg,132.0,140.0,5.71,DAL00092,DREAMWAY AGRO LTD.,daily-cooking,daily-cooking,18.0,0.0,https://othoba.com/farmers-gold-anchor-dal-1kg
2026-09-11,256365,Farmer's Gold Boot Dal 500g,500 g,500.0,g,81.0,85.0,4.71,DAL00093,DREAMWAY AGRO LTD.,daily-cooking,daily-cooking,47.0,0.0,https://othoba.com/farmers-gold-boot-dal-500g
2026-09-11,256366,Farmer's Gold Fenugreek Powder 100g,100 g,100.0,g,80.0,90.0,11.11,DAL00094,DREAMWAY AGRO LTD.,salt-sugar,salt-sugar,35.0,0.0,https://othoba.com/farmers-gold-fenugreek-powder-100g
2026-09-11,256367,Farmer's Gold Boot Dal 1kg,1 kg,1.0,kg,151.0,160.0,5.62,DAL00095,DREAMWAY AGRO LTD.,daily-cooking,daily-cooking,36.0,0.0,https://othoba.com/farmers-gold-boot-dal-1kg
2026-09-11,256368,Farmer's Gold Anchor Dal 500g,500 g,500.0,g,70.0,75.0,6.67,DAL00096,DREAMWAY AGRO LTD.,daily-cooking,daily-cooking,13.0,0.0,https://othoba.com/farmers-gold-anchor-dal-500g
2026-09-11,256369,Farmer's Gold Triphala Powder 100g,100 g,100.0,g,80.0,90.0,11.11,DAL00097,DREAMWAY AGRO LTD.,salt-sugar,salt-sugar,37.0,0.0,https://othoba.com/farmers-gold-triphala-powder-100g
2026-09-11,256370,Farmer's Gold Josti Modhu Powder 100g,100 g,100.0,g,89.0,110.0,19.09,DAL00098,DREAMWAY AGRO LTD.,salt-sugar,salt-sugar,7.0,0.0,https://othoba.com/farmers-gold-josti-modhu-powder-100g
2026-09-11,256371,Farmer's Gold Wood Apple Powder 100g,100 g,100.0,g,80.0,90.0,11.11,DAL00099,DREAMWAY AGRO LTD.,salt-sugar,salt-sugar,30.0,0.0,https://othoba.com/farmers-gold-wood-apple-powder-100g
2026-09-11,256372,Farmer's Gold Eternal Powder 100g,100 g,100.0,g,187.0,210.0,10.95,DAL00100,DREAMWAY AGRO LTD.,salt-sugar,salt-sugar,32.0,0.0,https://othoba.com/farmers-gold-eternal-powder-100g
2026-09-11,256373,Farmer's Gold Oshogonda Powder 100g,100 g,100.0,g,124.0,140.0,11.43,DAL00101,DREAMWAY AGRO LTD.,salt-sugar,salt-sugar,49.0,0.0,https://othoba.com/farmers-gold-oshogonda-powder-100g
2026-09-11,256374,Farmer's Gold Java Plum Powder 100g,100 g,100.0,g,76.0,90.0,15.56,DAL00102,DREAMWAY AGRO LTD.,salt-sugar,salt-sugar,10.0,0.0,https://othoba.com/farmers-gold-java-plum-powder-100g
2026-09-11,256375,Farmer's Gold Arjuna Powder 100g,100 g,100.0,g,80.0,90.0,11.11,DAL00103,DREAMWAY AGRO LTD.,salt-sugar,salt-sugar,14.0,0.0,https://othoba.com/farmers-gold-arjuna-powder-100g
2026-09-11,256376,Farmer's Gold Haritaki Powder 100g,100 g,100.0,g,72.0,90.0,20.0,DAL00104,DREAMWAY AGRO LTD.,salt-sugar,salt-sugar,9.0,0.0,https://othoba.com/farmers-gold-haritaki-powder-100g
2026-09-11,256377,Farmer's Gold Bohera Powder 100g,100 g,100.0,g,80.0,90.0,11.11,DAL00105,DREAMWAY AGRO LTD.,salt-sugar,salt-sugar,36.0,0.0,https://othoba.com/farmers-gold-bohera-powder-100g
2026-09-11,256378,Farmer's Gold Shikakai Powder 100g,100 g,100.0,g,116.0,130.0,10.77,DAL00106,DREAMWAY AGRO LTD.,salt-sugar,salt-sugar,38.0,0.0,https://othoba.com/farmers-gold-shikakai-powder-100g
2026-09-11,256379,Farmer's Gold Sonapatha Powder 100g,100 g,100.0,g,80.0,90.0,11.11,DAL00107,DREAMWAY AGRO LTD.,salt-sugar,salt-sugar,30.0,0.0,https://othoba.com/farmers-gold-sonapatha-powder-100g
2026-09-11,256380,Farmer's Gold Silk Cotton Powder 100g,100 g,100.0,g,80.0,90.0,11.11,DAL00108,DREAMWAY AGRO LTD.,salt-sugar,salt-sugar,41.0,0.0,https://othoba.com/farmers-gold-silk-cotton-powder-100g
2026-09-11,256381,Farmer's Gold Asparagus Powder 100g,100 g,100.0,g,204.0,230.0,11.3,DAL00109,DREAMWAY AGRO LTD.,salt-sugar,salt-sugar,20.0,0.0,https://othoba.com/farmers-gold-asparagus-powder-100g
2026-09-11,256382,Farmer's Gold Amla Powder 100g,100 g,100.0,g,97.0,120.0,19.17,DAL00110,DREAMWAY AGRO LTD.,salt-sugar,salt-sugar,33.0,0.0,https://othoba.com/farmers-gold-amla-powder-100g
2026-09-11,256385,Farmer's Gold Rose Petal Powder 25g,25 g,25.0,g,133.0,150.0,11.33,DAL00113,DREAMWAY AGRO LTD.,spice-herb,spice-herb,31.0,0.0,https://othoba.com/farmers-gold-rose-petal-powder-25g
2026-09-11,256401,Farmer's Gold Almonds 200g,200 g,200.0,g,427.0,480.0,11.04,DAL00127,DREAMWAY AGRO LTD.,local-snacks,local-snacks,38.0,0.0,https://othoba.com/farmers-gold-almonds-200g
2026-09-11,256425,Farmer's Gold Dried Fruits 500g,500 g,500.0,g,622.0,700.0,11.14,DAL00142,DREAMWAY AGRO LTD.,fruits-vegetable,fruits-vegetable,43.0,0.0,https://othoba.com/farmers-gold-dried-fruits-500g-2
2026-09-11,256426,Farmer's Gold Mustard Flower Honey 250g,250 g,250.0,g,214.0,250.0,14.4,DAL00143,DREAMWAY AGRO LTD.,bakery-breakfast,bakery-breakfast,52.0,0.0,https://othoba.com/farmers-gold-mustard-flower-honey-250g
2026-09-11,256428,Farmer's Gold Black Seed Honey 250g,250 g,250.0,g,385.0,450.0,14.44,DAL00144,DREAMWAY AGRO LTD.,bakery-breakfast,bakery-breakfast,29.0,0.0,https://othoba.com/farmers-gold-black-seed-honey-250g
2026-09-11,256431,Farmer's Gold Litchi Flower Honey 250g,250 g,250.0,g,257.0,300.0,14.33,DAL00145,DREAMWAY AGRO LTD.,bakery-breakfast,bakery-breakfast,46.0,0.0,https://othoba.com/farmers-gold-litchi-flower-honey-250g
2026-09-11,256436,Farmers Gold Khichuri Mix 500g,500 g,500.0,g,112.0,150.0,25.33,DAL00147,DREAMWAY AGRO LTD.,spice-herb,spice-herb,12.0,0.0,https://othoba.com/farmers-gold-khichuri-mix-500g
2026-09-11,256437,Farmer's Gold Sugarcandy 100g,100 g,100.0,g,80.0,90.0,11.11,DAL00148,DREAMWAY AGRO LTD.,salt-sugar,salt-sugar,36.0,0.0,https://othoba.com/farmers-gold-sugarcandy-100g
2026-09-11,256438,Farmer's Gold Sugarcandy 200g,200 g,200.0,g,142.0,160.0,11.25,DAL00149,DREAMWAY AGRO LTD.,salt-sugar,salt-sugar,32.0,0.0,https://othoba.com/farmers-gold-sugarcandy-200g
2026-09-11,256439,Farmer's Gold Peanut Butter Cream 200g,200 g,200.0,g,213.0,250.0,14.8,DAL00150,DREAMWAY AGRO LTD.,bakery-breakfast,bakery-breakfast,46.0,0.0,https://othoba.com/farmers-gold-peanut-butter-cream-200g
2026-09-11,256440,Farmer's Gold Peanut Butter Sugar Free 200g,200 g,200.0,g,213.0,250.0,14.8,DAL00151,DREAMWAY AGRO LTD.,bakery-breakfast,bakery-breakfast,10.0,0.0,https://othoba.com/farmers-gold-peanut-butter-sugar-free-200g
2026-09-11,256447,Farmers Gold Puffed Rice (Hand Made) 500g,500 g,500.0,g,94.0,110.0,14.55,DAL00158,DREAMWAY AGRO LTD.,daily-cooking,daily-cooking,32.0,0.0,https://othoba.com/farmers-gold-puffed-rice-hand-made-500g
2026-09-11,256448,Farmers Gold Puffed Rice (Hand Made) 250g,250 g,250.0,g,51.0,60.0,15.0,DAL00159,DREAMWAY AGRO LTD.,daily-cooking,daily-cooking,37.0,0.0,https://othoba.com/farmers-gold-puffed-rice-hand-made-250g
2026-09-11,256453,Farmer's Gold Red Flattened Rice 500g,500 g,500.0,g,64.0,75.0,14.67,DAL00163,DREAMWAY AGRO LTD.,chips,chips,53.0,0.0,https://othoba.com/farmers-gold-red-flattened-rice-500g-4
2026-09-11,256454,Farmer's Gold Red Flattened Rice 500g - copy,500 g,500.0,g,75.0,,,,DREAMWAY AGRO LTD.,daily-cooking,daily-cooking,32.0,0.0,https://othoba.com/farmers-gold-red-flattened-rice-500g-copy-2
2026-09-11,256455,Farmer's Gold Red Flattened Rice 1kg,1 kg,1.0,kg,111.0,130.0,14.62,DAL00165,DREAMWAY AGRO LTD.,daily-cooking,daily-cooking,41.0,0.0,https://othoba.com/farmers-gold-red-flattened-rice-1kg
2026-09-11,256456,Farmer's Gold Lachha Shemai Premium 200g,200 g,200.0,g,77.0,90.0,14.44,DAL00166,DREAMWAY AGRO LTD.,local-snacks,local-snacks,37.0,0.0,https://othoba.com/farmers-gold-lachha-shemai-premium-200g
2026-09-11,256457,Farmer's Gold Lachha Shemai Premium 400g,400 g,400.0,g,145.0,170.0,14.71,DAL00167,DREAMWAY AGRO LTD.,local-snacks,local-snacks,17.0,0.0,https://othoba.com/farmers-gold-lachha-shemai-premium-400g
2026-09-11,256458,Farmer's Gold Lachha Shemai 200g,200 g,200.0,g,68.0,80.0,15.0,DAL00168,DREAMWAY AGRO LTD.,local-snacks,local-snacks,34.0,0.0,https://othoba.com/farmers-gold-lachha-shemai-200g
2026-09-11,256459,Farmer's Gold Lachha Shemai 400g,400 g,400.0,g,128.0,150.0,14.67,DAL00169,DREAMWAY AGRO LTD.,local-snacks,local-snacks,49.0,0.0,https://othoba.com/farmers-gold-lachha-shemai-400g
2026-09-11,256460,Farmer's Gold White Flattened Rice 500g,500 g,500.0,g,60.0,70.0,14.29,DAL00170,DREAMWAY AGRO LTD.,daily-cooking,daily-cooking,31.0,0.0,https://othoba.com/farmers-gold-white-flattened-rice-500g
2026-09-11,256461,Farmer's Gold White Flattened Rice 1kg,1 kg,1.0,kg,103.0,120.0,14.17,DAL00171,DREAMWAY AGRO LTD.,daily-cooking,daily-cooking,12.0,0.0,https://othoba.com/farmers-gold-white-flattened-rice-1kg
2026-09-11,256462,Farmer's Gold Broken Rice 1kg,1 kg,1.0,kg,89.0,110.0,19.09,DAL00172,DREAMWAY AGRO LTD.,daily-cooking,daily-cooking,8.0,0.0,https://othoba.com/farmers-gold-broken-rice-1kg
2026-09-11,256463,Farmer's Gold Chinigura Broken Rice 1kg,1 kg,1.0,kg,101.0,120.0,15.83,DAL00173,DREAMWAY AGRO LTD.,daily-cooking,daily-cooking,15.0,0.0,https://othoba.com/farmers-gold-chinigura-broken-rice-1kg
2026-09-11,256465,Farmer's Gold Wheat Broken 1kg,1 kg,1.0,kg,112.0,140.0,20.0,DAL00175,DREAMWAY AGRO LTD.,daily-cooking,daily-cooking,34.0,0.0,https://othoba.com/farmers-gold-wheat-broken-1kg
2026-09-11,25771,Dates Dabas (Al Barakah)- 400gm,400 g,400.0,g,280.0,,,DSP00390,Daily Shopping,fruits-vegetable,fruits-vegetable,,5.0,https://othoba.com/dates-dabas-al-dhafaa-400gm-65002
2026-09-11,25773,Assorted Dates (খেজুর) Tunisian 450gm,450 g,450.0,g,450.0,,,DSP00392,Daily Shopping,fruits-vegetable,fruits-vegetable,,5.0,https://othoba.com/dates-khejur-tunisian-450gm-65007
2026-09-11,25774,Maryam Dates (Khejur) Imported 450gm,450 g,450.0,g,830.0,,,DSP00393,Daily Shopping,fruits-vegetable,fruits-vegetable,,5.0,https://othoba.com/dates-khejur-marium-500gm-65003
2026-09-11,25775,Daily Shopping Kheshari Dal,,,,85.0,,,DSP00394,Daily Shopping,daily-cooking,daily-cooking,,5.0,https://othoba.com/khesharir-dal-1kg-35138
2026-09-11,257762,Agro Acres Rice Flour (Chaler Gura) 1 kg,1 kg,1.0,kg,99.0,,,AAI00014,Agro Acres International,daily-cooking,daily-cooking,16.0,0.0,https://othoba.com/agro-acres-rice-flour-chaler-gura-1-kg
2026-09-11,257763,Agro Acres Imperial Cumin (Shahi Jira) 50 gm,50 g,50.0,g,95.0,,,AAI00015,Agro Acres International,spice-herb,spice-herb,47.0,0.0,https://othoba.com/agro-acres-imperial-cumin-shahi-jira-50-gm
2026-09-11,257765,Agro Acres Kishmish 100 gm,100 g,100.0,g,100.0,,,AAI00017,Agro Acres International,spice-herb,spice-herb,30.0,0.0,https://othoba.com/agro-acres-kishmish-100-gm-2
2026-09-11,257766,Agro Acres Dried Chillies (Shukna Morich) 100 gm,100 g,100.0,g,63.0,,,AAI00018,Agro Acres International,spice-herb,spice-herb,43.0,0.0,https://othoba.com/agro-acres-dried-chillies-shukna-morich-100-gm
2026-09-11,257767,Agro Acres Black pepper (Gol Morich) 50 gm,50 g,50.0,g,79.0,,,AAI00019,Agro Acres International,spice-herb,spice-herb,34.0,0.0,https://othoba.com/agro-acres-black-pepper-gol-morich-50-gm
2026-09-11,257768,Agro Acres Mix Spice (Panch Phoran) 100 gm,100 g,100.0,g,35.0,,,AAI00020,Agro Acres International,spice-herb,spice-herb,21.0,0.0,https://othoba.com/agro-acres-mix-spice-panch-phoran-100-gm
2026-09-11,257770,Agro Acres Coriander (Dhonia) 100 gm,100 g,100.0,g,36.0,,,AAI00022,Agro Acres International,spice-herb,spice-herb,36.0,0.0,https://othoba.com/agro-acres-coriander-dhonia-100-gm
2026-09-11,257771,Agro Acres Yellow Mustard (Holud Shorisha) 200 gm,200 g,200.0,g,41.0,,,AAI00023,Agro Acres International,spice-herb,spice-herb,35.0,0.0,https://othoba.com/agro-acres-yellow-mustard-holud-shorisha-200-gm
2026-09-11,257772,Agro Acres Red Mustard (Lal Shorisha) 200 gm,200 g,200.0,g,41.0,,,AAI00024,Agro Acres International,spice-herb,spice-herb,51.0,0.0,https://othoba.com/agro-acres-red-mustard-lal-shorisha-200-gm
2026-09-11,257773,Agro Acres Methi 100 gm,100 g,100.0,g,29.0,,,AAI00025,Agro Acres International,spice-herb,spice-herb,14.0,0.0,https://othoba.com/agro-acres-methi-100-gm
2026-09-11,257774,Agro Acres Tejpata (Bay Leaf) 100 gm,100 g,100.0,g,26.0,,,AAI00026,Agro Acres International,spice-herb,spice-herb,46.0,0.0,https://othoba.com/agro-acres-tejpata-bay-leaf-100-gm
2026-09-11,257775,Agro Acres Tokma 100 gm,100 g,100.0,g,22.0,,,AAI00027,Agro Acres International,spice-herb,spice-herb,31.0,0.0,https://othoba.com/agro-acres-tokma-100-gm
2026-09-11,257793,Radhuni Turmeric Powder 25gm,25 g,25.0,g,25.0,,,SFB00002,Square Food & Beverage (Panthapath),spice-herb,spice-herb,44.0,0.0,https://othoba.com/radhuni-turmeric-powder-2
2026-09-11,257794,Radhuni Turmeric Powder 50gm,50 g,50.0,g,40.0,,,SFB00003,Square Food & Beverage (Panthapath),spice-herb,spice-herb,20.0,0.0,https://othoba.com/radhuni-turmeric-powder-3
2026-09-11,257795,Radhuni Turmeric Powder 100gm,100 g,100.0,g,75.0,,,SFB00004,Square Food & Beverage (Panthapath),spice-herb,spice-herb,8.0,0.0,https://othoba.com/radhuni-turmeric-powder-4
2026-09-11,257796,Radhuni Turmeric Powder 200gm,200 g,200.0,g,145.0,,,SFB00005,Square Food & Beverage (Panthapath),spice-herb,spice-herb,52.0,0.0,https://othoba.com/radhuni-turmeric-powder-5
2026-09-11,257797,Radhuni Turmeric Powder 500gm,500 g,500.0,g,335.0,,,SFB00006,Square Food & Beverage (Panthapath),spice-herb,spice-herb,38.0,0.0,https://othoba.com/radhuni-turmeric-powder-6
2026-09-11,257798,Radhuni Chilli Powder,,,,25.0,,,SFB00007,Square Food & Beverage (Panthapath),spice-herb,spice-herb,12.0,0.0,https://othoba.com/radhuni-chilli-powder-2
2026-09-11,257799,Radhuni Chilli Powder,,,,38.0,,,SFB00008,Square Food & Beverage (Panthapath),spice-herb,spice-herb,27.0,0.0,https://othoba.com/radhuni-chilli-powder-3
2026-09-11,257800,Radhuni Chilli Powder,,,,75.0,,,SFB00009,Square Food & Beverage (Panthapath),spice-herb,spice-herb,33.0,0.0,https://othoba.com/radhuni-chilli-powder-4
2026-09-11,257801,Radhuni Chilli Powder,,,,140.0,,,SFB00010,Square Food & Beverage (Panthapath),spice-herb,spice-herb,40.0,0.0,https://othoba.com/radhuni-chilli-powder-5
2026-09-11,257802,Radhuni Chilli Powder,,,,345.0,,,SFB00011,Square Food & Beverage (Panthapath),spice-herb,spice-herb,54.0,0.0,https://othoba.com/radhuni-chilli-powder-6
2026-09-11,257803,Radhuni Coriander Powder,,,,32.0,,,SFB00012,Square Food & Beverage (Panthapath),spice-herb,spice-herb,24.0,0.0,https://othoba.com/radhuni-coriander-powder-3
2026-09-11,257804,Radhuni Coriander Powder,,,,60.0,,,SFB00013,Square Food & Beverage (Panthapath),spice-herb,spice-herb,41.0,0.0,https://othoba.com/radhuni-coriander-powder-4
2026-09-11,257805,Radhuni Coriander Powder 200gm,200 g,200.0,g,110.0,,,SFB00014,Square Food & Beverage (Panthapath),spice-herb,spice-herb,49.0,0.0,https://othoba.com/radhuni-coriander-powder-5
2026-09-11,257806,Radhuni Coriander Powder(Pet Jar) 200gm,200 g,200.0,g,125.0,,,SFB00015,Square Food & Beverage (Panthapath),spice-herb,spice-herb,40.0,0.0,https://othoba.com/radhuni-coriander-powderpet-jar257806
2026-09-11,257807,Radhuni Coriander Powder 500gm,500 g,500.0,g,280.0,,,SFB00016,Square Food & Beverage (Panthapath),spice-herb,spice-herb,34.0,0.0,https://othoba.com/radhuni-coriander-powder-7
2026-09-11,257808,Radhuni Cumin Powder 15gm,15 g,15.0,g,43.0,,,SFB00017,Square Food & Beverage (Panthapath),spice-herb,spice-herb,16.0,0.0,https://othoba.com/radhuni-cumin-powder-2
2026-09-11,257809,Radhuni Cumin Powder,,,,100.0,,,SFB00018,Square Food & Beverage (Panthapath),spice-herb,spice-herb,50.0,0.0,https://othoba.com/radhuni-cumin-powder-3
2026-09-11,257810,Radhuni Cumin Powder 100gm,100 g,100.0,g,180.0,,,SFB00019,Square Food & Beverage (Panthapath),spice-herb,spice-herb,49.0,0.0,https://othoba.com/radhuni-cumin-powder-4
2026-09-11,257811,Radhuni Cumin Powder,,,,340.0,,,SFB00020,Square Food & Beverage (Panthapath),spice-herb,spice-herb,16.0,0.0,https://othoba.com/radhuni-cumin-powder-5
2026-09-11,257812,Radhuni Cumin Powder(Pet Jar)200gm,200 g,200.0,g,500.0,,,SFB00021,Square Food & Beverage (Panthapath),spice-herb,spice-herb,17.0,0.0,https://othoba.com/radhuni-cumin-powderpet-jar
2026-09-11,257813,Radhuni Cumin Powder 500gm,500 g,500.0,g,830.0,,,SFB00022,Square Food & Beverage (Panthapath),spice-herb,spice-herb,42.0,0.0,https://othoba.com/radhuni-cumin-powder-6
2026-09-11,257814,Radhuni Kheer Mix 150gm,150 g,150.0,g,62.0,,,SFB00023,Square Food & Beverage (Panthapath),spice-herb,spice-herb,33.0,0.0,https://othoba.com/radhuni-kheer-mix
2026-09-11,257815,Radhuni Firni Mix 150gm,150 g,150.0,g,70.0,,,SFB00024,Square Food & Beverage (Panthapath),spice-herb,spice-herb,44.0,0.0,https://othoba.com/radhuni-firni-mix-3
2026-09-11,257816,Radhuni Jorda Mix 400gm,400 g,400.0,g,150.0,,,SFB00025,Square Food & Beverage (Panthapath),spice-herb,spice-herb,42.0,0.0,https://othoba.com/radhuni-jorda-mix-2
2026-09-11,257817,Radhuni Mango Falooda Mix 250gm,250 g,250.0,g,120.0,,,SFB00026,Square Food & Beverage (Panthapath),spice-herb,spice-herb,35.0,0.0,https://othoba.com/radhuni-mango-falooda-mix-2
2026-09-11,257818,Radhuni Falooda Mix (Vanilla Flavor) 250gm,250 g,250.0,g,120.0,,,SFB00027,Square Food & Beverage (Panthapath),spice-herb,spice-herb,10.0,0.0,https://othoba.com/radhuni-falooda-mix-vanilla-flavor-2
2026-09-11,257819,Radhuni Custard Powder  140gm,140 g,140.0,g,90.0,,,SFB00028,Square Food & Beverage (Panthapath),spice-herb,spice-herb,26.0,0.0,https://othoba.com/radhuni-custard-powder
2026-09-11,257820,Radhuni Garam Masala 15gm,15 g,15.0,g,35.0,,,SFB00029,Square Food & Beverage (Panthapath),spice-herb,spice-herb,23.0,0.0,https://othoba.com/radhuni-garam-masala
2026-09-11,257821,Radhuni Garam Masala 40gm,40 g,40.0,g,80.0,,,SFB00030,Square Food & Beverage (Panthapath),spice-herb,spice-herb,12.0,0.0,https://othoba.com/radhuni-garam-masala-3
2026-09-11,257822,Radhuni Chicken Tandoori Masala 50gm,50 g,50.0,g,80.0,,,SFB00031,Square Food & Beverage (Panthapath),spice-herb,spice-herb,54.0,0.0,https://othoba.com/radhuni-chicken-tandoori-masala257822
2026-09-11,257823,Radhuni Chicken Masala 20gm,20 g,20.0,g,20.0,,,SFB00032,Square Food & Beverage (Panthapath),spice-herb,spice-herb,20.0,0.0,https://othoba.com/radhuni-chicken-masala257823
2026-09-11,257824,Radhuni Easy Mix Roast Masala 35gm,35 g,35.0,g,80.0,,,SFB00033,Square Food & Beverage (Panthapath),spice-herb,spice-herb,23.0,0.0,https://othoba.com/radhuni-easy-mix-roast-masala257824
2026-09-11,257825,Radhuni Mejbani Beef Masala  68gm,68 g,68.0,g,100.0,,,SFB00034,Square Food & Beverage (Panthapath),spice-herb,spice-herb,54.0,0.0,https://othoba.com/radhuni-mejbani-beef-masala-5
2026-09-11,257826,Radhuni Beef Masala 25gm,25 g,25.0,g,25.0,,,SFB00035,Square Food & Beverage (Panthapath),spice-herb,spice-herb,22.0,0.0,https://othoba.com/radhuni-beef-masala-2
2026-09-11,257827,Radhuni Meat Curry Masala 100gm,100 g,100.0,g,95.0,,,SFB00036,Square Food & Beverage (Panthapath),spice-herb,spice-herb,34.0,0.0,https://othoba.com/radhuni-meat-curry-masala-2
2026-09-11,257828,Radhuni Beef Curry Masala 100gm,100 g,100.0,g,90.0,,,SFB00037,Square Food & Beverage (Panthapath),spice-herb,spice-herb,18.0,0.0,https://othoba.com/radhuni-beef-curry-masala
2026-09-11,257829,Radhuni Khichuri Mix  500gm,500 g,500.0,g,150.0,,,SFB00038,Square Food & Beverage (Panthapath),spice-herb,spice-herb,39.0,0.0,https://othoba.com/radhuni-khichuri-mix-2
2026-09-11,257830,Radhuni Chicken Masala 100gm,100 g,100.0,g,95.0,,,SFB00039,Square Food & Beverage (Panthapath),spice-herb,spice-herb,27.0,0.0,https://othoba.com/radhuni-chicken-masala-2
2026-09-11,257831,Radhuni Chatpati Masala,,,,50.0,,,SFB00040,Square Food & Beverage (Panthapath),spice-herb,spice-herb,38.0,0.0,https://othoba.com/radhuni-chatpati-masala-2
2026-09-11,257832,Radhuni Kabab Masala  50gm,50 g,50.0,g,100.0,,,SFB00041,Square Food & Beverage (Panthapath),spice-herb,spice-herb,56.0,0.0,https://othoba.com/radhuni-kabab-masala-2
2026-09-11,257833,Radhuni Biryani Masala 40gm,40 g,40.0,g,60.0,,,SFB00042,Square Food & Beverage (Panthapath),spice-herb,spice-herb,21.0,0.0,https://othoba.com/radhuni-biryani-masala-2
2026-09-11,257834,Radhuni Kachchi Biryani Masala 50gm,50 g,50.0,g,70.0,,,SFB00043,Square Food & Beverage (Panthapath),spice-herb,spice-herb,17.0,0.0,https://othoba.com/radhuni-kachchi-biryani-masala
2026-09-11,257835,Radhuni Borhani Masala 50gm,50 g,50.0,g,40.0,,,SFB00044,Square Food & Beverage (Panthapath),spice-herb,spice-herb,46.0,0.0,https://othoba.com/radhuni-borhani-masala-2
2026-09-11,257836,Radhuni Tehari Masala 40gm,40 g,40.0,g,55.0,,,SFB00045,Square Food & Beverage (Panthapath),spice-herb,spice-herb,42.0,0.0,https://othoba.com/radhuni-tehari-masala-2
2026-09-11,257837,Radhuni Kala Bhuna Masala 80gm,80 g,80.0,g,100.0,,,SFB00046,Square Food & Beverage (Panthapath),spice-herb,spice-herb,45.0,0.0,https://othoba.com/radhuni-kala-bhuna-masala
2026-09-11,257838,Radhuni BBQ Masala 50gm,50 g,50.0,g,80.0,,,SFB00047,Square Food & Beverage (Panthapath),spice-herb,spice-herb,40.0,0.0,https://othoba.com/radhuni-bbq-masala
2026-09-11,257839,Radhuni Chicken Fry MIx 75 gm,75 g,75.0,g,73.0,,,SFB00048,Square Food & Beverage (Panthapath),spice-herb,spice-herb,46.0,0.0,https://othoba.com/radhuni-chicken-fry-mix
2026-09-11,257840,Radhuni Shaadmishali 4gm,4 g,4.0,g,5.0,,,SFB00049,Square Food & Beverage (Panthapath),spice-herb,spice-herb,33.0,0.0,https://othoba.com/radhuni-shaadmishali
2026-09-11,257841,Radhuni Haleem Mix 200gm,200 g,200.0,g,70.0,,,SFB00050,Square Food & Beverage (Panthapath),spice-herb,spice-herb,54.0,0.0,https://othoba.com/radhuni-haleem-mix-2
2026-09-11,257842,Radhuni Shemai 200gm,200 g,200.0,g,45.0,,,SFB00051,Square Food & Beverage (Panthapath),spice-herb,spice-herb,50.0,0.0,https://othoba.com/radhuni-shemai
2026-09-11,257843,Radhuni Panchforan 200gm,200 g,200.0,g,30.0,,,SFB00052,Square Food & Beverage (Panthapath),spice-herb,spice-herb,23.0,0.0,https://othoba.com/radhuni-panchforan-2
2026-09-11,257844,Radhuni Powdered Panchforan 50gm,50 g,50.0,g,30.0,,,SFB00053,Square Food & Beverage (Panthapath),spice-herb,spice-herb,54.0,0.0,https://othoba.com/radhuni-powdered-panchforan
2026-09-11,257845,Radhuni Kasundi 285ml,285 ml,285.0,ml,65.0,,,SFB00054,Square Food & Beverage (Panthapath),spice-herb,spice-herb,20.0,0.0,https://othoba.com/radhuni-kasundi-2
2026-09-11,257852,Radhuni Premium Ghee  100gm,100 g,100.0,g,220.0,,,SFB00061,Square Food & Beverage (Panthapath),butter-3,butter-3,47.0,0.0,https://othoba.com/radhuni-premium-ghee
2026-09-11,257853,Radhuni Premium Ghee  200gm,200 g,200.0,g,400.0,,,SFB00062,Square Food & Beverage (Panthapath),butter-3,butter-3,9.0,0.0,https://othoba.com/radhuni-premium-ghee-3
2026-09-11,257854,Radhuni Vinegar  540ml,540 ml,540.0,ml,70.0,,,SFB00063,Square Food & Beverage (Panthapath),vinegars,vinegars,8.0,0.0,https://othoba.com/radhuni-vinegar-2
2026-09-11,258334,180 W Scarlett - Electric Egg Beater and Dough Mixer for Cake Cream and Other Baking Item with 4 Stirrers,,,,717.0,1020.0,29.71,OPB00151,Little Luxe Waredrobe,baking-2,baking-2,24.0,0.0,https://othoba.com/180-w-scarlett-electric-egg-beater-and-dough-mixer-for-cake-cream-and-other-baking-item-with-4-stirrers-258334
2026-09-11,25922,Aloe Vera 1pc,1 pcs,1.0,pcs,25.0,,,DSP00401,Daily Shopping,fruits-vegetable,fruits-vegetable,,5.0,https://othoba.com/aloe-vera-1pcs-65065
2026-09-11,25923,Banana Shabri Per Pc,,,,14.0,,,DSP00402,Daily Shopping,fruits-vegetable,fruits-vegetable,,5.0,https://othoba.com/banana-shabri-per-pc-65101
2026-09-11,25925,Banana Shagor Per Pc,,,,9.5,11.0,13.64,DSP00404,Daily Shopping,fruits-vegetable,fruits-vegetable,,2.9,https://othoba.com/banana-shagor-per-pc-65100
2026-09-11,25927,Vegetable Round Lemon (লেবু) per pc,,,,4.0,,,DSP00406,Daily Shopping,fruits-vegetable,fruits-vegetable,,5.0,https://othoba.com/vegetable-round-lemon-lebu-per-pc-65045
2026-09-11,25928,Vegetable Chal Kumra  (চাল কুমড়া) per pc,,,,48.0,,,DSP00407,Daily Shopping,fruits-vegetable,fruits-vegetable,,5.0,https://othoba.com/vegetable-chal-kumra-per-pc-65038
2026-09-11,25929,Dhundul (ধুন্দুল) 1kg,1 kg,1.0,kg,75.0,,,DSP00408,Daily Shopping,fruits-vegetable,fruits-vegetable,,5.0,https://othoba.com/vegetable-dhundul-1kg-65052
2026-09-11,25930,Jhinga (ঝিঙ্গা) 1kg,1 kg,1.0,kg,84.0,,,DSP00409,Daily Shopping,fruits-vegetable,fruits-vegetable,,5.0,https://othoba.com/vegetable-jhinga-1kg-65051
2026-09-11,25931,Kakrol (কাঁকরোল) 1kg,1 kg,1.0,kg,70.0,,,DSP00410,Daily Shopping,fruits-vegetable,fruits-vegetable,,5.0,https://othoba.com/vegetable-kakrol-1kg-65027
2026-09-11,25932,Papaya Ripe (পাকা পেঁপে) Thai 1kg,1 kg,1.0,kg,130.0,,,DSP00411,Daily Shopping,fruits-vegetable,fruits-vegetable,,5.0,https://othoba.com/papaya-ripe-thai-1kg-65133
2026-09-11,25933,Potol (পটল) 1kg,1 kg,1.0,kg,39.0,50.0,22.0,DSP00412,Daily Shopping,fruits-vegetable,fruits-vegetable,,5.0,https://othoba.com/vegetable-potol-1kg-65025
2026-09-11,25934,Vegetable Loti (লতি) Per Bundle,,,,80.0,,,DSP00413,Daily Shopping,fruits-vegetable,fruits-vegetable,,5.0,https://othoba.com/vegetable-loti-per-bundle-65047
2026-09-11,25935,Pabda Fish (পাবদা মাছ) 1kg,1 kg,1.0,kg,359.0,420.0,14.52,DSP00414,Daily Shopping,meat-fish,meat-fish,,5.0,https://othoba.com/pabda-fish-1kg-70059
2026-09-11,25936,Tangra Fish 15-25pcs/Kg,25 pcs,25.0,pcs,1230.0,,,DSP00415,Daily Shopping,meat-fish,meat-fish,,5.0,https://othoba.com/tangra-fish-1kg-70025
2026-09-11,25937,Telapia Fish (তেলাপিয়া মাছ) Medium 1kg,1 kg,1.0,kg,219.0,234.0,6.41,DSP00416,Daily Shopping,meat-fish,meat-fish,,4.2,https://othoba.com/telapia-fish-medium-1kg-70028
2026-09-11,259617,Beef Regular 1kg bone in,1 kg,1.0,kg,900.0,,,PAG00001,Pagla Meat,meat-fish,meat-fish,13.0,0.0,https://othoba.com/beef-regular-1kg-bone-in
2026-09-11,259618,Beef Regular 1kg bone less,1 kg,1.0,kg,1100.0,,,PAG00002,Pagla Meat,meat-fish,meat-fish,37.0,0.0,https://othoba.com/beef-regular-1kg-bone-less
2026-09-11,26119,Mr. Noodles Tom Yum Shrimp Flavor 8pcs,8 pcs,8.0,pcs,145.0,,,DSP00418,Daily Shopping,noodles,noodles,,0.0,https://othoba.com/mr-noodles-tom-yum-shrimp-flavor-8pcs-5500000911
2026-09-11,262438,BBQ Grilled Chicken Burger with Cheese,,,,335.0,,,FRB00160,Fry Bucket,bakery-snacks,bakery-snacks,,0.0,https://othoba.com/bbq-grilled-chicken-burger
2026-09-11,262442,Spicy Grilled Chicken Burger with Cheese,,,,335.0,,,FRB00161,Fry Bucket,bakery-snacks,bakery-snacks,,0.0,https://othoba.com/spice-grilled-chicken-burger
2026-09-11,263108,Food Colour Set - Red+Orange+Green,,,,174.0,220.0,20.91,FRW01806,Feri Wala Limited,baking-2,baking-2,54.0,0.0,https://othoba.com/food-colour-set-redorangegreen-263108
2026-09-11,26317,Nestle NAN-2 400 gm Tin,400 g,400.0,g,1160.0,,,DSP00426,Daily Shopping,milk-3,milk-3,,2.9,https://othoba.com/nestle-nan-2-400-gm-tin-1500000022
2026-09-11,26319,Cerelac BIB Khichuri Vegetable 350gm,350 g,350.0,g,340.0,,,DSP00428,Daily Shopping,bakery-breakfast,bakery-breakfast,,0.0,https://othoba.com/cerelac-bib-khichuri-vegetable-350gm-1500000024
2026-09-11,26330,Zero Cal Sachet 75s,,,,250.0,,,DSP00439,Daily Shopping,daily-cooking,daily-cooking,,0.0,https://othoba.com/zero-cal-sachet-75s
2026-09-11,263536,Mr. Noodles Low Fat Masala Flavored Noodles (40 gm x 8 pcs),8 pcs,8.0,pcs,110.0,,,DSP04113,Daily Shopping,noodles,noodles,,2.5,https://othoba.com/mr-noodles-masala-flavor-low-fat-40-gm-x-8-pcs
2026-09-11,26358,DS Chicken Broiler without Skin,,,,376.0,384.0,2.08,DSP00465,Daily Shopping,meat-fish,meat-fish,,5.0,https://othoba.com/ds-chicken-broiler-without-skin-6
2026-09-11,26359,Chicken Broiler With Skin 1kg,1 kg,1.0,kg,365.0,,,DSP00466,Daily Shopping,meat-fish,meat-fish,,5.0,https://othoba.com/chicken-broiler-with-skin-1kg-70018
2026-09-11,263619,PRAN Sauce Tomato 500 g Stand-Up Pouch,500 g,500.0,g,135.0,,,DSP04114,Daily Shopping,sauces,sauces,,0.0,https://othoba.com/pran-sauce-tomato-500-g-stand-up-pouch
2026-09-11,26366,Provati Black Cumin 50gm,50 g,50.0,g,25.0,,,DSP00472,Daily Shopping,spice-herb,spice-herb,,0.0,https://othoba.com/provati-black-cumin-50gm-5000000064
2026-09-11,26368,Provati Cumin 200gm,200 g,200.0,g,130.0,,,DSP00473,Daily Shopping,spice-herb,spice-herb,,0.0,https://othoba.com/provati-cumin-200gm-5000000073
2026-09-11,26369,Provati Mixed Fruits 100gm,100 g,100.0,g,90.0,,,DSP00474,Daily Shopping,ready-mix,ready-mix,,0.0,https://othoba.com/provati-mixed-fruits-100gm-5000000179
2026-09-11,26382,Provati Yellow Mustard 100gm,100 g,100.0,g,18.0,,,DSP00475,Daily Shopping,spice-herb,spice-herb,,0.0,https://othoba.com/provati-yellow-mustard-100gm-5000000177
2026-09-11,26383,Provati Mace ( জৈত্রী ) 20gm,20 g,20.0,g,90.0,,,DSP00476,Daily Shopping,spice-herb,spice-herb,,0.0,https://othoba.com/provati-mace-20gm-5000000172
2026-09-11,26384,Provati Poppy Seed ( পোস্তদানা ) 50gm,50 g,50.0,g,95.0,,,DSP00477,Daily Shopping,spice-herb,spice-herb,,0.0,https://othoba.com/provati-poppy-seed-50gm-5000000175
2026-09-11,26385,Provati Cinnamon ( দারুচিনি ) 100gm,100 g,100.0,g,75.0,,,DSP00478,Daily Shopping,spice-herb,spice-herb,,0.0,https://othoba.com/provati-cinnamon-100gm-5000000069
2026-09-11,26386,Provati Cinnamon 50gm,50 g,50.0,g,38.0,,,DSP00479,Daily Shopping,spice-herb,spice-herb,,0.0,https://othoba.com/provati-cinnamon-50gm-5000000070
2026-09-11,26387,Provati Tasting Salt 100gm,100 g,100.0,g,40.0,,,DSP00480,Daily Shopping,spice-herb,spice-herb,,0.0,https://othoba.com/provati-tasting-salt-100gm-5000000197
2026-09-11,26388,Provati Black Pepper ( গোলমরিচ ) 25gm,25 g,25.0,g,43.0,,,DSP00481,Daily Shopping,spice-herb,spice-herb,,0.0,https://othoba.com/provati-black-pepper-25gm-5000000066
2026-09-11,26391,Provati Pistachio ( পেস্তা বাদাম ) 50gm,50 g,50.0,g,195.0,,,DSP00483,Daily Shopping,spice-herb,spice-herb,,0.0,https://othoba.com/provati-pistachio-50gm-5000000174
2026-09-11,26392,Provati Garammashala 50gm,50 g,50.0,g,60.0,,,DSP00484,Daily Shopping,spice-herb,spice-herb,,0.0,https://othoba.com/provati-garammashala-50gm-5000000079
2026-09-11,26394,Provati Nutmeg ( জায়ফল ) 50gm,50 g,50.0,g,92.0,,,DSP00485,Daily Shopping,spice-herb,spice-herb,,0.0,https://othoba.com/provati-nutmeg-50gm-5000000173
2026-09-11,26396,Provati Cloves ( লবঙ্গ ) 50gm,50 g,50.0,g,145.0,,,DSP00486,Daily Shopping,spice-herb,spice-herb,,0.0,https://othoba.com/provati-cloves-50gm-5000000071
2026-09-11,26398,Provati Sagudana 100g,100 g,100.0,g,20.0,,,DSP00487,Daily Shopping,spice-herb,spice-herb,,0.0,https://othoba.com/provati-sagudana-100g-5500000500
2026-09-11,26399,Provati Panchforn 100gm,100 g,100.0,g,35.0,,,DSP00488,Daily Shopping,spice-herb,spice-herb,,0.0,https://othoba.com/provati-panchforn-100gm-5000000081
2026-09-11,26402,Provati Cashew Nut ( কাজুবাদাম ) 50gm,50 g,50.0,g,85.0,,,DSP00489,Daily Shopping,spice-herb,spice-herb,,0.0,https://othoba.com/provati-cashew-nut-50gm-5000000171
2026-09-11,26403,Provati Almond ( কাঠ বাদাম ) 50gm,50 g,50.0,g,75.0,,,DSP00490,Daily Shopping,spice-herb,spice-herb,,0.0,https://othoba.com/provati-almond-50gm-5000000060
2026-09-11,26405,Green Food China Grass 10gm,10 g,10.0,g,120.0,,,DSP00492,Daily Shopping,spice-herb,spice-herb,,5.0,https://othoba.com/green-food-china-grass-10gm-5000000135
2026-09-11,26406,Green Food Mixed Masala Powder 40gm,40 g,40.0,g,90.0,,,DSP00493,Daily Shopping,ready-mix,ready-mix,,5.0,https://othoba.com/green-food-mixed-masala-powder-40gm-5000000258
2026-09-11,26407,Green Food Nutmeg Powder 25gm,25 g,25.0,g,90.0,,,DSP00494,Daily Shopping,spice-herb,spice-herb,,5.0,https://othoba.com/green-food-nutmeg-powder-25gm-5000000310
2026-09-11,26408,Green Food Ginger Powder 50gm,50 g,50.0,g,120.0,,,DSP00495,Daily Shopping,spice-herb,spice-herb,,5.0,https://othoba.com/green-food-ginger-powder-50gm-5000000308
2026-09-11,26410,Green Food Cinnamon Powder 50gm,50 g,50.0,g,80.0,,,DSP00497,Daily Shopping,spice-herb,spice-herb,,5.0,https://othoba.com/green-food-cinnamon-powder-50gm-5000000260
2026-09-11,26412,Green Food Cake Decoration 25gm,25 g,25.0,g,98.0,,,DSP00498,Daily Shopping,food-additives,food-additives,,5.0,https://othoba.com/green-food-cake-decoration-25gm-5000000257
2026-09-11,26413,Green Food Paprika Powder 20gm,20 g,20.0,g,98.0,,,DSP00499,Daily Shopping,spice-herb,spice-herb,,5.0,https://othoba.com/green-food-paprika-powder-20gm-5000000256
2026-09-11,26417,Green Food Rock Salt 100gm,100 g,100.0,g,60.0,,,DSP00501,Daily Shopping,daily-cooking,daily-cooking,,5.0,https://othoba.com/green-food-rock-salt-100gm-5000000134
2026-09-11,26421,Green Food Yeast 50gm,50 g,50.0,g,90.0,,,DSP00502,Daily Shopping,spice-herb,spice-herb,,5.0,https://othoba.com/green-food-yeast-50gm-5000000133
2026-09-11,26422,Green Food Isabgul Vushi 100gm,100 g,100.0,g,378.0,,,DSP00503,Daily Shopping,food-additives,food-additives,,5.0,https://othoba.com/green-food-isabgul-vushi-100gm-3000000188
2026-09-11,26426,Green Food Black Pepper Powder 50gm,50 g,50.0,g,165.0,,,DSP00505,Daily Shopping,spice-herb,spice-herb,,5.0,https://othoba.com/green-food-black-pepper-powder-50gm-5000000261
2026-09-11,26428,Green Food Cloves Powder 25gm,25 g,25.0,g,120.0,,,DSP00506,Daily Shopping,spice-herb,spice-herb,,5.0,https://othoba.com/green-food-cloves-powder-25gm-5000000309
2026-09-11,26430,Green Food White Pepper 50gm,50 g,50.0,g,178.0,,,DSP00508,Daily Shopping,spice-herb,spice-herb,,5.0,https://othoba.com/green-food-white-pepper-powder-50gm-5000000132
2026-09-11,26431,Green Food Cardamom Powder 25gm,25 g,25.0,g,178.0,,,DSP00509,Daily Shopping,spice-herb,spice-herb,,5.0,https://othoba.com/green-food-cardamom-powder-25gm-5000000259
2026-09-11,26433,Shan Sheekh Kabab Mix 50gm,50 g,50.0,g,125.0,,,DSP00510,Daily Shopping,ready-mix,ready-mix,,0.0,https://othoba.com/shan-sheekh-kabab-mix-50gm-5000000251
2026-09-11,26436,Shan Biryani Masala Mix 50gm,50 g,50.0,g,125.0,,,DSP00512,Daily Shopping,ready-mix,ready-mix,,0.0,https://othoba.com/shan-biryani-masala-mix-50gm-5000000240
2026-09-11,264365,"Jhatpot Deshi Paratha Family Pack (Premium) 20pc 1300g (total 40 pc, 2600 g)(2 Pack)",2 pack,2.0,pack,640.0,,,DSP04115,Daily Shopping,bakery-breakfast,bakery-breakfast,,5.0,https://othoba.com/jhatpot-deshi-paratha-family-pack-premium-20pc-1300g-2-pack
2026-09-11,26437,Shan Korma Mix 50gm,50 g,50.0,g,125.0,,,DSP00513,Daily Shopping,ready-mix,ready-mix,,0.0,https://othoba.com/shan-korma-mix-50gm-5000000247
2026-09-11,264375,Bisk Club Shero Biscuit,,,,15.0,,,DSP04116,Daily Shopping,biscuit-cookies,biscuit-cookies,,0.0,https://othoba.com/bisk-club-shero-biscuit-2pack
2026-09-11,264386,PRAN Bisk Club Cookies Kheer Flavor 230gm (3-pack),230 g,230.0,g,70.0,,,DSP04117,Daily Shopping,biscuit-cookies,biscuit-cookies,,0.0,https://othoba.com/pran-bisk-club-cookies-kheer-flavor-230gm-2-pack
2026-09-11,26440,Shan Chicken Masala Mix 50gm,50 g,50.0,g,125.0,,,DSP00515,Daily Shopping,ready-mix,ready-mix,,0.0,https://othoba.com/shan-chicken-masala-mix-50gm-5000000245
2026-09-11,26441,Shan Achar Gosht Masala 50gm,50 g,50.0,g,125.0,,,DSP00516,Daily Shopping,ready-mix,ready-mix,,0.0,https://othoba.com/shan-achar-gosht-masala-50gm-5000000244
2026-09-11,26442,Shan Chaat Masala 100gm,100 g,100.0,g,145.0,,,DSP00517,Daily Shopping,spice-herb,spice-herb,,5.0,https://othoba.com/shan-chaat-masala-100gm-5000000249
2026-09-11,26444,Shan Haleem Masala Mix 50gm,50 g,50.0,g,125.0,,,DSP00519,Daily Shopping,ready-mix,ready-mix,,0.0,https://othoba.com/shan-haleem-masala-mix-50gm-5000000248
2026-09-11,26445,Shan Memoni Mutton Biryani Mix 60gm,60 g,60.0,g,125.0,,,DSP00520,Daily Shopping,ready-mix,ready-mix,,5.0,https://othoba.com/shan-memoni-mutton-biryani-mix-60gm-5000000242
2026-09-11,26446,Shan Sindhi Biryani Mix 60gm,60 g,60.0,g,125.0,,,DSP00521,Daily Shopping,ready-mix,ready-mix,,0.0,https://othoba.com/shan-sindhi-biryani-mix-60gm-5000000241
2026-09-11,264684,Onion (Local) 3kg,3 kg,3.0,kg,336.0,,,DSP04119,Daily Shopping,fruits-vegetable,fruits-vegetable,,0.0,https://othoba.com/onion-local-3kg
2026-09-11,26470,Foster Clarks Baking Powder 110g,110 g,110.0,g,210.0,,,DSP00535,Daily Shopping,baking-2,baking-2,,0.0,https://othoba.com/foster-clarks-baking-powder-110g-5000000142
2026-09-11,26484,Foster Clarks Custard Powder 200g Pkt,200 g,200.0,g,265.0,,,DSP00545,Daily Shopping,food-additives,food-additives,,5.0,https://othoba.com/foster-clarks-custard-powder-200g-5000000144
2026-09-11,26485,Foster Clarks Essence (N) 28ml Banana,28 ml,28.0,ml,140.0,,,DSP00546,Daily Shopping,baking-2,baking-2,,0.0,https://othoba.com/foster-clarks-essence-n-28ml-banana-5000000152
2026-09-11,26487,Foster Clarks Essence (N) 28ml Vanilla,28 ml,28.0,ml,140.0,,,DSP00547,Daily Shopping,baking-2,baking-2,,5.0,https://othoba.com/foster-clarks-essence-n-28ml-vanilla-5000000157
2026-09-11,26488,Foster Clarks Essence (N) 28ml Lemon,28 ml,28.0,ml,140.0,,,DSP00548,Daily Shopping,baking-2,baking-2,,0.0,https://othoba.com/foster-clarks-essence-n-28ml-lemon-5000000153
2026-09-11,26490,Foster Clarks Essence (N)28ml Strawberry,28 ml,28.0,ml,140.0,,,DSP00549,Daily Shopping,baking-2,baking-2,,0.0,https://othoba.com/foster-clarks-essence-n-28ml-strawberry-5000000156
2026-09-11,265362,PRAN Bisk Club Cookies Kheer Flavor 230gm(2pack),2 pack,2.0,pack,70.0,,,DSP04121,Daily Shopping,biscuit-cookies,biscuit-cookies,,0.0,https://othoba.com/pran-bisk-club-cookies-kheer-flavor-230gm2pack
2026-09-11,26549,Marks FCMP Foil 1000gm,1000 g,1000.0,g,925.0,,,DSP00562,Daily Shopping,milk-3,milk-3,,0.0,https://othoba.com/marks-milk-powder-foil-1000gm
2026-09-11,26552,Marks Milk Powder Box 400gm,400 g,400.0,g,360.0,,,DSP00563,Daily Shopping,milk-3,milk-3,,0.0,https://othoba.com/marks-milk-powder-box-400gm-4000000088
2026-09-11,26553,Marks Milk Powder Box 1000gm,1000 g,1000.0,g,470.0,,,DSP00564,Daily Shopping,milk-3,milk-3,,0.0,https://othoba.com/marks-milk-powder-box-1000gm-4000000090
2026-09-11,26555,Sola Boot 1 kg,1 kg,1.0,kg,98.0,,,DSP00566,Daily Shopping,daily-cooking,daily-cooking,,0.0,https://othoba.com/sola-boot-1-kg-35091
2026-09-11,26558,Danish Lexus Biscuit 180gm,180 g,180.0,g,100.0,,,DSP00569,Daily Shopping,biscuit-cookies,biscuit-cookies,,5.0,https://othoba.com/danish-lexus-biscuit-240-gm-5500000374
2026-09-11,26559,Danish Lexus Tin 700gm,700 g,700.0,g,320.0,,,DSP00570,Daily Shopping,biscuit-cookies,biscuit-cookies,,0.0,https://othoba.com/danish-lexus-tin-700gm-5500000534
2026-09-11,26560,Olympic Lexus Biscuits Veg. Crackers216g,216 g,216.0,g,100.0,,,DSP00571,Daily Shopping,biscuit-cookies,biscuit-cookies,,0.0,https://othoba.com/olympic-lexus-biscuits-veg-crackers-240g-5500000853
2026-09-11,265602,All Time Assorted Butter Cookies 16gm,16 g,16.0,g,150.0,,,DSP04122,Daily Shopping,biscuit-cookies,biscuit-cookies,,0.0,https://othoba.com/all-time-assorted-butter-cookies-16gm
2026-09-11,265603,All Time Choco Chips Cookies 16gm,16 g,16.0,g,150.0,,,DSP04123,Daily Shopping,biscuit-cookies,biscuit-cookies,,0.0,https://othoba.com/all-time-choco-chips-cookies-16gm
2026-09-11,26561,Bombay Sweets Mr. Twist Chips 25gm,25 g,25.0,g,20.0,,,DSP00572,Daily Shopping,chips,chips,,5.0,https://othoba.com/bombay-sweets-mr-twist-chips-25gm-5500000971
2026-09-11,26633,Heinz Tomato Ketchup 300gm,300 g,300.0,g,250.0,,,DSP00612,Daily Shopping,sauces,sauces,,5.0,https://othoba.com/heinz-tomato-sauce-300ml-5000000127
2026-09-11,26635,Ahmed Tomato Sauce 340gm,340 g,340.0,g,100.0,,,DSP00614,Daily Shopping,sauces,sauces,,5.0,https://othoba.com/ahmed-tomato-sauce-340gm-5000000162
2026-09-11,271365,Nature Leaf - Basil Seed Whole - 200g Pack (Tokma Dana),200 g,200.0,g,42.0,60.0,30.0,WBD00275,Well Being Distribution,spice-herb,spice-herb,22.0,0.0,https://othoba.com/nature-leaf-basil-seed-whole-200g-pack-tokma-dana-271365
2026-09-11,271865,Nature Leaf - Cinnamon Whole - 100g Pack (Daruchini),100 g,100.0,g,72.0,100.0,28.0,WBD00775,Well Being Distribution,spice-herb,spice-herb,14.0,0.0,https://othoba.com/nature-leaf-cinnamon-whole-100g-pack-daruchini-271865
2026-09-11,272849,Nature Leaf - Cinnamon Whole - 200g Pack (Daruchini),200 g,200.0,g,144.0,200.0,28.0,WBD01529,Well Being Distribution,spice-herb,spice-herb,9.0,0.0,https://othoba.com/nature-leaf-cinnamon-whole-200g-pack-daruchini-272849
2026-09-11,272854,Nature Leaf - Cumin Seed Whole - 100g Pack (Jira),100 g,100.0,g,99.0,200.0,50.5,WBD01534,Well Being Distribution,spice-herb,spice-herb,10.0,0.0,https://othoba.com/nature-leaf-cumin-seed-whole-100g-pack-jira-272854
2026-09-11,272855,Nature Leaf - Cardamom Whole - 50g Pack (Elach),50 g,50.0,g,343.0,700.0,51.0,WBD01535,Well Being Distribution,spice-herb,spice-herb,16.0,0.0,https://othoba.com/nature-leaf-cardamom-whole-50g-pack-elach-272855
2026-09-11,272861,Nature Leaf - Jira / Cumin Seed Whole - 100g Jar,100 g,100.0,g,110.0,200.0,45.0,WBD01541,Well Being Distribution,spice-herb,spice-herb,52.0,0.0,https://othoba.com/nature-leaf-jira-cumin-seed-whole-100g-jar-272861
2026-09-11,272881,Nicorette 2mg Freshmint Gum 210 Gums Pack (International),2 mg,2.0,mg,6383.0,7000.0,8.81,WBD01561,Well Being Distribution,chocolate-candy,chocolate-candy,51.0,0.0,https://othoba.com/nicorette-2mg-freshmint-gum-210-gums-pack-international-272881
2026-09-11,272882,Nicorette 2mg Freshmint Gum 15 Nicotine Gums (International),2 mg,2.0,mg,485.0,600.0,19.17,WBD01562,Well Being Distribution,chocolate-candy,chocolate-candy,8.0,0.0,https://othoba.com/nicorette-2mg-freshmint-gum-15-nicotine-gums-international-272882
2026-09-11,273111,Nature Leaf - Clove Whole - 50g Pack (Lobonggo),50 g,50.0,g,111.0,140.0,20.71,WBD01791,Well Being Distribution,spice-herb,spice-herb,27.0,0.0,https://othoba.com/nature-leaf-clove-whole-50g-pack-lobonggo-273111
2026-09-11,273114,Nature Leaf - Jira / Cumin Seed Whole - 100g Jar,100 g,100.0,g,110.0,200.0,45.0,WBD01794,Well Being Distribution,spice-herb,spice-herb,36.0,0.0,https://othoba.com/nature-leaf-jira-cumin-seed-whole-100g-jar-273114
2026-09-11,273243,Nature Leaf - Garlic Powder / Roshun Gura - 100gm,100 g,100.0,g,88.0,150.0,41.33,WBD01923,Well Being Distribution,spice-herb,spice-herb,16.0,0.0,https://othoba.com/nature-leaf-garlic-powder-roshun-gura-100gm-273243
2026-09-11,273262,Nicorette 4mg Freshmint Gum 105 Gums Pack (International),4 mg,4.0,mg,3690.0,4000.0,7.75,WBD01942,Well Being Distribution,chocolate-candy,chocolate-candy,51.0,0.0,https://othoba.com/nicorette-4mg-freshmint-gum-105-gums-pack-international-273262
2026-09-11,273364,Nature Leaf Pudina Pata Gura 100gm+ Mehedi Pata Gura 100gm+ Sajne Pata Gura 100gm - Total 300gm Savings Combo Pack,300 g,300.0,g,235.0,300.0,21.67,WBD02033,Well Being Distribution,spice-herb,spice-herb,22.0,0.0,https://othoba.com/nature-leaf-pudina-pata-gura-100gm-mehedi-pata-gura-100gm-sajne-pata-gura-100gm-total-300gm-savings-combo-pack-273364
2026-09-11,273394,Nature Leaf - Clove Whole - 50g Jar (Lobonggo),50 g,50.0,g,111.0,150.0,26.0,WBD02063,Well Being Distribution,spice-herb,spice-herb,10.0,0.0,https://othoba.com/nature-leaf-clove-whole-50g-jar-lobonggo-273394
2026-09-11,273403,Nature Leaf - Clove Whole - 100g Jar (Lobonggo),100 g,100.0,g,221.0,350.0,36.86,WBD02072,Well Being Distribution,spice-herb,spice-herb,34.0,0.0,https://othoba.com/nature-leaf-clove-whole-100g-jar-lobonggo-273403
2026-09-11,273404,Nature Leaf - Bit Salt - 500gm Pack (Bit Lobon),500 g,500.0,g,123.0,200.0,38.5,WBD02073,Well Being Distribution,daily-cooking,daily-cooking,55.0,0.0,https://othoba.com/nature-leaf-bit-salt-500gm-pack-bit-lobon-273404
2026-09-11,273405,Nature Leaf - Bit Salt - 1KG Pack (Bit Lobon),1 kg,1.0,kg,192.0,400.0,52.0,WBD02074,Well Being Distribution,daily-cooking,daily-cooking,13.0,0.0,https://othoba.com/nature-leaf-bit-salt-1kg-pack-bit-lobon-273405
2026-09-11,273425,Nature Leaf - Methi / Fenugreek Whole - 200g Pack,200 g,200.0,g,66.0,80.0,17.5,WBD02094,Well Being Distribution,spice-herb,spice-herb,31.0,0.0,https://othoba.com/nature-leaf-methi-fenugreek-whole-200g-pack-273425
2026-09-11,273426,Nature Leaf - Clove Whole - 100g Pack (Lobonggo),100 g,100.0,g,199.0,299.0,33.44,WBD02095,Well Being Distribution,spice-herb,spice-herb,20.0,0.0,https://othoba.com/nature-leaf-clove-whole-100g-pack-lobonggo-273426
2026-09-11,273499,Nature Leaf - Bit Salt - 200gm Pack (Bit Lobon),200 g,200.0,g,59.0,80.0,26.25,WBD02168,Well Being Distribution,daily-cooking,daily-cooking,36.0,0.0,https://othoba.com/nature-leaf-bit-salt-200gm-pack-bit-lobon-273499
2026-09-11,273764,Premium Rose Water 120ml,120 ml,120.0,ml,51.0,199.0,74.37,WBD02433,Well Being Distribution,food-additives,food-additives,22.0,0.0,https://othoba.com/premium-rose-water-120ml-273764
2026-09-11,274403,KitKat 2 Finger Chocolate 11.9g - (Pack of 42 Pices Box),11.9 g,11.9,g,1353.0,1990.0,32.01,RKC00253,RKissu.com,chocolate-candy,chocolate-candy,21.0,0.0,https://othoba.com/kitkat-2-finger-chocolate-119g-pack-of-42-pices-box-274403
2026-09-11,274404,KitKat 2 Finger Chocolate 18.5g - (Pack of 30 Pices Box),18.5 g,18.5,g,1271.0,1600.0,20.56,RKC00254,RKissu.com,chocolate-candy,chocolate-candy,45.0,0.0,https://othoba.com/kitkat-2-finger-chocolate-185g-pack-of-30-pices-box-274404
2026-09-11,274405,KitKat 3 Finger Chocolate 28.5g - (Pack of 28 Pices Box),28.5 g,28.5,g,1965.0,2500.0,21.4,RKC00255,RKissu.com,chocolate-candy,chocolate-candy,20.0,0.0,https://othoba.com/kitkat-3-finger-chocolate-285g-pack-of-28-pices-box-274405
2026-09-11,274406,KitKat 4 Finger Chocolate 37.5g - (Pack of 21 Pices Box),37.5 g,37.5,g,2118.0,2300.0,7.91,RKC00256,RKissu.com,chocolate-candy,chocolate-candy,25.0,0.0,https://othoba.com/kitkat-4-finger-chocolate-375g-pack-of-21-pices-box-274406
2026-09-11,274407,Cadbury Dairy Milk Silk Chocolate Bar 55g (Pack of 32 Pices Box),55 g,55.0,g,5022.0,5400.0,7.0,RKC00257,RKissu.com,chocolate-candy,chocolate-candy,30.0,0.0,https://othoba.com/cadbury-dairy-milk-silk-chocolate-bar-55g-pack-of-32-pices-box-274407
2026-09-11,274408,Cadbury Dairy Milk Silk Bubbly Chocolate Bar 60g (Pack of 20 Pices Box),60 g,60.0,g,3518.0,3700.0,4.92,RKC00258,RKissu.com,chocolate-candy,chocolate-candy,37.0,0.0,https://othoba.com/cadbury-dairy-milk-silk-bubbly-chocolate-bar-60g-pack-of-20-pices-box-274408
2026-09-11,274409,Cadbury Dairy Milk Silk Bubbly Chocolate Bar 120g (Pack of 10 Pices Box),120 g,120.0,g,3765.0,,,RKC00259,RKissu.com,chocolate-candy,chocolate-candy,9.0,0.0,https://othoba.com/cadbury-dairy-milk-silk-bubbly-chocolate-bar-120g-pack-of-10-pices-box-274409
2026-09-11,274410,Kinder Joy Chocolates Egg Rich in Milk 20g (Pack of 24 Pices Box),20 g,20.0,g,2588.0,2880.0,10.14,RKC00260,RKissu.com,chocolate-candy,chocolate-candy,12.0,0.0,https://othoba.com/kinder-joy-chocolates-egg-rich-in-milk-20g-pack-of-24-pices-box-274410
2026-09-11,274411,Cadbury 5 Star Chocolate 24g (Pack of 40 Pices Box),24 g,24.0,g,1165.0,1600.0,27.19,RKC00261,RKissu.com,chocolate-candy,chocolate-candy,35.0,0.0,https://othoba.com/cadbury-5-star-chocolate-24g-pack-of-40-pices-box-274411
2026-09-11,274412,Snickers Chocolate - 50g (Pack of 24 Pices Box),50 g,50.0,g,2612.0,2740.0,4.67,RKC00262,RKissu.com,chocolate-candy,chocolate-candy,15.0,0.0,https://othoba.com/snickers-chocolate-50g-pack-of-24-pices-box-274412
2026-09-11,274477,Mr. Noodles 8 Pcs Korean Kimchi Ramen+ 8 Pcs Korean Super Spicy (Combo),8 pcs,8.0,pcs,400.0,,,DSP04128,Daily Shopping,noodles,noodles,,0.0,https://othoba.com/mr-noodles-korean-2-pcs-combo-offer
2026-09-11,274478,Mr. Noodles Low Fat Masala Flavored Noodles (40gmx8pcs),8 pcs,8.0,pcs,110.0,,,DSP04129,Daily Shopping,noodles,noodles,234.0,0.0,https://othoba.com/mr-noodles-masala-low-fat-40gmx8pcs
2026-09-11,274548,Mr. Noodles Paper Cup 4 Pcs Combo,4 pcs,4.0,pcs,120.0,,,DSP04130,Daily Shopping,noodles,noodles,29.0,0.0,https://othoba.com/mr-noodles-paper-cup-4-pcs-combo
2026-09-11,275576,Beef With Bone 1 Kg Regular,1 kg,1.0,kg,710.0,,,SMG00001,Shahin Mangso Ghor,meat-fish,meat-fish,17.0,0.0,https://othoba.com/beef-with-bone-1-kg-275576
2026-09-11,275844,PRAN M.T Hydrabadi Biryani 45gm,45 g,45.0,g,90.0,,,DSP04131,Daily Shopping,ready-mix,ready-mix,,0.0,https://othoba.com/pran-mt-hydrabadi-biryani-45gm
2026-09-11,275871,Mr. Noodles Korean Super Spicy Box(40g X 10 Pcs),10 pcs,10.0,pcs,290.0,,,DSP04132,Daily Shopping,noodles,noodles,126.0,0.0,https://othoba.com/mr-noodles-korean-super-spicy-box40g-x-10-pcs
2026-09-11,275872,Mr. Noodles Egg Noodles 75g,75 g,75.0,g,15.0,,,DSP04133,Daily Shopping,noodles,noodles,,0.0,https://othoba.com/mr-noodles-egg-noodles-75g
2026-09-11,27644,Onion (Local) 1kg,1 kg,1.0,kg,145.0,,,DSP00700,Daily Shopping,fruits-vegetable,fruits-vegetable,,4.6,https://othoba.com/daily-shopping-onion-local-pack-1kg-35104
2026-09-11,27647,Teer Sugar 1kg,1 kg,1.0,kg,110.0,,,DSP00702,Daily Shopping,daily-cooking,daily-cooking,,5.0,https://othoba.com/teer-sugar-1kg-3500000073
2026-09-11,27648,PRAN Coriander Powder Jar (ধনে গুঁড়া) 200gm,200 g,200.0,g,90.0,,,DSP00703,Daily Shopping,spice-herb,spice-herb,,0.0,https://othoba.com/pran-coriander-powder-jar-200gm-5000000048
2026-09-11,276901,Mr. Noodles Egg Noodles 75g(4 pcs),4 pcs,4.0,pcs,60.0,,,DSP04146,Daily Shopping,noodles,noodles,,0.0,https://othoba.com/mr-noodles-egg-noodles-75g4-pcs
2026-09-11,276917,Bisk Club Shero Biscuit 40gm,40 g,40.0,g,15.0,,,DSP04147,Daily Shopping,biscuit-cookies,biscuit-cookies,,2.5,https://othoba.com/bisk-club-shero-biscuit-40gm
2026-09-11,277038,Mr. Noodles 8pcs Magic Masala,8 pcs,8.0,pcs,146.0,170.0,14.12,OTN00002,Othoba Noodle,noodles,noodles,359.0,5.0,https://othoba.com/mr-noodles-8pcs-magic-masala
2026-09-11,27747,Supermilk Full Cream Milk Powder- 500gm,500 g,500.0,g,390.0,,,DSP00709,Daily Shopping,milk-3,milk-3,,0.0,https://othoba.com/supermilk-full-cream-milk-powder-500gm-2
2026-09-11,278221,Mr. Noodles Magic Masala 28 Pcs Box,28 pcs,28.0,pcs,525.0,,,OTN00003,Othoba Noodle,noodles,noodles,145.0,0.0,https://othoba.com/mr-noodles-28-pcs-box
2026-09-11,278292,Mr. Noodles Cup Noodles,,,,28.0,35.0,20.0,OTN00006,Othoba Noodle,soup-2,soup-2,330.0,0.0,https://othoba.com/mr-noodles-cup-noodles-magic-masala-278292
2026-09-11,278624,Shan tandoori masala,,,,115.0,,,DSP04152,Daily Shopping,ready-mix,ready-mix,,0.0,https://othoba.com/shan-tandoori-masala
2026-09-11,278625,MDH kashmiri mirch,,,,135.0,,,DSP04153,Daily Shopping,ready-mix,ready-mix,,0.0,https://othoba.com/mdh-kashmiri-mirch
2026-09-11,278629,Apple golden SA 900 gm,900 g,900.0,g,300.0,,,AST00303,Daily Shopping,ready-mix,ready-mix,,0.0,https://othoba.com/apple-golden-sa-900-gm
2026-09-11,278630,Guava(peara) 1 kg 270 gm,270 g,270.0,g,135.0,,,DSP04154,Daily Shopping,ready-mix,ready-mix,,0.0,https://othoba.com/guavapeara-1-kg-270-gm
2026-09-11,278785,Mr. Noodles 12 Pcs Pack Magic Masala,12 pcs,12.0,pcs,219.0,255.0,14.12,OTN00009,Othoba Noodle,noodles,noodles,29.0,0.0,https://othoba.com/mr-noodles-12-pcs-pack
2026-09-11,278863,Premium Khejurer Patali Gur (প্রিমিয়াম খেজুরের পাটালি গুড়)) 500 Gram,500 g,500.0,g,264.0,275.0,4.0,ROS00375,Rongdhonu Corporations,sweetmeat,sweetmeat,16.0,0.0,https://othoba.com/premium-khejurer-patali-gur-500gram
2026-09-11,278864,Premium Khejurer Patali Gur (প্রিমিয়াম খেজুরের পাটালি গুড়)) 1000 Gram,1000 g,1000.0,g,517.0,539.0,4.08,ROS00376,Rongdhonu Corporations,sweetmeat,sweetmeat,45.0,0.0,https://othoba.com/premium-khejurer-patali-gur-%E0%A6%AA%E0%A6%B0%E0%A6%AE%E0%A7%9F%E0%A6%AE-%E0%A6%96%E0%A6%9C%E0%A6%B0%E0%A6%B0-%E0%A6%AA%E0%A6%9F%E0%A6%B2-%E0%A6%97%E0%A7%9C-1000-gram-2
2026-09-11,278865,Premium Khejurer Patali Gur (প্রিমিয়াম খেজুরের পাটালি গুড়) 2000 Gram,2000 g,2000.0,g,834.0,869.0,4.03,ROS00377,Rongdhonu Corporations,sweetmeat,sweetmeat,11.0,0.0,https://othoba.com/premium-khejurer-patali-gur-%E0%A6%AA%E0%A6%B0%E0%A6%AE%E0%A7%9F%E0%A6%AE-%E0%A6%96%E0%A6%9C%E0%A6%B0%E0%A6%B0-%E0%A6%AA%E0%A6%9F%E0%A6%B2-%E0%A6%97%E0%A7%9C-2000-gram-ros00377
2026-09-11,278928,Vegetable Green Papaya 10.15 kg,10.15 kg,10.15,kg,629.3,,,DSP004146,Daily Shopping,fruits-vegetable,fruits-vegetable,,0.0,https://othoba.com/vegetable-green-papaya-1015-kg
2026-09-11,278934,Vegetable Dhoniya Pata 0.31,,,,18.6,,,DSP004152,Daily Shopping,fruits-vegetable,fruits-vegetable,,0.0,https://othoba.com/vegetable-dhoniya-pata-031
2026-09-11,278935,Vegetable Tomato 1.06,,,,222.6,,,DSP004153,Daily Shopping,fruits-vegetable,fruits-vegetable,,0.0,https://othoba.com/vegetable-tomato-106
2026-09-11,278936,Rui Fish 3.52 kg,3.52 kg,3.52,kg,1933.25,,,DSP004154,Daily Shopping,meat-fish,meat-fish,,0.0,https://othoba.com/rui-fish-352-kg
2026-09-11,278940,Treat Chocolate Bar Fun Unlimited,,,,10.0,,,DSP04155,Daily Shopping,chocolate-candy,chocolate-candy,,0.0,https://othoba.com/treat-chocolate-bar-fun-unlimited
2026-09-11,278941,Daily Shopping Onion Local Pack (5.08 Kg),5.08 kg,5.08,kg,588.7,,,DSP004156,Daily Shopping,chocolate-candy,chocolate-candy,,0.0,https://othoba.com/daily-shopping-onion-local-pack
2026-09-11,278942,Daily Shopping Ginger  China pack (1.05 Kg),1.05 kg,1.05,kg,210.0,,,DSP004157,Daily Shopping,chocolate-candy,chocolate-candy,,0.0,https://othoba.com/daily-shopping-ginger-china-pack-105-kg
2026-09-11,278943,Daily Shopping Garlic China Pack(1.02 Kg),1.02 kg,1.02,kg,259.84,,,DSP004158,Daily Shopping,chocolate-candy,chocolate-candy,,0.0,https://othoba.com/daily-shopping-garlic-china-pack102-kg
2026-09-11,278944,AKIJ FIRE BOX 12PCS BOX BGD(1 Box),12 pcs,12.0,pcs,36.0,,,DSP004159,Daily Shopping,chocolate-candy,chocolate-candy,,0.0,https://othoba.com/akij-fire-box-12pcs-box-bgd1-box
2026-09-11,278945,Good Luck Napkin Tissue 100Pcs - Regular 889945( 2 Box),100 pcs,100.0,pcs,140.0,,,DSP004160,Daily Shopping,chocolate-candy,chocolate-candy,,0.0,https://othoba.com/good-luck-napkin-tissue-100pcs-regular-889945
2026-09-11,278946,Apple Golden SA (1.55 Kg),1.55 kg,1.55,kg,499.1,,,DSP004161,Daily Shopping,chocolate-candy,chocolate-candy,,0.0,https://othoba.com/apple-golden-sa-155-kg
2026-09-11,278947,Guava (Peara) (2.07 kg),2.07 kg,2.07,kg,223.02,,,DSP004162,Daily Shopping,chocolate-candy,chocolate-candy,,0.0,https://othoba.com/guava-peara-207-kg
2026-09-11,278948,Asian Pear (Nashpati)1.56 kg,1.56 kg,1.56,kg,483.6,,,DSP004163,Daily Shopping,chocolate-candy,chocolate-candy,,0.0,https://othoba.com/asian-pear-nashpati156-kg
2026-09-11,278949,Malta-3.08kg,3.08 kg,3.08,kg,985.6,,,DSP004164,Daily Shopping,chocolate-candy,chocolate-candy,,0.0,https://othoba.com/malta-308kg
2026-09-11,278950,Pomegranate (Bedana) 6-12dana/Kg(1.18 kg),1.18 kg,1.18,kg,517.0,,,DSP004165,Daily Shopping,chocolate-candy,chocolate-candy,,0.0,https://othoba.com/pomegranate-bedana-6-12danakg118-kg
2026-09-11,278951,Daily Shopping Mutton Premium(2.80 Kg),2.8 kg,2.8,kg,3220.0,,,DSP004166,Daily Shopping,chocolate-candy,chocolate-candy,,0.0,https://othoba.com/daily-shopping-mutton-premium280-kg
2026-09-11,278952,DS Chicken Broiler WO Skin Brest 1kg-3.06kg,3.06 kg,3.06,kg,1652.4,,,DSP004167,Daily Shopping,chocolate-candy,chocolate-candy,,0.0,https://othoba.com/ds-chicken-broiler-wo-skin-brest-1kg-306kg
2026-09-11,278972,Beef Premium 515gm,515 g,515.0,g,383.16,,,DSP04178,Daily Shopping,fruits-vegetable,fruits-vegetable,,0.0,https://othoba.com/beef-premium-515gm
2026-09-11,278973,Pudina Pata 245gm,245 g,245.0,g,50.23,,,DSP04179,Daily Shopping,fruits-vegetable,fruits-vegetable,,0.0,https://othoba.com/pudina-pata-245gm
2026-09-11,278974,Tomato 1045 Gm,1045 g,1045.0,g,141.08,,,DSP04180,Daily Shopping,fruits-vegetable,fruits-vegetable,,0.0,https://othoba.com/tomato-1045-gm
2026-09-11,278975,Pata Kopi per pcs,,,,49.0,,,DSP04181,Daily Shopping,fruits-vegetable,fruits-vegetable,,0.0,https://othoba.com/pata-kopi-per-pcs
2026-09-11,278978,Treat Celebration Pack,,,,220.0,,,DSP04182,Daily Shopping,chocolate-candy,chocolate-candy,,0.0,https://othoba.com/treat-celebration-pack-2
2026-09-11,278979,Treat Chocolate Super Moon,,,,300.0,,,DSP04183,Daily Shopping,chocolate-candy,chocolate-candy,,0.0,https://othoba.com/treat-chocolate-super-moon
2026-09-11,278980,Treat Coffee Chocolate Bar 20gm,20 g,20.0,g,20.0,,,DSP04184,Daily Shopping,chocolate-candy,chocolate-candy,,0.0,https://othoba.com/treat-coffee-chocolate-bar-20gm
2026-09-11,278981,Treat Chocolate Magic Box,,,,350.0,,,DSP04185,Daily Shopping,chocolate-candy,chocolate-candy,,0.0,https://othoba.com/treat-chocolate-magic-box-4
2026-09-11,278982,Treat Milk Chocolate Bar 55gmx4pcs,4 pcs,4.0,pcs,200.0,,,DSP04186,Daily Shopping,chocolate-candy,chocolate-candy,,0.0,https://othoba.com/treat-milk-chocolate-bar-55gmx4pcs
2026-09-11,278991,Vegetable Tomato(1.05 kg),1.05 kg,1.05,kg,141.08,,,DSP04187,Daily Shopping,chocolate-candy,chocolate-candy,,0.0,https://othoba.com/vegetable-tomato105-kg
2026-09-11,278992,Vegetable Pata Kopi per pc-(1),,,,49.0,,,DSP04188,Daily Shopping,chocolate-candy,chocolate-candy,,0.0,https://othoba.com/vegetable-pata-kopi-per-pc-1
2026-09-11,278993,Vegetable Pudina Pata(0.25),,,,50.23,,,DSP04189,Daily Shopping,chocolate-candy,chocolate-candy,,0.0,https://othoba.com/vegetable-pudina-pata
2026-09-11,278994,Daily Shopping Beef Premium(0.52),,,,383.16,,,DSP04190,Daily Shopping,chocolate-candy,chocolate-candy,,0.0,https://othoba.com/daily-shopping-beef-premium052
2026-09-11,278997,Daily Shopping Cardamom 50gm(2),50 g,50.0,g,640.0,,,DSP04191,Daily Shopping,chocolate-candy,chocolate-candy,,0.0,https://othoba.com/daily-shopping-cardamom-50gm2
2026-09-11,278998,Daily Shopping Clove 25gm(1),25 g,25.0,g,85.0,,,DSP04192,Daily Shopping,chocolate-candy,chocolate-candy,,0.0,https://othoba.com/daily-shopping-clove-25gm1
2026-09-11,278999,Daily Shopping Dried Chilies 100gm(1),100 g,100.0,g,75.0,,,DSP04193,Daily Shopping,chocolate-candy,chocolate-candy,,0.0,https://othoba.com/daily-shopping-dried-chilies-100gm-3
2026-09-11,279000,Vegetable Pudina Pata(.120),,,,17.6,,,DSP04194,Daily Shopping,chocolate-candy,chocolate-candy,,0.0,https://othoba.com/vegetable-pudina-pata-2
2026-09-11,279001,Daily Shopping Beef Premium(0.59),,,,438.96,,,DSP04195,Daily Shopping,chocolate-candy,chocolate-candy,,0.0,https://othoba.com/daily-shopping-beef-premium
2026-09-11,279002,DS Chicken Broiler without Skin(2.23),,,,756.5,,,DSP04196,Daily Shopping,chocolate-candy,chocolate-candy,,0.0,https://othoba.com/ds-chicken-broiler-without-skin
2026-09-11,279003,Daily Shopping Keema,,,,1.0,,,Keema01,Daily Shopping,chocolate-candy,chocolate-candy,,0.0,https://othoba.com/daily-shopping-keema
2026-09-11,279006,PRAN Bisk Club Dry Cake 30gm 5,30 g,30.0,g,50.0,,,DSP04198,Daily Shopping,biscuit-cookies,biscuit-cookies,,0.0,https://othoba.com/pran-bisk-club-dry-cake-30gm-5
2026-09-11,279020,Daily Shopping Onion Local Pack-5.03,,,,582.9,,,DSP04199,Daily Shopping,chocolate-candy,chocolate-candy,,0.0,https://othoba.com/daily-shopping-onion-local-pack-503
2026-09-11,279022,Daily Shopping Potato Seasonal Pack-5.03,,,,381.9,,,DSP04200,Daily Shopping,chocolate-candy,chocolate-candy,,0.0,https://othoba.com/daily-shopping-potato-seasonal-pack-503
2026-09-11,279023,Daily Shopping Tamarind 200 gm,200 g,200.0,g,210.0,,,DSP04201,Daily Shopping,chocolate-candy,chocolate-candy,,0.0,https://othoba.com/daily-shopping-tamarind-200-gm
2026-09-11,279025,Daily Shopping Tasting Salt 100gm,100 g,100.0,g,55.0,,,DSP04202,Daily Shopping,chocolate-candy,chocolate-candy,,0.0,https://othoba.com/daily-shopping-tasting-salt-100gm
2026-09-11,279026,Apple Golden SA,,,,662.4,,,DSP04203,Daily Shopping,chocolate-candy,chocolate-candy,,0.0,https://othoba.com/apple-golden-sa-2
2026-09-11,279027,Guava (Peara),,,,201.5,,,DSP04204,Daily Shopping,chocolate-candy,chocolate-candy,,0.0,https://othoba.com/guava-peara
2026-09-11,279028,Asian Pear (Nashpati),,,,668.05,,,DSP04205,Daily Shopping,chocolate-candy,chocolate-candy,,0.0,https://othoba.com/asian-pear-nashpati-2
2026-09-11,279029,Malta,,,,961.6,,,DSP04206,Daily Shopping,chocolate-candy,chocolate-candy,,0.0,https://othoba.com/malta-2
2026-09-11,279030,Pomegranate (Bedana) 6-12dana/Kg,,,,884.4,,,DSP04207,Daily Shopping,chocolate-candy,chocolate-candy,,0.0,https://othoba.com/pomegranate-bedana-6-12danakg
2026-09-11,279031,Dry Coconut (Narikel) per pcs-,,,,336.0,,,DSP04208,Daily Shopping,chocolate-candy,chocolate-candy,,0.0,https://othoba.com/dry-coconut-narikel-per-pcs-
2026-09-11,279033,Vegetable Cucumber Hybrid/kg,,,,81.0,,,DSP04209,Daily Shopping,chocolate-candy,chocolate-candy,,0.0,https://othoba.com/vegetable-cucumber-hybridkg
2026-09-11,279034,Vegetable Dherosh,,,,81.2,,,DSP04210,Daily Shopping,chocolate-candy,chocolate-candy,,0.0,https://othoba.com/vegetable-dherosh
2026-09-11,279035,Vegetable Tomato,,,,249.0,,,DSP04211,Daily Shopping,chocolate-candy,chocolate-candy,,0.0,https://othoba.com/vegetable-tomato
2026-09-11,279036,Vegetable Lau per pc-,,,,55.0,,,DSP04212,Daily Shopping,chocolate-candy,chocolate-candy,,0.0,https://othoba.com/vegetable-lau-per-pc-
2026-09-11,279037,Vegetable Gajor Local/kg,,,,72.11,,,DSP04213,Daily Shopping,chocolate-candy,chocolate-candy,,0.0,https://othoba.com/vegetable-gajor-localkg
2026-09-11,279038,Vegetable Capsicum Green,,,,153.33,,,DSP04214,Daily Shopping,chocolate-candy,chocolate-candy,,0.0,https://othoba.com/vegetable-capsicum-green
2026-09-11,279039,Vegetable Dhoniya Pata,,,,33.15,,,DSP04215,Daily Shopping,chocolate-candy,chocolate-candy,,0.0,https://othoba.com/vegetable-dhoniya-pata
2026-09-11,279040,Vegetable Shim,,,,43.0,,,DSP04216,Daily Shopping,chocolate-candy,chocolate-candy,,0.0,https://othoba.com/vegetable-shim-2
2026-09-11,279041,Vegetable Ful Kopi Per pc-,,,,192.0,,,DSP04217,Daily Shopping,chocolate-candy,chocolate-candy,,0.0,https://othoba.com/vegetable-ful-kopi-per-pc-
2026-09-11,279042,Banana Shagor per pcs-,,,,80.0,,,DSP04218,Daily Shopping,chocolate-candy,chocolate-candy,,0.0,https://othoba.com/banana-shagor-per-pcs-
2026-09-11,279043,Vegetable Big Round Lemon (Lebu) per pc,,,,84.0,,,DSP04219,Daily Shopping,chocolate-candy,chocolate-candy,,0.0,https://othoba.com/vegetable-big-round-lemon-lebu-per-pc
2026-09-11,279067,Daily Shopping Ground Cinnamon 50gm,50 g,50.0,g,50.0,,,DSP04220,Daily Shopping,chocolate-candy,chocolate-candy,,0.0,https://othoba.com/daily-shopping-ground-cinnamon-50gm-3
2026-09-11,279068,Guava (Peara),,,,156.5,,,DSP04221,Daily Shopping,chocolate-candy,chocolate-candy,,0.0,https://othoba.com/guava-peara-2
2026-09-11,279069,Asian Pear (Nashpati),,,,438.65,,,DSP04222,Daily Shopping,chocolate-candy,chocolate-candy,,0.0,https://othoba.com/asian-pear-nashpati-3
2026-09-11,279070,Malta,,,,667.2,,,DSP04223,Daily Shopping,chocolate-candy,chocolate-candy,,0.0,https://othoba.com/malta-3
2026-09-11,279071,Apple Fuji,,,,619.5,,,DSP04224,Daily Shopping,chocolate-candy,chocolate-candy,,0.0,https://othoba.com/apple-fuji-2
2026-09-11,279072,PRAN Coriander Sauce 250gm (Jar),250 g,250.0,g,110.0,,,DSP04225,Daily Shopping,sauces,sauces,,2.5,https://othoba.com/pran-coriander-sauce-250gm-jar
2026-09-11,27911,Garlic China  (রসুন ) Pack 1 kg,1 kg,1.0,kg,176.0,,,DSP00723,Daily Shopping,fruits-vegetable,fruits-vegetable,,5.0,https://othoba.com/daily-shopping-garlic-china-pack-1-kg-35111
2026-09-11,279113,Apple Golden SA,,,,488.18,,,DSP04229,Daily Shopping,chocolate-candy,chocolate-candy,,0.0,https://othoba.com/apple-golden-sa-3
2026-09-11,279114,Guava (Peara),,,,202.0,,,DSP04230,Daily Shopping,chocolate-candy,chocolate-candy,,0.0,https://othoba.com/guava-peara-3
2026-09-11,279115,Asian Pear (Nashpati),,,,346.5,,,DSP04231,Daily Shopping,chocolate-candy,chocolate-candy,,0.0,https://othoba.com/asian-pear-nashpati-4
2026-09-11,279116,Malta,,,,646.35,,,DSP04232,Daily Shopping,chocolate-candy,chocolate-candy,,0.0,https://othoba.com/malta-4
2026-09-11,279117,Vegetable Green Papaya,,,,137.47,,,DSP04233,Daily Shopping,chocolate-candy,chocolate-candy,,0.0,https://othoba.com/vegetable-green-papaya
2026-09-11,279118,Vegetable Chichinga,,,,82.78,,,DSP04234,Daily Shopping,chocolate-candy,chocolate-candy,,0.0,https://othoba.com/vegetable-chichinga
2026-09-11,279119,Vegetable Borboti,,,,128.75,,,DSP04235,Daily Shopping,chocolate-candy,chocolate-candy,,0.0,https://othoba.com/vegetable-borboti-2
2026-09-11,279120,Vegetable Gajor Local/kg,,,,66.47,,,DSP04236,Daily Shopping,chocolate-candy,chocolate-candy,,0.0,https://othoba.com/vegetable-gajor-localkg-2
2026-09-11,279121,Vegetable Capsicum Green,,,,144.21,,,DSP04237,Daily Shopping,chocolate-candy,chocolate-candy,,0.0,https://othoba.com/vegetable-capsicum-green-2
2026-09-11,279122,Vegetable Ful Kopi Per pc-,,,,160.0,,,DSP04238,Daily Shopping,chocolate-candy,chocolate-candy,,0.0,https://othoba.com/vegetable-ful-kopi-per-pc-2
2026-09-11,279123,Daily Shopping Mutton Premium,,,,2719.75,,,DSP04239,Daily Shopping,chocolate-candy,chocolate-candy,,0.0,https://othoba.com/daily-shopping-mutton-premium
2026-09-11,279124,DS Chicken Broiler WO Skin,,,,1141.78,,,DSP04240,Daily Shopping,chocolate-candy,chocolate-candy,,0.0,https://othoba.com/ds-chicken-broiler-wo-skin
2026-09-11,27913,Ginger (আদা) China pack 1 kg,1 kg,1.0,kg,160.0,,,DSP00724,Daily Shopping,fruits-vegetable,fruits-vegetable,,5.0,https://othoba.com/daily-shopping-ginger-china-pack-1-kg-35108
2026-09-11,279150,Orange Small (China)- 1kg Pack,1 kg,1.0,kg,360.0,,,DSP04241,Daily Shopping,chocolate-candy,chocolate-candy,,0.0,https://othoba.com/orange-small-china-1kg-pack
2026-09-11,279151,Orange Small (China) 1kg,1 kg,1.0,kg,380.0,,,DSP04242,Daily Shopping,chocolate-candy,chocolate-candy,,0.0,https://othoba.com/orange-small-china-1kg-3
2026-09-11,279235,Daily Shopping Ginger China pack	1.56,,,,336.96,,,DSP04243,Daily Shopping,chocolate-candy,chocolate-candy,,0.0,https://othoba.com/daily-shopping-ginger-china-pack156
2026-09-11,279236,Daily Shopping Garlic China 1.58,,,,406.35,,,DSP04244,Daily Shopping,chocolate-candy,chocolate-candy,,0.0,https://othoba.com/daily-shopping-garlic-china-158
2026-09-11,279247,Daily Shopping Araroot 200gm,200 g,200.0,g,38.0,,,DSP04252,Daily Shopping,chocolate-candy,chocolate-candy,,0.0,https://othoba.com/daily-shopping-araroot-200gm
2026-09-11,279369,Virginia Green Garden Himalayan Pink Salt 250gm,250 g,250.0,g,500.0,,,DSP04272,Daily Shopping,soup-2,soup-2,,0.0,https://othoba.com/pran-thai-soup
2026-09-11,279370,Canton Chicken Corn Soup,,,,50.0,,,DSP04273,Daily Shopping,soup-2,soup-2,,0.0,https://othoba.com/canton-chicken-corn-soup
2026-09-11,279755,Mr. Noodles Low Fat Masala Flavored Noodles (40 gm x 8 pcs),8 pcs,8.0,pcs,110.0,,,DSP04372,Daily Shopping,noodles,noodles,,2.5,https://othoba.com/mr-noodles-low-fat-masala-flavored-noodles-40-gm-x-8-pcs
2026-09-11,279907,Combo Offer,,,,400.0,,,NOP00002,Mr. Noodles Pavilion,noodles,noodles,,0.0,https://othoba.com/combo-offer-279907
2026-09-11,279908,Magic Offer,,,,545.0,,,NOP00003,Mr. Noodles Pavilion,noodles,noodles,,0.0,https://othoba.com/magic-offer
2026-09-11,279909,Healthy Offer,,,,180.0,,,NOP00004,Mr. Noodles Pavilion,noodles,noodles,53.0,0.0,https://othoba.com/healthy-offer
2026-09-11,279910,Double Benefit Offer,,,,150.0,,,NOP00005,Mr. Noodles Pavilion,noodles,noodles,18.0,0.0,https://othoba.com/double-benefit-offer
2026-09-11,279911,Mega Benefit Offer,,,,490.0,,,NOP00006,Mr. Noodles Pavilion,noodles,noodles,11.0,0.0,https://othoba.com/mega-benefit-offer
2026-09-11,279912,Super Offer,,,,200.0,,,NOP00007,Mr. Noodles Pavilion,noodles,noodles,50.0,0.0,https://othoba.com/super-offer-279912
2026-09-11,279913,Bumper Offer,,,,130.0,,,NOP00008,Mr. Noodles Pavilion,noodles,noodles,,0.0,https://othoba.com/bumper-offer
2026-09-11,279920,Bisk Club Super Cookies 185gm,185 g,185.0,g,50.0,,,DSP04417,Daily Shopping,biscuit-cookies,biscuit-cookies,,0.0,https://othoba.com/bisk-club-super-cookies-185gm
2026-09-11,279921,Star Offer,,,,180.0,,,NOP00009,Mr. Noodles Pavilion,noodles,noodles,,0.0,https://othoba.com/star-offer
2026-09-11,279922,Dhamaka Offer,,,,1365.0,,,NOP00010,Mr. Noodles Pavilion,noodles,noodles,44.0,0.0,https://othoba.com/dhamaka-offer
2026-09-11,279923,Bisk Club Chessboard Cookies 185gm,185 g,185.0,g,60.0,,,DSP04418,Daily Shopping,biscuit-cookies,biscuit-cookies,,0.0,https://othoba.com/bisk-club-chessboard-cookies-185gm
2026-09-11,279924,Bisk Club Peanut Cookies 230gm,230 g,230.0,g,70.0,,,DSP04419,Daily Shopping,biscuit-cookies,biscuit-cookies,,0.0,https://othoba.com/bisk-club-peanut-cookies-230gm
2026-09-11,279925,Bisk Club Roasted Coconut Cookies 230gm,230 g,230.0,g,70.0,,,DSP04420,Daily Shopping,biscuit-cookies,biscuit-cookies,,0.0,https://othoba.com/bisk-club-roasted-coconut-cookies-230gm
2026-09-11,279935,Bisk Club Saltino Cookies 185gm,185 g,185.0,g,50.0,,,DSP04430,Daily Shopping,biscuit-cookies,biscuit-cookies,,0.0,https://othoba.com/bisk-club-saltino-cookies-185gm
2026-09-11,279936,Bisk Club Salty Bite Cookies 230gm,230 g,230.0,g,70.0,,,DSP04431,Daily Shopping,biscuit-cookies,biscuit-cookies,,0.0,https://othoba.com/bisk-club-salty-bite-cookies-230gm
2026-09-11,279937,All Time Coconut Cookies 270gm,270 g,270.0,g,80.0,,,DSP04432,Daily Shopping,biscuit-cookies,biscuit-cookies,,0.0,https://othoba.com/all-time-coconut-cookies-270gm
2026-09-11,279938,All Time Donut Orange Filled Jam 55gm,55 g,55.0,g,20.0,,,DSP04433,Daily Shopping,biscuit-cookies,biscuit-cookies,,0.0,https://othoba.com/all-time-donut-orange-filled-jam-55gm
2026-09-11,281129,Oil Sugar Salt Combo  (1kg PRAN Iodized Salt + 1Kg Loose Sugar + Pusti Soybean Oil 5 liter),5 l,5.0,l,1019.0,,,DSP04490,Daily Shopping,salt-sugar,salt-sugar,,0.0,https://othoba.com/pusti-soybean-oil-5-litre-loose-sugar-1kg-and-pran-iodized-salt-1-kg-combo-offer
2026-09-11,281144,Oil Rice Combo (1Kg PRAN Aromatic Chinigura Premium Rice + Pusti Soybean Oil 5 liter),5 l,5.0,l,1017.0,,,DSP04491,Daily Shopping,daily-cooking,daily-cooking,,0.0,https://othoba.com/pusti-soybean-oil-5-litre-and-pran-aromatic-chinigura-premium-rice-1kg
2026-09-11,281147,Oil Paratha Combo ( Jhatpot Plain Paratha 1600gm + Free PRAN Jhatpot Low Fat Paratha 5pcs + Pusti Soybean oil 5 liter),5 l,5.0,l,1222.0,,,DSP04492,Daily Shopping,daily-cooking,daily-cooking,,0.0,https://othoba.com/pusti-soybean-oil-5-litre-and-jhatpot-plain-paratha-1600gm
2026-09-11,281262,Mr. Noodles Chicken 8pcs Pack,8 pcs,8.0,pcs,146.0,170.0,14.12,OTN00014,Othoba Noodle,noodles,noodles,,0.0,https://othoba.com/mr-noodles-chicken-8pcs
2026-09-11,281269,Mr. Noodles Super Spicy 8pcs,8 pcs,8.0,pcs,181.0,210.0,13.81,OTN00015,Othoba Noodle,noodles,noodles,,3.0,https://othoba.com/mr-noodles-super-spicy-8pcs
2026-09-11,281369,Atta Moida OIl combo (PRAN Moida 1 Kg + PRAN Atta 2 Kg + Pusti Soybean Oil 5 Liter),5 l,5.0,l,1042.0,,,DSP04494,Daily Shopping,daily-cooking,daily-cooking,,0.0,https://othoba.com/ataa-moida-oilcombo
2026-09-11,281497,Tasty Treat Butter Bun 100gm Free,100 g,100.0,g,0.0,,,DSP04495,Daily Shopping,bakery-breakfast,bakery-breakfast,,4.5,https://othoba.com/tasty-treat-butter-bun-100gm-free
2026-09-11,281738,Shero Premium Roll Wafer Milk (10 gm x 10 pcs),10 pcs,10.0,pcs,100.0,,,OHC00001,Othoba Cookies,biscuit-cookies,biscuit-cookies,,0.0,https://othoba.com/shero-premium-roll-wafer-milk-10-gm-x-10-pcs
2026-09-11,281740,Shero Premium Roll Wafer Vanilla (10 gm x 10 pcs),10 pcs,10.0,pcs,100.0,,,OHC00002,Othoba Cookies,biscuit-cookies,biscuit-cookies,,0.0,https://othoba.com/shero-premium-roll-wafer-vanilla-10-gm-x-10-pcs
2026-09-11,281742,Shero Premium Roll Wafer Chocolate (10 gm x 10 pcs),10 pcs,10.0,pcs,100.0,,,OHC00003,Othoba Cookies,biscuit-cookies,biscuit-cookies,,0.0,https://othoba.com/shero-premium-roll-wafer-chocolate-10-gm-x-10-pcs
2026-09-11,281745,Bisk Club Peanut Cookies 230 g x 6 pcs-P 230gm,230 g,230.0,g,70.0,,,OHC00004,Othoba Cookies,biscuit-cookies,biscuit-cookies,,0.0,https://othoba.com/bisk-club-peanut-cookies-230-g-x-6-pcs-p-230gm
2026-09-11,281746,Bisk Club Choco Vanilla Wheel Cookies 45 gm,45 g,45.0,g,15.0,,,OHC00005,Othoba Cookies,biscuit-cookies,biscuit-cookies,,0.0,https://othoba.com/bisk-club-choco-vanilla-wheel-cookies-45-gm-281746
2026-09-11,281751,Bisk Club Roasted Coconut Cookies 230 g x 6 Pcs-L 230gm,230 g,230.0,g,70.0,,,OHC00006,Othoba Cookies,biscuit-cookies,biscuit-cookies,,0.0,https://othoba.com/bisk-club-roasted-coconut-cookies-230-g-x-6-pcs-l-230gm
2026-09-11,281753,Bisk Club Shero Chocolate Coated Wafer 25 gm,25 g,25.0,g,180.0,,,OHC00007,Othoba Cookies,biscuit-cookies,biscuit-cookies,,0.0,https://othoba.com/bisk-club-shero-chocolate-coated-wafer-25-gm-126-box
2026-09-11,282097,Vegetable Shim (শিম) 500gm,500 g,500.0,g,10.0,,,DSP04508,Daily Shopping,fruits-vegetable,fruits-vegetable,,0.0,https://othoba.com/vegetable-shim-500gm
2026-09-11,282310,Multi-function Electronic Timer LCD Display Magnetic Digital Timer Kitchen Baking Countdown Dormitory Learning Reminder Gift,,,,186.0,580.0,67.93,NFK00519,nfkart.com,baking-2,baking-2,27.0,0.0,https://othoba.com/multi-function-electronic-timer-lcd-display-magnetic-digital-timer-kitchen-baking-countdown-dormitory-learning-reminder-gift-2
2026-09-11,28240,Daily Shopping Miniket Rice,,,,77.0,,,DSP00726,Daily Shopping,daily-cooking,daily-cooking,,4.9,https://othoba.com/daily-shopping-miniket-rice-1kg-35125
2026-09-11,282481,Momo & Nugget Feast Combo Offer,,,,470.0,,,DSP04528,Daily Shopping,breakfast-products,breakfast-products,,0.0,https://othoba.com/momo-nugget-feast-combo-offer
2026-09-11,282484,Spicy Snack Combo Offer,,,,200.0,,,DSP04529,Daily Shopping,breakfast-products,breakfast-products,,0.0,https://othoba.com/spicy-snack-combo-offer
2026-09-11,282678,Vegetable Radish (মুলা ) 500gm,500 g,500.0,g,6.0,,,DSP04543,Daily Shopping,fruits-vegetable,fruits-vegetable,,0.0,https://othoba.com/vegetable-radish-%E0%A6%AE%E0%A6%B2-500gm
2026-09-11,282723,Vegetable Radish (মুলা ) (500gm),500 g,500.0,g,6.0,,,DSP04545,Daily Shopping,fruits-vegetable,fruits-vegetable,,0.0,https://othoba.com/vegetable-radish-500gm-282723
2026-09-11,283899,Margherita Pizza 10’’,,,,400.0,,,TCF00033,Tasty Treat Cafe,bakery-snacks,bakery-snacks,,0.0,https://othoba.com/margherita-pizza
2026-09-11,283901,Pepperoni Pizza 10’’,,,,550.0,,,TCF00034,Tasty Treat Cafe,bakery-snacks,bakery-snacks,,0.0,https://othoba.com/pepperoni-pizza
2026-09-11,283902,BBQ Chicken Pizza 10’’,,,,650.0,,,TCF00035,Tasty Treat Cafe,bakery-snacks,bakery-snacks,,0.0,https://othoba.com/bbq-chicken-pizza-2
2026-09-11,283903,Meat Lovers Pizza 10’’,,,,700.0,,,TCF00036,Tasty Treat Cafe,bakery-snacks,bakery-snacks,,0.0,https://othoba.com/meat-lovers-pizza
2026-09-11,283904,Four Cheese Pizza 10’’,,,,650.0,,,TCF00037,Tasty Treat Cafe,bakery-snacks,bakery-snacks,,0.0,https://othoba.com/four-cheese-pizza
2026-09-11,283905,Kids Pizza 10’’,,,,450.0,,,TCF00038,Tasty Treat Cafe,bakery-snacks,bakery-snacks,,0.0,https://othoba.com/kids-pizza
2026-09-11,283906,Classic Cheese Burger,,,,350.0,,,TCF00039,Tasty Treat Cafe,bakery-snacks,bakery-snacks,,0.0,https://othoba.com/classic-cheese-burger
2026-09-11,283907,Mushroom Swiss Burger,,,,370.0,,,TCF00040,Tasty Treat Cafe,bakery-snacks,bakery-snacks,,0.0,https://othoba.com/mushroom-swiss-burger
2026-09-11,283908,Double Cheese Burger,,,,530.0,,,TCF00041,Tasty Treat Cafe,bakery-snacks,bakery-snacks,,0.0,https://othoba.com/double-cheese-burger
2026-09-11,283909,Jalapeno Pepper Jack Burger,,,,350.0,,,TCF00042,Tasty Treat Cafe,bakery-snacks,bakery-snacks,,0.0,https://othoba.com/jalapeno-pepper-jack-burger
2026-09-11,283910,Grilled Chicken Panini,,,,350.0,,,TCF00043,Tasty Treat Cafe,bakery-snacks,bakery-snacks,,0.0,https://othoba.com/grilled-chicken-panini
2026-09-11,283911,Tuna Melt Sandwich,,,,270.0,,,TCF00044,Tasty Treat Cafe,bakery-snacks,bakery-snacks,,0.0,https://othoba.com/tuna-melt-sandwich
2026-09-11,283912,Vegetarian Panini,,,,260.0,,,TCF00045,Tasty Treat Cafe,bakery-snacks,bakery-snacks,,0.0,https://othoba.com/vegetarian-panini
2026-09-11,283913,Italian Sub Sandwich,,,,310.0,,,TCF00046,Tasty Treat Cafe,bakery-snacks,bakery-snacks,,0.0,https://othoba.com/italian-sub-sandwich
2026-09-11,283914,Arabian Kudu Chicken Sandwich,,,,350.0,,,TCF00047,Tasty Treat Cafe,bakery-snacks,bakery-snacks,,0.0,https://othoba.com/arabian-kudu-chicken-sandwich
2026-09-11,283928,Tom Yum Gong Soup,,,,320.0,,,TCF00054,Tasty Treat Cafe,soup-2,soup-2,,0.0,https://othoba.com/tom-yum-gong-soup
2026-09-11,283932,Cream of Mushroom Soup,,,,350.0,,,TCF00055,Tasty Treat Cafe,soup-2,soup-2,,0.0,https://othoba.com/cream-of-mushroom-soup
2026-09-11,283943,PRAN NAPLES Mayonnaise Plastic Jar 450ml,450 ml,450.0,ml,270.0,,,DSP04571,Daily Shopping,sauces,sauces,,0.0,https://othoba.com/pran-naples-mayonnaise-plastic-jar-450ml
2026-09-11,28484,Mithai Motichur Orange Laddu,,,,468.0,520.0,10.0,TST00058,Mithai,sweetmeat,sweetmeat,,4.0,https://othoba.com/mithai-motichur-orange-laddu-34928
2026-09-11,28492,Mithai Patishapta Pitha,,,,41.0,45.0,8.89,TST00066,Mithai,sweetmeat,sweetmeat,,5.0,https://othoba.com/mithai-patishapta-47152
2026-09-11,285597,KRAKO Chili Chaat Flavor 17gm,17 g,17.0,g,10.0,,,DSP04711,Daily Shopping,chips,chips,,0.0,https://othoba.com/krako-chili-chaat-flavor-17gm
2026-09-11,285598,KRAKO Tangy Tomato Flavor- 17gm,17 g,17.0,g,10.0,,,DSP04712,Daily Shopping,chips,chips,,0.0,https://othoba.com/krako-tangy-tomato-flavor-17gm
2026-09-11,285713,ALL Time Roma Choco Vanilla Family Pack,,,,150.0,,,DSP04713,Daily Shopping,biscuit-cookies,biscuit-cookies,,0.0,https://othoba.com/all-time-roma-choco-vanilla-family-pack
2026-09-11,285715,Bisk Club Coffee Bite 50g,50 g,50.0,g,20.0,,,DSP04714,Daily Shopping,biscuit-cookies,biscuit-cookies,,5.0,https://othoba.com/bisk-club-coffee-bite-50g
2026-09-11,285716,PRAN Potato Cracker Spanish Tomato 15gm,15 g,15.0,g,10.0,,,DSP04715,Daily Shopping,chips,chips,,0.0,https://othoba.com/pran-potato-cracker-spanish-tomato-15gm
2026-09-11,285721,PRAN Krako Cream & Onion Flavor 17gm,17 g,17.0,g,10.0,,,DSP04716,Daily Shopping,chips,chips,,0.0,https://othoba.com/pran-krako-cream-onion-flavor-17gm
2026-09-11,285722,PRAN Twister Chips(Salt & Black Pepper),,,,20.0,,,DSP04717,Daily Shopping,chips,chips,,0.0,https://othoba.com/pran-twister-chipssalt-black-pepper
2026-09-11,285724,All Time Coconut Cookies 270gm,270 g,270.0,g,80.0,,,DSP04718,Daily Shopping,biscuit-cookies,biscuit-cookies,,0.0,https://othoba.com/all-time-coconut-cookies-270gm-285724
2026-09-11,286279,Canton Chicken Corn Soup 2Pcs,2 pcs,2.0,pcs,100.0,,,OTN00020,Othoba Noodle,noodles,noodles,,0.0,https://othoba.com/canton-chicken-corn-soup-286279
2026-09-11,286280,Mr. Noodles Shahi Masala 8 pcs pack,8 pcs,8.0,pcs,146.0,170.0,14.12,OTN00021,Othoba Noodle,noodles,noodles,32.0,0.0,https://othoba.com/mr-noodles-shahi-masala-8-pcs-pack
2026-09-11,286281,Mr. Noodles Magic Masala 16 pcs pack,16 pcs,16.0,pcs,288.0,335.0,14.03,OTN00022,Othoba Noodle,noodles,noodles,317.0,0.0,https://othoba.com/mr-noodles-magic-masala-16-pcs-pack
2026-09-11,286283,Pran Thai Soup 2Pcs,2 pcs,2.0,pcs,100.0,,,OTN00024,Othoba Noodle,noodles,noodles,,5.0,https://othoba.com/pran-thai-soup-286283
2026-09-11,28668,Goodlife Mozzarella Cheese 200gm,200 g,200.0,g,270.0,,,DSP00733,Daily Shopping,cheese,cheese,,5.0,https://othoba.com/goodlife-mozzarella-cheese-200gm-4000000220
2026-09-11,287099,Mr. Noodles Low Fat Masala Flavored Noodles (40 gm x 8 pcs),8 pcs,8.0,pcs,110.0,,,DSP04730,Daily Shopping,noodles,noodles,,0.0,https://othoba.com/mr-noodles-low-fat-masala-flavored-noodles-40-gm-x-8-pcs-2
2026-09-11,289424,Mutton 1 kg,1 kg,1.0,kg,1060.0,,,SMG00006,Shahin Mangso Ghor,meat-fish,meat-fish,63.0,0.0,https://othoba.com/mutton-bulk-1-kg
2026-09-11,29052,Begun (বেগুন) Round Green,,,,109.0,,,DSP00734,Daily Shopping,fruits-vegetable,fruits-vegetable,,5.0,https://othoba.com/vegetable-begun-round-green-65106
2026-09-11,29053,Vegetable Kochu Chora (কচুরমুখী) 1kg,1 kg,1.0,kg,59.0,65.0,9.23,DSP00735,Daily Shopping,fruits-vegetable,fruits-vegetable,,5.0,https://othoba.com/vegetable-kochu-chora-1kg-65049
2026-09-11,29058,Amra (আমড়া) Hog Plum Pc,,,,200.0,,,DSP00740,Daily Shopping,fruits-vegetable,fruits-vegetable,,5.0,https://othoba.com/amra-hog-plum-65061
2026-09-11,29059,Kotbell (কদবেল) Per Pc,,,,42.0,,,DSP00741,Daily Shopping,fruits-vegetable,fruits-vegetable,,5.0,https://othoba.com/kotbell-per-pc-65084
2026-09-11,29060,Lemon Big Round (লেবু) per pc,,,,6.0,9.0,33.33,DSP00742,Daily Shopping,fruits-vegetable,fruits-vegetable,,5.0,https://othoba.com/vege-big-round-lemon-lebu-per-pc-65116
2026-09-11,29063,Vegetable Naga Chili,,,,6.0,,,DSP00745,Daily Shopping,fruits-vegetable,fruits-vegetable,,5.0,https://othoba.com/lal-morich-1kg-65145
2026-09-11,29460,Daily Shopping Chinigura (Loose),,,,178.0,,,DSP00747,Daily Shopping,daily-cooking,daily-cooking,,3.5,https://othoba.com/daily-shopping-chinigura-loose-35151
2026-09-11,29683,Daily Shopping Miniket Standard 1kg,1 kg,1.0,kg,73.0,,,DSP00752,Daily Shopping,daily-cooking,daily-cooking,,3.7,https://othoba.com/miniket-standard-1kg-35162
2026-09-11,29689,Quaker Oats Jar 900gm,900 g,900.0,g,750.0,,,DSP00757,Daily Shopping,bakery-breakfast,bakery-breakfast,,0.0,https://othoba.com/quaker-oats-jar-1kg-5500000927
2026-09-11,29691,Quaker Oats 450gm Foil Pack,450 g,450.0,g,360.0,,,DSP00758,Daily Shopping,bakery-breakfast,bakery-breakfast,,5.0,https://othoba.com/quaker-oats-500gm-foil-pack-5500000881
2026-09-11,29694,Quaker Oats White Can - 500g,500 g,500.0,g,630.0,,,DSP00759,Daily Shopping,bakery-breakfast,bakery-breakfast,,5.0,https://othoba.com/quaker-oats-white-can-500gm-5500000594
2026-09-11,29857,Teer Sugar Bulk 50kg,50 kg,50.0,kg,2800.0,,,DSP00760,Daily Shopping,salt-sugar,salt-sugar,,0.0,https://othoba.com/teer-sugar-bulk-50kg-3500000077
2026-09-11,29858,PRAN Premium Butter 200gm,200 g,200.0,g,250.0,,,DSP00761,Daily Shopping,butter-3,butter-3,,0.0,https://othoba.com/pran-premium-butter-200gm-4000000145
2026-09-11,29957,Mr. Noodles 5pcs Chicken New,5 pcs,5.0,pcs,90.0,,,DSP00763,Daily Shopping,noodles,noodles,,0.0,https://othoba.com/pran-mr-noodles-5pcs-chicken-new-5500000234
2026-09-11,29958,Mr. Noodles 5pcs Magic Masala,5 pcs,5.0,pcs,90.0,,,DSP00764,Daily Shopping,noodles,noodles,,5.0,https://othoba.com/mr-noodles-5pcs-magic-masala-5500000235
2026-09-11,29959,Mr. Noodles 8pcs Magic Masala,8 pcs,8.0,pcs,180.0,,,DSP00765,Daily Shopping,noodles,noodles,,5.0,https://othoba.com/mr-noodles-8pcs-magic-masala-5500000074
2026-09-11,29960,Bisk Club Sugar Free Biscuits 200g,200 g,200.0,g,75.0,,,DSP00766,Daily Shopping,biscuit-cookies,biscuit-cookies,,5.0,https://othoba.com/bisk-club-sugar-free-biscuits-200g-5500000742
2026-09-11,29961,PRAN Hot Tomato Sauce 500gm,500 g,500.0,g,150.0,170.0,11.76,DSP00767,Daily Shopping,sauces,sauces,,2.9,https://othoba.com/pran-hot-tomato-sauce-550gm-5000000239
2026-09-11,29962,PRAN Tomato Sauce 340gm,340 g,340.0,g,130.0,,,DSP00768,Daily Shopping,sauces,sauces,,5.0,https://othoba.com/pran-tomatosauce-340gm-5000000030
2026-09-11,29987,Cadbury Dairy Milk Silk Bubbly 50 ±3gm,3 g,3.0,g,230.0,,,DSP00771,Daily Shopping,chocolate-candy,chocolate-candy,,5.0,https://othoba.com/cadbury-dairy-milk-silk-bubbly-50gm-5500000838
2026-09-11,29988,Dano Daily Pushti 1kg Foil,1 kg,1.0,kg,770.0,,,DSP00772,Daily Shopping,milk-3,milk-3,,3.1,https://othoba.com/dano-daily-pushti-1kg-foil-4000000077
2026-09-11,29989,Dano Daily Pushti 500gm Foil,500 g,500.0,g,400.0,,,DSP00773,Daily Shopping,milk-3,milk-3,,5.0,https://othoba.com/dano-daily-pushti-500gm-foil-4000000079
2026-09-11,29990,All Time Honey Comb,,,,15.0,,,DSP00774,Daily Shopping,bakery-breakfast,bakery-breakfast,,5.0,https://othoba.com/all-time-honey-comb-5500000397
2026-09-11,29991,Dano FCMP Instant 1.25kg Foil,1.25 kg,1.25,kg,1130.0,,,DSP00775,Daily Shopping,milk-3,milk-3,,5.0,https://othoba.com/dano-fcmp-instant-125kg-foil-4000000213
2026-09-11,29992,All Time Milk Bread 300 g x 12 Pcs,12 pcs,12.0,pcs,60.0,,,DSP00776,Daily Shopping,bakery-breakfast,bakery-breakfast,,5.0,https://othoba.com/all-time-milk-bread-300-g-x-12-pcs
2026-09-11,29993,Jhatpot Chicken Nuggets 300gm,300 g,300.0,g,240.0,,,DSP00777,Daily Shopping,breakfast-products,breakfast-products,,4.5,https://othoba.com/jhatpot-chicken-nuggets-300gm-5500000531
2026-09-11,29994,Dano FCMP Instant Foil 500gm,500 g,500.0,g,450.0,,,DSP00778,Daily Shopping,milk-3,milk-3,,0.0,https://othoba.com/dano-fcmp-instant-foil-500gm-4000000080
2026-09-11,29996,Jhatpot Low Fat Parata 600 gm 10pcs,10 pcs,10.0,pcs,130.0,,,DSP00780,Daily Shopping,bakery-breakfast,bakery-breakfast,,4.4,https://othoba.com/jhatpot-parata-low-fat-600-gm-10pcs
2026-09-11,29998,Jhatpot Deshi Paratha Family Pack  (Premium) 20pc 1300gm,1300 g,1300.0,g,320.0,,,DSP00782,Daily Shopping,bakery-breakfast,bakery-breakfast,,5.0,https://othoba.com/jhatpot-paratha-premium-20pc-1300g-5500001099
2026-09-11,29999,Jhatpot Mini Chicken Samosa 250gm,250 g,250.0,g,215.0,,,DSP00783,Daily Shopping,breakfast-products,breakfast-products,,5.0,https://othoba.com/jhatpot-mini-chicken-samosa-250gm-5500000595
2026-09-11,30001,All Time Ghee Toast 80gm,80 g,80.0,g,25.0,,,DSP00785,Daily Shopping,biscuit-cookies,biscuit-cookies,,5.0,https://othoba.com/pran-all-time-ghee-toast-80gm-5500000811
2026-09-11,30002,Pran All Time Ruti 240gm,240 g,240.0,g,25.0,,,DSP00786,Daily Shopping,bakery-breakfast,bakery-breakfast,,5.0,https://othoba.com/pran-all-time-ruti-240gm-5500000512
2026-09-11,30003,Igloo 1 Litre Mango Melody,1 l,1.0,l,350.0,,,DSP00787,Daily Shopping,ice-cream,ice-cream,,0.0,https://othoba.com/igloo-1-litre-mango-melody-4000000045
2026-09-11,30004,Jhatpot Chicken Mini Spring Roll 200gm,200 g,200.0,g,200.0,,,DSP00788,Daily Shopping,breakfast-products,breakfast-products,,3.0,https://othoba.com/jhatpot-chicken-mini-spring-roll-200gm-5500000752
2026-09-11,30006,Igloo Belgian Chocolate Cornelli 100ml,100 ml,100.0,ml,70.0,,,DSP00790,Daily Shopping,ice-cream,ice-cream,,5.0,https://othoba.com/igloo-belgian-chocolate-cornelli-100ml-4000000031
2026-09-11,30007,Jhatpot Chicken Sausages 340gm,340 g,340.0,g,260.0,,,DSP00791,Daily Shopping,breakfast-products,breakfast-products,,2.9,https://othoba.com/jhatpot-chicken-sausages-340gm-5500000899
2026-09-11,30008,Igloo Chocobar 70ml,70 ml,70.0,ml,35.0,,,DSP00792,Daily Shopping,ice-cream,ice-cream,,5.0,https://othoba.com/igloo-chocobar-70ml-4000000018
2026-09-11,30010,Igloo Cornelli Classic 115ml,115 ml,115.0,ml,60.0,,,DSP00793,Daily Shopping,ice-cream,ice-cream,,5.0,https://othoba.com/igloo-cornelli-classic-100ml-4000000029
2026-09-11,30015,Kinder Joy with Surprise Girls 20gm,20 g,20.0,g,120.0,,,DSP00795,Daily Shopping,chocolate-candy,chocolate-candy,,5.0,https://othoba.com/kinder-joy-with-surprise-20gm-5500000582
2026-09-11,30016,PRAN Mithai Soan Papri 250gm,250 g,250.0,g,100.0,,,DSP00796,Daily Shopping,sweetmeat,sweetmeat,,5.0,https://othoba.com/pran-mithai-soan-papri-250gm-5500000380
2026-09-11,30020,Mr. Noodles Chicken Flavor 8 pcs Family Pack (62gm x 8 pcs),8 pcs,8.0,pcs,180.0,,,DSP00798,Daily Shopping,noodles,noodles,433.0,3.0,https://othoba.com/mr-noodles-8pcs-chicken-5500000073
2026-09-11,30023,PRAN Miniket Rice Loose 1kg,1 kg,1.0,kg,84.0,,,DSP00799,Daily Shopping,daily-cooking,daily-cooking,,4.3,https://othoba.com/pran-miniket-rice-loose-1kg-35131
2026-09-11,30025,PRAN Nazir Rice Loose 1kg,1 kg,1.0,kg,94.0,,,DSP00801,Daily Shopping,daily-cooking,daily-cooking,,5.0,https://othoba.com/pran-nazir-rice-loose-35146
2026-09-11,30026,Maggi HLTH Soup (Regular) CK Corn 25gm,25 g,25.0,g,60.0,,,DSP00802,Daily Shopping,soup-2,soup-2,,5.0,https://othoba.com/maggi-hlth-soup-regular-ck-corn-25gm-5500000276
2026-09-11,30027,PRAN Muri 250gm,250 g,250.0,g,38.0,,,DSP00803,Daily Shopping,local-snacks,local-snacks,,5.0,https://othoba.com/pran-muri-250gm-5500000022-p00803
2026-09-11,30028,Maggi HLTH Soup (Regular)Thai 35gm,35 g,35.0,g,60.0,,,DSP00804,Daily Shopping,soup-2,soup-2,,5.0,https://othoba.com/maggi-hlth-soup-regular-thai-35gm-5500000277
2026-09-11,30029,PRAN Peanut Bar 20gm,20 g,20.0,g,10.0,,,DSP00805,Daily Shopping,local-snacks,local-snacks,,4.8,https://othoba.com/pran-peanut-bar-40gm-5500000009
2026-09-11,30033,NESTLE EveryDay 500gm Poly 500gm,500 g,500.0,g,425.0,,,DSP00809,Daily Shopping,milk-3,milk-3,,5.0,https://othoba.com/nestle-everyday-500gm-poly-500gm-4000000222
2026-09-11,30035,Nestle NAN-1 400 gm Tin,400 g,400.0,g,1160.0,,,DSP00810,Daily Shopping,milk-3,milk-3,,5.0,https://othoba.com/nestle-nan-1-400-gm-tin-1500000035
2026-09-11,30037,Nido FCMP   BIB  3 + 350 gm,350 g,350.0,g,520.0,,,DSP00811,Daily Shopping,milk-3,milk-3,,5.0,https://othoba.com/nido-fcmp-bib-3-plus-370gm-1500000019
2026-09-11,30038,Nido FCMP   BIB 700gm,700 g,700.0,g,900.0,,,DSP00812,Daily Shopping,milk-3,milk-3,,5.0,https://othoba.com/nido-fcmp-bib-700gm-1500000016
2026-09-11,30041,Nido FCMP TIN 900gm,900 g,900.0,g,950.0,,,DSP00813,Daily Shopping,milk-3,milk-3,,5.0,https://othoba.com/nido-fcmp-tin-900gm-1500000017
2026-09-11,30043,Rupchada Soyabean Oil 2ltr,2 l,2.0,l,398.0,,,DSP00815,Daily Shopping,daily-cooking,daily-cooking,,5.0,https://othoba.com/rupchada-soyabean-oil-2ltr-3500000024
2026-09-11,30123,PRAN Lachcha Semai 180 gm,180 g,180.0,g,50.0,70.0,28.57,DSP00820,Daily Shopping,vermicellies,vermicellies,,4.8,https://othoba.com/pran-lachcha-semai-200gm-5500000105
2026-09-11,30128,PRAN Mung Dal 1kg,1 kg,1.0,kg,195.0,,,DSP00821,Daily Shopping,daily-cooking,daily-cooking,,5.0,https://othoba.com/pran-mung-dal-1kg-3500000093
2026-09-11,30129,PRAN Delight Toast Biscuits 250gm,250 g,250.0,g,70.0,,,DSP00822,Daily Shopping,biscuit-cookies,biscuit-cookies,,5.0,https://othoba.com/pran-delight-toast-biscuits-250gm-5500000744
2026-09-11,30131,PRAN Mango Bar 10 pcs Pack,10 pcs,10.0,pcs,100.0,,,DSP00823,Daily Shopping,local-snacks,local-snacks,,5.0,https://othoba.com/pran-mango-bar-10-pcs-pack-5500000019
2026-09-11,30138,PRAN Mung Dal 500gm,500 g,500.0,g,100.0,,,DSP00824,Daily Shopping,daily-cooking,daily-cooking,,5.0,https://othoba.com/pran-mung-dal-500gm-3500000011-p00824
2026-09-11,30141,PRAN Potato Crackers 15gm,15 g,15.0,g,10.0,,,DSP00826,Daily Shopping,chips,chips,,4.3,https://othoba.com/pran-toy-cracker-30gm-5500000038
2026-09-11,30151,Mr. Noodles Egg Noodles Masala Flavor,,,,25.0,,,DSP00827,Daily Shopping,noodles,noodles,,5.0,https://othoba.com/egg-noodles-180gm-5500000651
2026-09-11,30159,Bisk Club Dry Cake 300gm,300 g,300.0,g,150.0,,,DSP00830,Daily Shopping,biscuit-cookies,biscuit-cookies,,2.9,https://othoba.com/bisk-club-dry-cake-300gm-5500000092
2026-09-11,30160,Kernel Sunflower Oil 5ltr,5 l,5.0,l,2000.0,,,DSP00831,Daily Shopping,daily-cooking,daily-cooking,,5.0,https://othoba.com/kernel-sunflower-oil-5ltr-3500000144
2026-09-11,30436,Barchon Best Quality Oyster Sauce 350ml,350 ml,350.0,ml,210.0,,,DSP00834,Daily Shopping,sauces,sauces,,0.0,https://othoba.com/barchon-best-quality-oyster-sauce-350ml-5000000226
2026-09-11,30437,Cadbury 5 Star 22 ±3 gm,3 g,3.0,g,30.0,,,DSP00835,Daily Shopping,chocolate-candy,chocolate-candy,,5.0,https://othoba.com/cadbury-5-star-241g-5500000478
2026-09-11,30438,Best Chili Sauce 340gm,340 g,340.0,g,217.0,,,DSP00836,Daily Shopping,sauces,sauces,,5.0,https://othoba.com/best-chili-sauce-340gm-5000000225
2026-09-11,30439,Best Tomato Ketchup 330gm,330 g,330.0,g,192.0,,,DSP00837,Daily Shopping,sauces,sauces,,5.0,https://othoba.com/best-tomato-ketchup-330gm-5000000224
2026-09-11,30440,Fox Candy 90g Crystal Clear,90 g,90.0,g,130.0,,,DSP00838,Daily Shopping,chocolate-candy,chocolate-candy,,5.0,https://othoba.com/fox-candy-90g-crystal-clear-5500000473
2026-09-11,30442,Nestle KitKat 38.3±3gm,3 g,3.0,g,85.0,,,DSP00840,Daily Shopping,chocolate-candy,chocolate-candy,,5.0,https://othoba.com/nestle-kitkat-373gm-5500000589
2026-09-11,30443,Hershys Choclate Syrup 623ml,623 ml,623.0,ml,890.0,,,DSP00841,Daily Shopping,food-additives,food-additives,,5.0,https://othoba.com/hershys-choclate-syrup-680ml-5000000128
2026-09-11,30445,Maggi Chicken Stock 2tablet (Oman),2 tablets,2.0,tablets,50.0,,,DSP00843,Daily Shopping,spice-herb,spice-herb,,5.0,https://othoba.com/maggi-chicken-stock-2tablet-oman-5500000597
2026-09-11,30446,Maggi Pazzta 65gm,65 g,65.0,g,75.0,,,DSP00844,Daily Shopping,macaroni,macaroni,,0.0,https://othoba.com/maggi-pazzta-65gm-5500000686
2026-09-11,30447,Cadbury Dairy Milk 45 ±3gm,3 g,3.0,g,150.0,,,DSP00845,Daily Shopping,chocolate-candy,chocolate-candy,,5.0,https://othoba.com/cadbury-dairy-milk-45gm-5500000603
2026-09-11,30449,Oreo Biscuit Vanilla Flavored Cream 137gm,137 g,137.0,g,145.0,,,DSP00847,Daily Shopping,biscuit-cookies,biscuit-cookies,,0.0,https://othoba.com/oreo-biscuit-vanilla-flavored-cream-137gm-5500000153
2026-09-11,30450,PRINGLES (SWEET BBQ) 158gm,158 g,158.0,g,240.0,,,DSP00848,Daily Shopping,chips,chips,,0.0,https://othoba.com/pringles-sweet-bbq-181gm-5500000246
2026-09-11,30451,PRINGLES ORIGINAL 149±10gm,10 g,10.0,g,445.0,,,DSP00849,Daily Shopping,chips,chips,,0.0,https://othoba.com/pringles-original-181gm-5500000248
2026-09-11,30452,Pringles Pizza 181gm,181 g,181.0,g,240.0,,,DSP00850,Daily Shopping,chips,chips,,0.0,https://othoba.com/pringles-pizza-181gm-5500000249
2026-09-11,30453,Pringles Sour Cream And Onion 181Gm,181 g,181.0,g,240.0,,,DSP00851,Daily Shopping,chips,chips,,0.0,https://othoba.com/pringles-sour-cream-and-onion-181gm-5500000250
2026-09-11,30454,Pringles Sour & Cream 40gm,40 g,40.0,g,180.0,,,DSP00852,Daily Shopping,chips,chips,,0.0,https://othoba.com/pringles-sour-and-cream-65gm-5500000661
2026-09-11,30455,Sunfeast Dark Fantasy Choco Fills 75g,75 g,75.0,g,150.0,,,DSP00853,Daily Shopping,biscuit-cookies,biscuit-cookies,,5.0,https://othoba.com/sunfeast-dark-fantasy-choco-fills-75g-5500000319
2026-09-11,30456,Pringles Original 65gm,65 g,65.0,g,90.0,,,DSP00854,Daily Shopping,chips,chips,,0.0,https://othoba.com/pringles-original-65gm-5500000666
2026-09-11,30457,Taste Bread Crumbs 200gm,200 g,200.0,g,110.0,,,DSP00855,Daily Shopping,food-additives,food-additives,,5.0,https://othoba.com/taste-bread-crumbs-200gm-5000000182
2026-09-11,30458,Alfa Mayonnaise 473gm,473 g,473.0,g,335.0,,,DSP00856,Daily Shopping,bakery-breakfast,bakery-breakfast,,5.0,https://othoba.com/alfa-mayonnaise-473gm-5500000280
2026-09-11,30459,Tiffany CrunchnCream Wafer Biscuits153gm,153 g,153.0,g,265.0,,,DSP00857,Daily Shopping,biscuit-cookies,biscuit-cookies,,5.0,https://othoba.com/tiffany-crunchn-cream-wafer-biscuits-153gm-5500000596
2026-09-11,30460,Nestle Kitkat 4 Finger 36.5gm (Dubai),36.5 g,36.5,g,115.0,,,DSP00858,Daily Shopping,chocolate-candy,chocolate-candy,,5.0,https://othoba.com/nestle-kitkat-4-finger-45gm-5500000292
2026-09-11,30461,Nestle Kitkat Chunky 40gm (Dubai),40 g,40.0,g,120.0,,,DSP00859,Daily Shopping,chocolate-candy,chocolate-candy,,5.0,https://othoba.com/nestle-kitkat-chunky-45gm-5500000293
2026-09-11,30462,Alfa Mayonnaise 236gm,236 g,236.0,g,199.0,,,DSP00860,Daily Shopping,bakery-breakfast,bakery-breakfast,,5.0,https://othoba.com/alfa-mayonnaise-236gm-5500000279
2026-09-11,30463,Cadbury Perk 12 ±3gm (Ind.),3 g,3.0,g,27.0,,,DSP00861,Daily Shopping,chocolate-candy,chocolate-candy,,5.0,https://othoba.com/cadbury-perk-216g-india-5500000308
2026-09-11,306960,Live Chicken Sonalika 1kg,1 kg,1.0,kg,280.0,,,DSP04739,Daily Shopping,meat-fish,meat-fish,,0.0,https://othoba.com/live-chicken-sonalika-1kg-3
2026-09-11,307034,Bisk Club Coffee Bite 50g,50 g,50.0,g,20.0,,,DSP04744,Daily Shopping,biscuit-cookies,biscuit-cookies,,0.0,https://othoba.com/bisk-club-coffee-bite-50g-2
2026-09-11,307040,PRAN Bisk Club Lexus Vegetable Biscuit 192gm,192 g,192.0,g,100.0,,,DSP04746,Daily Shopping,biscuit-cookies,biscuit-cookies,,0.0,https://othoba.com/pran-bisk-club-lexus-vegetable-biscuit-192gm
2026-09-11,311223,Beef Keema 1kg,1 kg,1.0,kg,1050.0,,,FLB000002,Fleet buy,meat-fish,meat-fish,43.0,0.0,https://othoba.com/beef-keema-1kg
2026-09-11,313031,Katla Fish 1 kg,1 kg,1.0,kg,540.0,,,FLB000010,Fleet buy,meat-fish,meat-fish,11.0,0.0,https://othoba.com/katla-fish-1-kg-313031
2026-09-11,313396,Mutton 1 kg,1 kg,1.0,kg,1012.0,,,RMH00001,Rajshahi Mutton Hub,meat-fish,meat-fish,800.0,0.0,https://othoba.com/mutton-1-kg-313396
2026-09-11,316779,Bengal meat Beef Brain,,,,250.0,,,FLB000013,Fleet buy,sweetmeat,sweetmeat,15.0,0.0,https://othoba.com/bengal-meat-beef-brain
2026-09-11,323237,Bengal meat beef paya 2kg,2 kg,2.0,kg,245.0,,,FLB000014,Fleet buy,sweetmeat,sweetmeat,8.0,0.0,https://othoba.com/bengal-meat-beef-paya-2kg
2026-09-11,323245,mutton bone in 1kg,1 kg,1.0,kg,350.0,,,FLB000015,Fleet buy,sweetmeat,sweetmeat,28.0,0.0,https://othoba.com/mutton-bone-in-1kg
2026-09-11,323248,mutton shank,,,,250.0,,,FLB000016,Fleet buy,sweetmeat,sweetmeat,50.0,0.0,https://othoba.com/mutton-shank
2026-09-11,323251,Mutton Paya 1kg,1 kg,1.0,kg,950.0,,,FLB000017,Fleet buy,sweetmeat,sweetmeat,34.0,0.0,https://othoba.com/mutton-paya-1kg
2026-09-11,323253,Roast chicken sonali,,,,600.0,,,FLB000018,Fleet buy,sweetmeat,sweetmeat,46.0,0.0,https://othoba.com/roast-chicken-sonali
2026-09-11,323254,bengal meat Chicken thigh keema,,,,499.0,,,FLB000019,Fleet buy,sweetmeat,sweetmeat,13.0,0.0,https://othoba.com/bengal-meat-chicken-thigh-keema
2026-09-11,323257,Bengal meat chicken rasher,,,,225.0,,,FLB000020,Fleet buy,sweetmeat,sweetmeat,30.0,0.0,https://othoba.com/bengal-meat-chicken-rasher
2026-09-11,323676,Bengal meat Basa Fish 1kg,1 kg,1.0,kg,750.0,,,FLB000021,Fleet buy,sweetmeat,sweetmeat,39.0,0.0,https://othoba.com/bengal-meat-basa-fish-1kg
2026-09-11,323680,Bengal Rupchada fish 500g,500 g,500.0,g,199.0,,,FLB000022,Fleet buy,sweetmeat,sweetmeat,16.0,0.0,https://othoba.com/bengal-rupchada-fish-500g
2026-09-11,323686,Bengal meat pabda fish 500g,500 g,500.0,g,450.0,,,FLB000023,Fleet buy,sweetmeat,sweetmeat,29.0,0.0,https://othoba.com/bengal-meat-pabda-fish-500g
2026-09-11,323691,bengal meat beef keema,,,,450.0,,,FLB000024,Fleet buy,sweetmeat,sweetmeat,10.0,0.0,https://othoba.com/bengal-meat-beef-keema
2026-09-11,323695,Beef kolija 1kg,1 kg,1.0,kg,750.0,,,FLB000025,Fleet buy,sweetmeat,sweetmeat,44.0,0.0,https://othoba.com/beef-kolija-1kg
2026-09-11,323819,Bengal Beef head meat,,,,200.0,,,FLB000026,Fleet buy,sweetmeat,sweetmeat,56.0,0.0,https://othoba.com/bengal-beef-head-meat
2026-09-11,323822,Bengal Chiken boneless / Fillet,,,,845.0,,,FLB000027,Fleet buy,sweetmeat,sweetmeat,20.0,0.0,https://othoba.com/bengal-chiken-boneless-fillet
2026-09-11,323825,Chicken drum stick 1kg,1 kg,1.0,kg,535.0,,,FLB000028,Fleet buy,sweetmeat,sweetmeat,50.0,0.0,https://othoba.com/chicken-drum-stick-1kg
2026-09-11,323828,Bengal meat chicken rasher 200g,200 g,200.0,g,240.0,,,FLB000029,Fleet buy,sweetmeat,sweetmeat,40.0,0.0,https://othoba.com/bengal-meat-chicken-rasher-200g
2026-09-11,323831,Beef Sirloin Steak 250g,250 g,250.0,g,700.0,,,FLB000030,Fleet buy,sweetmeat,sweetmeat,43.0,0.0,https://othoba.com/beef-sirloin-steak-250g
2026-09-11,324036,Beef Rib Steak 250g,250 g,250.0,g,700.0,,,FLB000031,Fleet buy,sweetmeat,sweetmeat,44.0,0.0,https://othoba.com/beef-rib-steak-250g
2026-09-11,32422,Tayas Damla Soft Candy With Fruit 300gm,300 g,300.0,g,360.0,,,DSP00862,Daily Shopping,chocolate-candy,chocolate-candy,,0.0,https://othoba.com/tayas-damla-soft-candy-with-fruit-300gm-5500001023
2026-09-11,32423,Nestle Kitkat 2 Finger 17.7gm (Dubai),17.7 g,17.7,g,60.0,,,DSP00863,Daily Shopping,chocolate-candy,chocolate-candy,,5.0,https://othoba.com/nestle-kitkat-2-finger-207gm-5500000291
2026-09-11,32424,Coin Chocolate Box Chocolate Flavor,,,,485.0,,,DSP00864,Daily Shopping,chocolate-candy,chocolate-candy,,5.0,https://othoba.com/coin-chocolate-box-chocolate-flavor-5500000469
2026-09-11,32425,Toblerone Black 100gm,100 g,100.0,g,400.0,,,DSP00865,Daily Shopping,chocolate-candy,chocolate-candy,,0.0,https://othoba.com/toblerone-black-100gm-5500000581
2026-09-11,32427,Cadbury Dairy Milk  13 ±3gm,3 g,3.0,g,45.0,,,DSP00867,Daily Shopping,chocolate-candy,chocolate-candy,,5.0,https://othoba.com/cadbury-dairy-milk-162gm-5500000560
2026-09-11,32428,Nestle Milkybar 13gm,13 g,13.0,g,25.0,,,DSP00868,Daily Shopping,chocolate-candy,chocolate-candy,,0.0,https://othoba.com/nestle-milkybar-13gm-5500000817
2026-09-11,32429,Gizo Chokoku Umbrella Chocolate,,,,40.0,,,DSP00869,Daily Shopping,chocolate-candy,chocolate-candy,,0.0,https://othoba.com/gizo-chokoku-umbrella-chocolate-5500000477
2026-09-11,32430,Twix Chocolate 50gm,50 g,50.0,g,90.0,,,DSP00870,Daily Shopping,chocolate-candy,chocolate-candy,,0.0,https://othoba.com/twix-chocolate-50gm-5500000544
2026-09-11,32431,Cadbury Drinking Chocolate 250gm Blue,250 g,250.0,g,340.0,,,DSP00871,Daily Shopping,chocolate-candy,chocolate-candy,,0.0,https://othoba.com/cadbury-drinking-chocolate-250gm-blue-5500000588
2026-09-11,32432,Cadbary Dairy Milk Silk Chocolate 150 ±3gm,3 g,3.0,g,580.0,,,DSP00872,Daily Shopping,chocolate-candy,chocolate-candy,,5.0,https://othoba.com/cadbary-silk-chocolate-145gm-5500000509
2026-09-11,32433,Cadbury Bournville Raisin & Nut 80gm,80 g,80.0,g,250.0,,,DSP00873,Daily Shopping,chocolate-candy,chocolate-candy,,0.0,https://othoba.com/cadbury-bournville-raisin-nut-80gm-5500000730
2026-09-11,32434,Cadbary Silk Fruit & Nut 145gm,145 g,145.0,g,350.0,,,DSP00874,Daily Shopping,chocolate-candy,chocolate-candy,,0.0,https://othoba.com/cadbary-silk-fruit-nut-145gm-5500000510
2026-09-11,32435,Cadbary Dairy Milk Silk Chocolate 60 ±3gm,3 g,3.0,g,240.0,,,DSP00875,Daily Shopping,chocolate-candy,chocolate-candy,,5.0,https://othoba.com/cadbary-silk-chocolate-65gm-5500000511
2026-09-11,32436,Cadbury Dairy Milk Silk Bubbly 120 ±3gm,3 g,3.0,g,550.0,,,DSP00876,Daily Shopping,chocolate-candy,chocolate-candy,,5.0,https://othoba.com/cadbury-dairy-milk-silk-bubbly-120gm-5500000862
2026-09-11,32437,Cadbury Bournville Cranberry 33gm,33 g,33.0,g,105.0,,,DSP00877,Daily Shopping,chocolate-candy,chocolate-candy,,0.0,https://othoba.com/cadbury-bournville-cranberry-33gm-5500000710
2026-09-11,32438,Cadbury Dairy Milk Shots 14.4gm,14.4 g,14.4,g,35.0,,,DSP00878,Daily Shopping,chocolate-candy,chocolate-candy,,0.0,https://othoba.com/cadbury-dairy-milk-shots-144gm-5500000830
2026-09-11,32439,M & M Peanut 45gm,45 g,45.0,g,160.0,,,DSP00879,Daily Shopping,chocolate-candy,chocolate-candy,,0.0,https://othoba.com/m-m-peanut-45gm-5500000298
2026-09-11,324711,T Bone Steak 200gm,200 g,200.0,g,680.0,,,FLB000032,Fleet buy,sweetmeat,sweetmeat,53.0,0.0,https://othoba.com/t-bone-steak-200gm
2026-09-11,324732,T Bone steak 250g,250 g,250.0,g,850.0,,,FLB000033,Fleet buy,sweetmeat,sweetmeat,27.0,0.0,https://othoba.com/t-bone-steak-250g
2026-09-11,324981,1pcs Kitchen Foil Paper Wrapped In Aluminum Chicken Or Perfect Foil for Baking Long Lusting Usable 16 Sq/37 Sq feets,1 pcs,1.0,pcs,99.0,124.0,20.16,MNS00244,Mini Shop,baking-2,baking-2,40.0,0.0,https://othoba.com/1pcs-kitchen-foil-paper-wrapped-in-aluminum-chicken-or-perfect-foil-for-baking-long-lusting-usable-16-sq37-sq-feets-mini-shop-324981
2026-09-11,325001,500g/0.1g LCD Display Digital Kitchen Measuring Spoon Scales Electronic Digital Spoon Scale Mini Kitchen Scales Baking Supplies,0.1 g,0.1,g,443.0,554.0,20.04,MNS00264,Mini Shop,baking-2,baking-2,19.0,0.0,https://othoba.com/500g01g-lcd-display-digital-kitchen-measuring-spoon-scales-electronic-digital-spoon-scale-mini-kitchen-scales-baking-supplies-mini-shop-325001
2026-09-11,325057,"2 In 1 Dumpling Maker,Kitchen Dumpling Making Tool Baking Pastry Manual Artifact For Pressing Dumpling Skin Wrapper Mould Dough Press Maker",,,,220.0,275.0,20.0,MNS00320,Mini Shop,baking-2,baking-2,25.0,0.0,https://othoba.com/2-in-1-dumpling-makerkitchen-dumpling-making-tool-baking-pastry-manual-artifact-for-pressing-dumpling-skin-wrapper-mould-dough-press-maker-mini-shop-325057
2026-09-11,325058,"2 In 1 Dumpling Maker,Kitchen Dumpling Making Tool Baking Pastry Manual Artifact For Pressing Dumpling Skin Wrapper Mould Dough Press Maker",,,,220.0,275.0,20.0,MNS00321,Mini Shop,baking-2,baking-2,42.0,0.0,https://othoba.com/2-in-1-dumpling-makerkitchen-dumpling-making-tool-baking-pastry-manual-artifact-for-pressing-dumpling-skin-wrapper-mould-dough-press-maker-mini-shop-325058
2026-09-11,32544,Nestle Maggi Pazzta Masala Penne 65gm,65 g,65.0,g,85.0,,,DSP00880,Daily Shopping,ready-mix,ready-mix,,0.0,https://othoba.com/nestle-maggi-pazzta-masala-penne-65gm-5500000252
2026-09-11,32551,Nestle Maggi Pazzta Tomato Twist 64gm,64 g,64.0,g,85.0,,,DSP00881,Daily Shopping,ready-mix,ready-mix,,0.0,https://othoba.com/nestle-maggi-pazzta-tomato-twist-64gm-5500000253
2026-09-11,32555,Nestle Bar One Chocolate 40gm,40 g,40.0,g,62.0,,,DSP00882,Daily Shopping,chocolate-candy,chocolate-candy,,0.0,https://othoba.com/nestle-bar-one-chocolate-40gm-5500000255
2026-09-11,32558,Nestle Classic Chocolate 34gm,34 g,34.0,g,48.0,,,DSP00883,Daily Shopping,chocolate-candy,chocolate-candy,,0.0,https://othoba.com/nestle-classic-chocolate-34gm-5500000257
2026-09-11,32559,Cadbury Dairy Milk Silk Roast Almond 58 ±3gm,3 g,3.0,g,250.0,,,DSP00884,Daily Shopping,chocolate-candy,chocolate-candy,,5.0,https://othoba.com/cadbury-dairy-milk-silk-roast-almond-60g-5500000773
2026-09-11,32560,Tesco Milk Chocolate 100gm,100 g,100.0,g,195.0,,,DSP00885,Daily Shopping,chocolate-candy,chocolate-candy,,0.0,https://othoba.com/tesco-milk-chocolate-100gm-5500000826
2026-09-11,325685,1pcs Kitchen Foil Paper Wrapped In Aluminum Chicken Or Perfect Foil for Baking Long Lusting Usable 16 Sq/37 Sq feets,1 pcs,1.0,pcs,99.0,124.0,20.16,MNS00948,Mini Shop,baking-2,baking-2,24.0,0.0,https://othoba.com/1pcs-kitchen-foil-paper-wrapped-in-aluminum-chicken-or-perfect-foil-for-baking-long-lusting-usable-16-sq37-sq-feets-mini-shop-325685
2026-09-11,325705,500g/0.1g LCD Display Digital Kitchen Measuring Spoon Scales Electronic Digital Spoon Scale Mini Kitchen Scales Baking Supplies,0.1 g,0.1,g,443.0,554.0,20.04,MNS00968,Mini Shop,baking-2,baking-2,22.0,0.0,https://othoba.com/500g01g-lcd-display-digital-kitchen-measuring-spoon-scales-electronic-digital-spoon-scale-mini-kitchen-scales-baking-supplies-mini-shop-325705
2026-09-11,325762,"2 In 1 Dumpling Maker,Kitchen Dumpling Making Tool Baking Pastry Manual Artifact For Pressing Dumpling Skin Wrapper Mould Dough Press Maker",,,,220.0,275.0,20.0,MNS01024,Mini Shop,baking-2,baking-2,22.0,0.0,https://othoba.com/2-in-1-dumpling-makerkitchen-dumpling-making-tool-baking-pastry-manual-artifact-for-pressing-dumpling-skin-wrapper-mould-dough-press-maker-mini-shop-325762
2026-09-11,325763,"2 In 1 Dumpling Maker,Kitchen Dumpling Making Tool Baking Pastry Manual Artifact For Pressing Dumpling Skin Wrapper Mould Dough Press Maker",,,,220.0,275.0,20.0,MNS01025,Mini Shop,baking-2,baking-2,43.0,0.0,https://othoba.com/2-in-1-dumpling-makerkitchen-dumpling-making-tool-baking-pastry-manual-artifact-for-pressing-dumpling-skin-wrapper-mould-dough-press-maker-mini-shop-325763
2026-09-11,326391,1pcs Kitchen Foil Paper Wrapped In Aluminum Chicken Or Perfect Foil for Baking Long Lusting Usable 16 Sq/37 Sq feets,1 pcs,1.0,pcs,99.0,124.0,20.16,MNS01652,Mini Shop,baking-2,baking-2,41.0,0.0,https://othoba.com/1pcs-kitchen-foil-paper-wrapped-in-aluminum-chicken-or-perfect-foil-for-baking-long-lusting-usable-16-sq37-sq-feets-mini-shop-326391
2026-09-11,326411,500g/0.1g LCD Display Digital Kitchen Measuring Spoon Scales Electronic Digital Spoon Scale Mini Kitchen Scales Baking Supplies,0.1 g,0.1,g,443.0,554.0,20.04,MNS01672,Mini Shop,baking-2,baking-2,26.0,0.0,https://othoba.com/500g01g-lcd-display-digital-kitchen-measuring-spoon-scales-electronic-digital-spoon-scale-mini-kitchen-scales-baking-supplies-mini-shop-326411
2026-09-11,326467,"2 In 1 Dumpling Maker,Kitchen Dumpling Making Tool Baking Pastry Manual Artifact For Pressing Dumpling Skin Wrapper Mould Dough Press Maker",,,,220.0,275.0,20.0,MNS01728,Mini Shop,baking-2,baking-2,24.0,0.0,https://othoba.com/2-in-1-dumpling-makerkitchen-dumpling-making-tool-baking-pastry-manual-artifact-for-pressing-dumpling-skin-wrapper-mould-dough-press-maker-mini-shop-326467
2026-09-11,326468,"2 In 1 Dumpling Maker,Kitchen Dumpling Making Tool Baking Pastry Manual Artifact For Pressing Dumpling Skin Wrapper Mould Dough Press Maker",,,,220.0,275.0,20.0,MNS01729,Mini Shop,baking-2,baking-2,19.0,0.0,https://othoba.com/2-in-1-dumpling-makerkitchen-dumpling-making-tool-baking-pastry-manual-artifact-for-pressing-dumpling-skin-wrapper-mould-dough-press-maker-mini-shop-326468
2026-09-11,32668,Beef Premium With Bone 1kg,1 kg,1.0,kg,799.0,830.0,3.73,DSP00887,Daily Shopping,meat-fish,meat-fish,,0.0,https://othoba.com/beef-premium-with-bone-1kg
2026-09-11,328048,Bengal meat Beef 1kg 860 tk,1 kg,1.0,kg,860.0,,,FLB000034,Fleet buy,sweetmeat,sweetmeat,44.0,0.0,https://othoba.com/bengal-meat-beef-1kg-860-tk
2026-09-11,328427,Smoked Chicken Roll,,,,1200.0,,,FLB000035,Fleet buy,ready-mix,ready-mix,45.0,0.0,https://othoba.com/smoked-chicken-roll
2026-09-11,328429,Chicken Wings 2kg,2 kg,2.0,kg,500.0,,,FLB000036,Fleet buy,sweetmeat,sweetmeat,8.0,0.0,https://othoba.com/chicken-wings-2kg
2026-09-11,328431,Beef Liver/ kolija 1kg 860 tk,1 kg,1.0,kg,860.0,,,FLB000037,Fleet buy,sweetmeat,sweetmeat,33.0,0.0,https://othoba.com/beef-liver-kolija-1kg-860-tk
2026-09-11,328432,Bengal Meat Duck Curry Cut 1kg,1 kg,1.0,kg,720.0,,,FLB000038,Fleet buy,sweetmeat,sweetmeat,31.0,0.0,https://othoba.com/bengal-meat-duck-curry-cut-1kg
2026-09-11,328438,Bengal Meat Rajhas meat 1gm,1 g,1.0,g,1000.0,,,FLB000039,Fleet buy,sweetmeat,sweetmeat,11.0,0.0,https://othoba.com/bengal-meat-rajhas-meat-1gm
2026-09-11,328460,Beef Brisket / Sina 1kg 860 tk,1 kg,1.0,kg,860.0,,,FLB000040,Fleet buy,sweetmeat,sweetmeat,38.0,0.0,https://othoba.com/beef-brisket-sina-1kg-860-tk
2026-09-11,328462,Beef Vuri /Bowles 1kg 520 tk,1 kg,1.0,kg,520.0,,,FLB000041,Fleet buy,sweetmeat,sweetmeat,50.0,0.0,https://othoba.com/beef-vuri-bowles-1kg-520-tk
2026-09-11,328465,Bengal Beef head meat 570 tk,,,,570.0,,,FLB000042,Fleet buy,sweetmeat,sweetmeat,10.0,0.0,https://othoba.com/bengal-beef-head-meat-570-tk
2026-09-11,328467,Chicken Leg Boneless Skin On 2kg,2 kg,2.0,kg,1470.0,,,FLB000043,Fleet buy,sweetmeat,sweetmeat,51.0,0.0,https://othoba.com/chicken-leg-boneless-skin-on-2kg
2026-09-11,328469,Bengal Meat Katla Fish 1 kg,1 kg,1.0,kg,540.0,,,FLB000044,Fleet buy,sweetmeat,sweetmeat,11.0,0.0,https://othoba.com/bengal-meat-katla-fish-1-kg
2026-09-11,328471,Butter chicken cooked 500g,500 g,500.0,g,390.0,,,FLB000045,Fleet buy,ready-mix,ready-mix,32.0,0.0,https://othoba.com/butter-chicken-cooked-500g
2026-09-11,328473,Bengal mejbani 1kg,1 kg,1.0,kg,1100.0,,,FLB000046,Fleet buy,spices,spices,56.0,0.0,https://othoba.com/bengal-mejbani-1kg
2026-09-11,328476,Beef Back leg 1kg,1 kg,1.0,kg,1175.0,,,FLB000047,Fleet buy,sweetmeat,sweetmeat,32.0,0.0,https://othoba.com/beef-back-leg-1kg
2026-09-11,328477,Beef Front leg 1kg,1 kg,1.0,kg,960.0,,,FLB000048,Fleet buy,sweetmeat,sweetmeat,10.0,0.0,https://othoba.com/beef-front-leg-1kg
2026-09-11,328479,Beef Haleem Cooled 500g,500 g,500.0,g,300.0,,,FLB000049,Fleet buy,ready-mix,ready-mix,14.0,0.0,https://othoba.com/beef-haleem-cooled-500g
2026-09-11,328983,Bengal Mutton chui jhal,,,,1250.0,,,FLB000050,Fleet buy,ready-mix,ready-mix,32.0,0.0,https://othoba.com/bengal-mutton-chui-jhal
2026-09-11,329851,Bengal meat Beef Brisket,,,,840.0,,,FLB000051,Fleet buy,sweetmeat,sweetmeat,37.0,0.0,https://othoba.com/bengal-meat-beef-brisket
2026-09-11,329927,Rohu fish 1 kg,1 kg,1.0,kg,560.0,,,FLB000052,Fleet buy,sweetmeat,sweetmeat,45.0,0.0,https://othoba.com/rohu-fish-1-kg
2026-09-11,329929,Beef pepparoni 200g,200 g,200.0,g,328.0,,,FLB000053,Fleet buy,sweetmeat,sweetmeat,25.0,0.0,https://othoba.com/beef-pepparoni-200g
2026-09-11,330256,Bengal meat beef 500g,500 g,500.0,g,445.0,,,FLB000054,Fleet buy,sweetmeat,sweetmeat,47.0,0.0,https://othoba.com/bengal-meat-beef-500g
2026-09-11,330788,Bengal meat minute steak,,,,515.0,,,FLB000055,Fleet buy,sweetmeat,sweetmeat,40.0,0.0,https://othoba.com/bengal-meat-minute-steak
2026-09-11,330809,Bengal meat Beef Bacon,,,,340.0,,,FLB000056,Fleet buy,sweetmeat,sweetmeat,10.0,0.0,https://othoba.com/bengal-meat-beef-bacon
2026-09-11,330810,Chicken peparoni 200g,200 g,200.0,g,240.0,,,FLB000057,Fleet buy,sweetmeat,sweetmeat,45.0,0.0,https://othoba.com/bengal-meat-beef-bacon-
2026-09-11,333042,DUCK curry cut,,,,720.0,,,FLB000058,Fleet buy,sweetmeat,sweetmeat,43.0,0.0,https://othoba.com/duck-curry-cut
2026-09-11,333118,Chiken jhal fry 1kg,1 kg,1.0,kg,600.0,,,FLB000059,Fleet buy,ready-mix,ready-mix,23.0,0.0,https://othoba.com/chiken-jhal-fry-1kg
2026-09-11,335275,Mejbani,,,,1100.0,,,FLB000060,Fleet buy,ready-mix,ready-mix,19.0,0.0,https://othoba.com/mejbani
2026-09-11,335277,Roast chiken Cooked,,,,590.0,,,FLB000061,Fleet buy,ready-mix,ready-mix,37.0,0.0,https://othoba.com/roast-chiken-cooked
2026-09-11,335280,back leg,,,,1175.0,,,FLB000062,Fleet buy,sweetmeat,sweetmeat,28.0,0.0,https://othoba.com/back-leg
2026-09-11,335281,Beef front leg,,,,960.0,,,FLB000063,Fleet buy,sweetmeat,sweetmeat,53.0,0.0,https://othoba.com/beef-front-leg
2026-09-11,335282,Mutton chui jhal 1kg,1 kg,1.0,kg,1250.0,,,FLB000064,Fleet buy,ready-mix,ready-mix,22.0,0.0,https://othoba.com/mutton-chui-jhal-1kg
2026-09-11,335283,Bengal meat beef boneless,,,,1450.0,,,FLB000065,Fleet buy,sweetmeat,sweetmeat,18.0,0.0,https://othoba.com/bengal-meat-beef-boneless
2026-09-11,335284,Beef Rib Eye Steak 1kg,1 kg,1.0,kg,875.0,,,FLB000066,Fleet buy,sweetmeat,sweetmeat,45.0,0.0,https://othoba.com/beef-rib-eye-steak-1kg
2026-09-11,335285,Beef Rib Steak 1kg,1 kg,1.0,kg,700.0,,,FLB000067,Fleet buy,sweetmeat,sweetmeat,23.0,0.0,https://othoba.com/beef-rib-eye-steak-1kg-
2026-09-11,335286,Beef bone in 1kg,1 kg,1.0,kg,840.0,,,FLB000068,Fleet buy,sweetmeat,sweetmeat,16.0,0.0,https://othoba.com/beef-bone-in-1kg
2026-09-11,335287,Bengal meat Beef Brain,,,,625.0,,,FLB000069,Fleet buy,sweetmeat,sweetmeat,24.0,0.0,https://othoba.com/bengal-meat-beef-brain-
2026-09-11,335288,beef head meat 1kg,1 kg,1.0,kg,550.0,,,FLB000070,Fleet buy,sweetmeat,sweetmeat,44.0,0.0,https://othoba.com/beef-head-meat-1kg
2026-09-11,335290,Mutton bone in 1kg,1 kg,1.0,kg,1190.0,,,FLB000071,Fleet buy,sweetmeat,sweetmeat,55.0,0.0,https://othoba.com/mutton-bone-in-1kg-2
2026-09-11,335292,Bengal MEAT Mutton Shank,,,,1490.0,,,FLB000072,Fleet buy,sweetmeat,sweetmeat,43.0,0.0,https://othoba.com/bengal-meat-mutton-shank
2026-09-11,335294,Bengal Roast chicken sonali,,,,780.0,,,FLB000073,Fleet buy,sweetmeat,sweetmeat,30.0,0.0,https://othoba.com/bengal-roast-chicken-sonali
2026-09-11,335301,Bengal Chicken boneless /Fillet,,,,845.0,,,FLB000074,Fleet buy,sweetmeat,sweetmeat,29.0,0.0,https://othoba.com/bengal-chicken-boneless-fillet
2026-09-11,335303,chiken drum stick 1kg,1 kg,1.0,kg,535.0,,,FLB000075,Fleet buy,sweetmeat,sweetmeat,15.0,0.0,https://othoba.com/chiken-drum-stick-1kg
2026-09-11,335305,Bengal meat Chiken thigh keema,,,,635.0,,,FLB000076,Fleet buy,sweetmeat,sweetmeat,49.0,0.0,https://othoba.com/bengal-meat-chiken-thigh-keema
2026-09-11,335308,Duck Curry Cut 1kg,1 kg,1.0,kg,720.0,,,FLB000077,Fleet buy,sweetmeat,sweetmeat,25.0,0.0,https://othoba.com/duck-curry-cut-1kg
2026-09-11,335314,Chiken curry cut 1kg,1 kg,1.0,kg,465.0,,,FLB000080,Fleet buy,sweetmeat,sweetmeat,46.0,0.0,https://othoba.com/chiken-curry-cut-1kg
2026-09-11,335320,Bengal meat Local duck,,,,870.0,,,FLB000082,Fleet buy,sweetmeat,sweetmeat,12.0,0.0,https://othoba.com/bengal-meat-local-duck
2026-09-11,335321,Whole chiken skin on,,,,445.0,,,FLB000083,Fleet buy,sweetmeat,sweetmeat,12.0,0.0,https://othoba.com/whole-chiken-skin-on
2026-09-11,337830,Hilsha Fish (ইলিশ) 1Kg Pack,1 kg,1.0,kg,1650.0,,,DIF00001,Daily Fish,meat-fish,meat-fish,22.0,0.0,https://othoba.com/hilsha-fish-%E0%A6%87%E0%A6%B2%E0%A6%B6-1kg-pack
2026-09-11,337883,Hilsha Fish (ইলিশ) 500 Gm Pack,500 g,500.0,g,825.0,,,DIF00002,Daily Fish,meat-fish,meat-fish,10.0,0.0,https://othoba.com/hilsha-fish-%E0%A6%87%E0%A6%B2%E0%A6%B6-500-gm-pack
2026-09-11,337886,গুলসা টেংরা 1 Kg Pack  (Ready to cook),1 kg,1.0,kg,980.0,,,DIF00003,Daily Fish,meat-fish,meat-fish,39.0,0.0,https://othoba.com/%E0%A6%97%E0%A6%B2%E0%A6%B8-%E0%A6%9F%E0%A6%B0-1-kg-pack
2026-09-11,338461,গুলসা টেংরা 500 Gm Pack  (Ready to cook),500 g,500.0,g,490.0,,,DIF00004,Daily Fish,meat-fish,meat-fish,53.0,0.0,https://othoba.com/%E0%A6%97%E0%A6%B2%E0%A6%B8-%E0%A6%9F%E0%A6%B0-500-gm-pack-ready-to-cook
2026-09-11,338620,Epsom salt for plants 500 gm (Magnesium sulphate),500 g,500.0,g,51.0,74.0,31.08,GCB00014,Green My Choice,daily-cooking,daily-cooking,68.0,0.0,https://othoba.com/epsom-salt-for-plants-500-gm-1-kg-magnesium-sulphate-2
2026-09-11,338875,Garden Fresh Himshagor Mango 6 KG Pack (Rajshahi),6 kg,6.0,kg,510.0,,,DSP004750,Daily Shopping,fruits-vegetable,fruits-vegetable,,5.0,https://othoba.com/garden-fresh-himshagor-mango-6-kg-pack
2026-09-11,339183,পাবদা 1 Kg Pack  (Ready to cook),1 kg,1.0,kg,650.0,,,DIF00005,Daily Fish,meat-fish,meat-fish,13.0,0.0,https://othoba.com/%E0%A6%AA%E0%A6%AC%E0%A6%A6-1-kg-pack-ready-to-cook
2026-09-11,339193,পাবদা 500 Gm Pack  (Ready to cook),500 g,500.0,g,325.0,,,DIF00006,Daily Fish,meat-fish,meat-fish,45.0,0.0,https://othoba.com/%E0%A6%AA%E0%A6%AC%E0%A6%A6-500-gm-pack-ready-to-cook
2026-09-11,34695,Fortune Rice Barn Oil 5ltr,5 l,5.0,l,1210.0,,,DSP00894,Daily Shopping,oil,oil,,5.0,https://othoba.com/fortune-rice-barn-oil-5ltr-3500000089
2026-09-11,34700,Rupchanda Chinigura Rice 1 Kg,1 kg,1.0,kg,230.0,,,DSP00896,Daily Shopping,daily-cooking,daily-cooking,,0.0,https://othoba.com/rupchanda-chinigura-rice-1kg-3500000196
2026-09-11,34702,Rupchanda Chinigura Rice 2Kg,2 kg,2.0,kg,450.0,,,DSP00897,Daily Shopping,daily-cooking,daily-cooking,,0.0,https://othoba.com/rupchanda-chinigura-rice-2kg-3500000197
2026-09-11,34916,Water Melon (তরমুজ) per pcs,,,,300.0,,,DSP00898,Daily Shopping,fruits-vegetable,fruits-vegetable,,5.0,https://othoba.com/watermelon-1kg
2026-09-11,35003,Daily Shopping Premium Boot Dal (Whole) 1kg,1 kg,1.0,kg,105.0,120.0,12.5,DSP00899,Daily Shopping,daily-cooking,daily-cooking,,5.0,https://othoba.com/daily-shopping-premium-boot-dal-whole-1kg-5
2026-09-11,35119,PRAN Ready Shemai Mix 140gm,140 g,140.0,g,75.0,,,DSP00902,Daily Shopping,ready-mix,ready-mix,,0.0,https://othoba.com/pran-ready-shemai-mix-140gm-5000000419
2026-09-11,35120,PRAN The Chef Besan বেসন  500g,500 g,500.0,g,75.0,,,DSP00903,Daily Shopping,food-additives,food-additives,,0.0,https://othoba.com/pran-the-chef-besan-500g-5000000420
2026-09-11,354008,Nawar Trans Fat Free Butter - 500Gm,500 g,500.0,g,650.0,929.0,30.03,BRS02388,Borshon Shop,butter-3,butter-3,48.0,0.0,https://othoba.com/nawar-trans-fat-free-butter-500gm-borshon-shop-354008
2026-09-11,354164,Sakura Bath Salt,,,,599.0,855.71,30.0,BRS02544,Borshon Shop,daily-cooking,daily-cooking,32.0,0.0,https://othoba.com/sakura-bath-salt-borshon-shop-354164
2026-09-11,35856,PRAN Chicken Masala Mix-100gm Paper Box,100 g,100.0,g,95.0,,,DSP00904,Daily Shopping,ready-mix,ready-mix,,5.0,https://othoba.com/pran-chicken-masala-mix-100gm-paper-box-5000000318
2026-09-11,35859,PRAN Biryani Masala 40gm,40 g,40.0,g,60.0,,,DSP00905,Daily Shopping,spice-herb,spice-herb,,2.9,https://othoba.com/pran-biryani-masala-40gm-5000000326
2026-09-11,35861,PRAN Falooda Mix 250gm,250 g,250.0,g,100.0,,,DSP00906,Daily Shopping,ready-mix,ready-mix,,5.0,https://othoba.com/pran-falooda-mix-250gm-5000000370
2026-09-11,35867,PRAN Turmeric Powder 50gm,50 g,50.0,g,35.0,,,DSP00909,Daily Shopping,spice-herb,spice-herb,,5.0,https://othoba.com/pran-turmeric-powder-50gm-5000000292
2026-09-11,35871,PRAN Chilli powder 50gm,50 g,50.0,g,40.0,,,DSP00910,Daily Shopping,spice-herb,spice-herb,,5.0,https://othoba.com/pran-chilli-powder-50gm-5000000291
2026-09-11,35872,PRAN Chicken Masala 20 gm,20 g,20.0,g,20.0,,,DSP00911,Daily Shopping,spice-herb,spice-herb,,5.0,https://othoba.com/pran-chicken-masala-20-gm-foil-5000000284
2026-09-11,35873,PRAN Meat Masala 20gm,20 g,20.0,g,20.0,,,DSP00912,Daily Shopping,spice-herb,spice-herb,,5.0,https://othoba.com/pran-meat-masala-20gm-5000000323
2026-09-11,35903,The Chef Spaghetti 500gm,500 g,500.0,g,100.0,,,DSP00913,Daily Shopping,macaroni,macaroni,,0.0,https://othoba.com/the-chef-spaghetti-500gm-5500001112
2026-09-11,36381,Naples Orange jelly 375 gm,375 g,375.0,g,110.0,,,DSP00915,Daily Shopping,bakery-breakfast,bakery-breakfast,,0.0,https://othoba.com/naples-orange-jelly-375-gm-5500001307
2026-09-11,36382,PRAN Naples Mayonnaise 500gm,500 g,500.0,g,275.0,,,DSP00916,Daily Shopping,bakery-breakfast,bakery-breakfast,,5.0,https://othoba.com/mayonnaise-475-ml-5500001306
2026-09-11,36416,Wonder Pound Cake Ghee Flavor 250gm,250 g,250.0,g,80.0,,,DSP00917,Daily Shopping,bakery-snacks,bakery-snacks,,0.0,https://othoba.com/wonder-pound-cake-ghee-flavor-250gm-5500001275
2026-09-11,36417,Wonder Pound Plain Cake 250gm,250 g,250.0,g,80.0,,,DSP00918,Daily Shopping,bakery-snacks,bakery-snacks,,0.0,https://othoba.com/wonder-pound-plain-cake-250gm-5500001277
2026-09-11,37277,Daily Shopping Sonalika RoastSize per pc-,,,,180.0,,,DSP00926,Daily Shopping,meat-fish,meat-fish,,2.9,https://othoba.com/daily-shopping-sonalika-roastsize-per-pc-
2026-09-11,37640,Bagda Prawn 25-30pcs/kg,30 pcs,30.0,pcs,1130.0,,,DSP00930,Daily Shopping,meat-fish,meat-fish,,5.0,https://othoba.com/bagda-prawn-1kg-70030
2026-09-11,37641,Daily Shopping Mushur Dal Loose/Kg,,,,94.0,98.0,4.08,DSP00931,Daily Shopping,daily-cooking,daily-cooking,,4.9,https://othoba.com/mushur-dal-loose-1kg-35137
2026-09-11,37978,Cadburry Dairy Milk Fruit (UK) 180gm,180 g,180.0,g,550.0,,,DSP00958,Daily Shopping,chocolate-candy,chocolate-candy,,5.0,https://othoba.com/cadbury-dairy-milk-fruit-uk-200gm-5500001197
2026-09-11,37979,Cadbury Dairy Milk Whole nut UK 200gm,200 g,200.0,g,550.0,,,DSP00959,Daily Shopping,chocolate-candy,chocolate-candy,,5.0,https://othoba.com/cadbury-dairy-milk-whole-nut-uk-200gm-5500001196
2026-09-11,37980,Farmland Milk 1 kg,1 kg,1.0,kg,790.0,,,DSP00960,Daily Shopping,milk-3,milk-3,,5.0,https://othoba.com/farmland-milk-1-kg-4000000265
2026-09-11,37981,Farmland Milk 500gm,500 g,500.0,g,400.0,,,DSP00961,Daily Shopping,milk-3,milk-3,,5.0,https://othoba.com/farmland-milk-500gm-4000000266
2026-09-11,38006,Auto on-off Atlas Umbrella Mixed,,,,410.0,,,DSP00967,Daily Shopping,ready-mix,ready-mix,,5.0,https://othoba.com/auto-on-off-atlas-umbrella-4500001047-mixed
2026-09-11,38014,Mr. Noodles Ready Bite 50gm Chicken,50 g,50.0,g,15.0,,,DSP00969,Daily Shopping,noodles,noodles,,5.0,https://othoba.com/mr-noodles-ready-bite-50gm-chicken-5500001328
2026-09-11,38315,Pusti Soybean Oil (সয়াবিন তেল) 5 Litre,5 l,5.0,l,975.0,,,DSP00972,Daily Shopping,daily-cooking,daily-cooking,,4.4,https://othoba.com/pusti-soybean-oil-5-litre-3500000182
2026-09-11,38996,Cumin Seed (জিরা) 50gm,50 g,50.0,g,650.0,,,DSP00980,Daily Shopping,spice-herb,spice-herb,,0.0,https://othoba.com/cumin-seed-50gm-50385
2026-09-11,38997,Cardamom (এলাচ) 50gm,50 g,50.0,g,5450.0,,,DSP00981,Daily Shopping,spice-herb,spice-herb,,0.0,https://othoba.com/cardamom-50gm-50388
2026-09-11,38998,Cinnamon (দারুচিনি) 50gm,50 g,50.0,g,540.0,,,DSP00982,Daily Shopping,spice-herb,spice-herb,,0.0,https://othoba.com/cinnamon-50gm-50389
2026-09-11,39000,Clove (লবঙ্গ) 50gm,50 g,50.0,g,1595.0,,,DSP00983,Daily Shopping,spice-herb,spice-herb,,0.0,https://othoba.com/clove-50gm-50398
2026-09-11,39143,Rupchada (রূপচাঁদা ) Fish,,,,1099.0,1344.0,18.23,DSP00986,Daily Shopping,meat-fish,meat-fish,,5.0,https://othoba.com/rupchada-70060
2026-09-11,39497,Mithai Chicken Samucha 1 pc | Tasty & Crispy Chicken Snack for Tea Time & Bites,1 pcs,1.0,pcs,31.0,35.0,11.43,TST00103,Mithai,local-snacks,local-snacks,79.0,0.0,https://othoba.com/mithai-chicken-samucha-1-pc-45117
2026-09-11,39499,Mithai Chicken Momo | Tasty & Delicious Chicken Momo Snack Online,,,,23.0,25.0,8.0,TST00105,Mithai,bakery-snacks,bakery-snacks,,5.0,https://othoba.com/mithai-chicken-momo-1-pc-45119
2026-09-11,395077,Nicotex Anti Nicotine Chewing gum Mint Plus Flavour 4mg 1Box 12pcs INDIAN,12 pcs,12.0,pcs,380.0,,,MAK00503,MAK Fashion BD,chocolate-candy,chocolate-candy,12.0,0.0,https://othoba.com/nicotex-anti-nicotine-chewing-gum-mint-plus-flavour-4mg-1box-12pcs-indian-2
2026-09-11,395081,Nicotex Anti Nicotine Chewing gum Mint Plus Flavour 2mg 12p box INDIAN,2 mg,2.0,mg,345.0,,,MAK00507,MAK Fashion BD,chocolate-candy,chocolate-candy,36.0,0.0,https://othoba.com/nicotex-anti-nicotine-chewing-gum-mint-plus-flavour-2mg-12p-box-indian-2
2026-09-11,395104,Bounty Miniature Chocolate Pouch 220g NETHERLAND,220 g,220.0,g,899.0,,,MAK00529,MAK Fashion BD,chocolate-candy,chocolate-candy,9.0,0.0,https://othoba.com/bounty-miniature-chocolate-pouch-220g-netherland-mak-fashion-bd-395104
2026-09-11,395105,Mars Miniatures Chocolate Pouch 220g NETHERLAND,220 g,220.0,g,899.0,,,MAK00530,MAK Fashion BD,chocolate-candy,chocolate-candy,32.0,0.0,https://othoba.com/mars-miniatures-chocolate-pouch-220g-netherland-mak-fashion-bd-395105
2026-09-11,395233,Wrigley's Eclipse Peppermint 50 Mints 35g MALAYSIA,35 g,35.0,g,296.0,,,MAK00658,MAK Fashion BD,chocolate-candy,chocolate-candy,7.0,0.0,https://othoba.com/wrigleys-eclipse-peppermint-50-mints-35g-malaysia-mak-fashion-bd-395233
2026-09-11,395237,Eclipse Sugar Free Mints Spearmint Flavour 35g MALAYSIA,35 g,35.0,g,296.0,,,MAK00662,MAK Fashion BD,chocolate-candy,chocolate-candy,10.0,0.0,https://othoba.com/eclipse-sugar-free-mints-spearmint-flavour-35g-malaysia-mak-fashion-bd-395237
2026-09-11,395238,Eclipse Sugar Free Mints Berry Flavour 35g MALAYSIA,35 g,35.0,g,320.0,,,MAK00663,MAK Fashion BD,chocolate-candy,chocolate-candy,12.0,0.0,https://othoba.com/eclipse-sugar-free-mints-berry-flavour-35g-malaysia-2
2026-09-11,395255,Eclipse Blackcurrant Flavour Sugerfree Mints 35g MALAYSIA,35 g,35.0,g,285.0,,,MAK00680,MAK Fashion BD,chocolate-candy,chocolate-candy,23.0,0.0,https://othoba.com/eclipse-blackcurrant-flavour-sugerfree-mints-35g-malaysia-2
2026-09-11,40113,Hilsha Fish (ইলিশ) 900gm Plus,900 g,900.0,g,2399.0,2499.0,4.0,DSP00987,Daily Shopping,meat-fish,meat-fish,,5.0,https://othoba.com/hilsha-fish-900gm-plus-70055
2026-09-11,4014,Mithai Dry Roshgolla 1kg,1 kg,1.0,kg,414.0,460.0,10.0,TT33154,Mithai,sweetmeat,sweetmeat,,5.0,https://othoba.com/mithai-dry-roshgolla-1kg-33154
2026-09-11,4016,Mithai Dry Kalojam 1kg,1 kg,1.0,kg,414.0,460.0,10.0,TT33152,Mithai,sweetmeat,sweetmeat,,5.0,https://othoba.com/mithai-dry-kalojam-1kg-tt33152
2026-09-11,4017,Mithai Dry Lalmohone 1kg,1 kg,1.0,kg,414.0,460.0,10.0,TT33153,Mithai,sweetmeat,sweetmeat,,5.0,https://othoba.com/mithai-dry-lalmohone-1kg-33153
2026-09-11,4021,Mithai Malaikari 1kg,1 kg,1.0,kg,630.0,700.0,10.0,TT33158,Mithai,sweetmeat,sweetmeat,,4.3,https://othoba.com/mithai-malaikari-33158
2026-09-11,4022,Mithai Porabari Chamcham 1kg,1 kg,1.0,kg,540.0,600.0,10.0,TT33160,Mithai,sweetmeat,sweetmeat,,5.0,https://othoba.com/mithai-porabari-chamcham-1kg-33160
2026-09-11,4023,Mithai Pata Chamcham 1kg,1 kg,1.0,kg,504.0,560.0,10.0,TT33159,Mithai,sweetmeat,sweetmeat,,5.0,https://othoba.com/mithai-pata-chamcham-1kg-33159
2026-09-11,4025,Mithai Kacha Golla 1kg,1 kg,1.0,kg,720.0,800.0,10.0,TT33155,Mithai,sweetmeat,sweetmeat,,5.0,https://othoba.com/kacha-golla-1kg-33155
2026-09-11,4026,Mithai Kacha Sondesh 1kg,1 kg,1.0,kg,720.0,800.0,10.0,TT33156,Mithai,sweetmeat,sweetmeat,,5.0,https://othoba.com/mithai-kacha-sondesh-1kg-33156
2026-09-11,4027,Mithai Balushai 1kg,1 kg,1.0,kg,414.0,460.0,10.0,TT34902,Mithai,sweetmeat,sweetmeat,,4.8,https://othoba.com/mithai-balushai-1kg-34902
2026-09-11,4045,Mithai Mihidana Laddu 1kg,1 kg,1.0,kg,468.0,520.0,10.0,TT33964,Mithai,sweetmeat,sweetmeat,,5.0,https://othoba.com/mithai-motichur-laddu-1kg-33964
2026-09-11,4046,Mithai mawa laddu 1kg,1 kg,1.0,kg,486.0,540.0,10.0,TT34910,Mithai,sweetmeat,sweetmeat,,5.0,https://othoba.com/mithai-mawa-laddu-1kg-34910
2026-09-11,4047,Mithai Baby Sweets 1kg,1 kg,1.0,kg,540.0,600.0,10.0,TT34924,Mithai,sweetmeat,sweetmeat,,5.0,https://othoba.com/mithai-baby-sweets-1kg-34924
2026-09-11,4048,Mithai Choco Barfee 1kg,1 kg,1.0,kg,720.0,800.0,10.0,TT34904,Mithai,sweetmeat,sweetmeat,,5.0,https://othoba.com/mithai-choco-barfee-1kg-34904
2026-09-11,4050,Mithai Roshmalai 1kg,1 kg,1.0,kg,270.0,300.0,10.0,TT33161,Mithai,sweetmeat,sweetmeat,,5.0,https://othoba.com/mithai-roshmalai-33161
2026-09-11,4051,Sponge Rushgolla 1kg,1 kg,1.0,kg,540.0,600.0,10.0,TT33929,Mithai,sweetmeat,sweetmeat,,2.0,https://othoba.com/sponge-rushgolla-1kg-33929
2026-09-11,4053,Mithai Sweet Curd,,,,351.0,390.0,10.0,TT34919,Mithai,sweetmeat,sweetmeat,,5.0,https://othoba.com/mithai-sweet-curd-750-gm-34919
2026-09-11,4054,Mithai Sweet & Sour Curd,,,,351.0,390.0,10.0,TT34918,Mithai,sweetmeat,sweetmeat,,4.8,https://othoba.com/mithai-sweet-sour-curd-750-gm-34918
2026-09-11,4062,Mithai Kaju Barfee 1 kg,1 kg,1.0,kg,720.0,800.0,10.0,TT34908,Mithai,sweetmeat,sweetmeat,,4.0,https://othoba.com/mithai-kaju-barfee-1kg-34908
2026-09-11,409542,Epsom Salt (Magnesium Sulfate) 1 kg pack,1 kg,1.0,kg,142.0,236.0,39.83,SBKAM00349,SKY BEAM KHAN AGRO MERCHANT,daily-cooking,daily-cooking,30.0,0.0,https://othoba.com/epsom-salt-magnesium-sulfate-1-kg-pack-sky-beam-khan-agro-merchant-409542
2026-09-11,409582,Epsom Salt -500 gm,500 g,500.0,g,88.0,155.0,43.23,SBKAM00389,SKY BEAM KHAN AGRO MERCHANT,daily-cooking,daily-cooking,15.0,0.0,https://othoba.com/epsom-salt-500-gm-sky-beam-khan-agro-merchant-409582
2026-09-11,410296,Mutton 1 kg BUlk,1 kg,1.0,kg,981.0,,,SMG00007,Shahin Mangso Ghor,meat-fish,meat-fish,,0.0,https://othoba.com/mutton-1-kg-bulk
2026-09-11,41713,Mithai Hafshi Sandesh 1kg | Authentic Bengali Chanar Sandesh Traditional Sweet Treat,1 kg,1.0,kg,720.0,800.0,10.0,TST00117,Mithai,sweetmeat,sweetmeat,,5.0,https://othoba.com/mithai-hafshi-shondesh-34930
2026-09-11,41750,Apple Golden SA,,,,400.0,,,DSP00989,Daily Shopping,fruits-vegetable,fruits-vegetable,,5.0,https://othoba.com/apple-golden-sa-41750
2026-09-11,41752,Deshi Puti Fish (দেশী পুটি) 500gm,500 g,500.0,g,420.0,,,DSP00991,Daily Shopping,meat-fish,meat-fish,,5.0,https://othoba.com/deshi-puti-fish-70034
2026-09-11,419340,Pusti Plus Instant Full Cream Milk Powder- 1000gm,1000 g,1000.0,g,950.0,,,DSP04778,Daily Shopping,milk-3,milk-3,,0.0,https://othoba.com/pusti-plus-instant-full-cream-milk-powder-1000gm-daily-shopping-419340
2026-09-11,419341,Pusti Plus Instant Full Cream Milk Powder- 200gm,200 g,200.0,g,205.0,,,DSP04779,Daily Shopping,milk-3,milk-3,,0.0,https://othoba.com/pusti-plus-instant-full-cream-milk-powder-200gm-daily-shopping-419341
2026-09-11,419342,Pusti Plus Instant Full Cream Milk Powder- 500gm,500 g,500.0,g,475.0,,,DSP04780,Daily Shopping,milk-3,milk-3,,0.0,https://othoba.com/pusti-plus-instant-full-cream-milk-powder-500gm-daily-shopping-419342
2026-09-11,419343,Starship Soyabean Oil 5ltr,5 l,5.0,l,975.0,,,DSP04781,Daily Shopping,daily-cooking,daily-cooking,,5.0,https://othoba.com/starship-soyabean-oil-5ltr-daily-shopping-419343
2026-09-11,42345,Karfu Fish (কারফু মাছ) 1.5 kg (50gm±) Per Pc Before Cutting,50 g,50.0,g,496.0,,,DSP00992,Daily Shopping,meat-fish,meat-fish,,5.0,https://othoba.com/karfu-fish-1kg-70095
2026-09-11,42349,Daily Shopping Nazir Premium Rice 1kg,1 kg,1.0,kg,90.0,,,DSP00993,Daily Shopping,daily-cooking,daily-cooking,,5.0,https://othoba.com/daily-shopping-nazirshail-rice-35199
2026-09-11,42353,Green Orange (কমলা ) 1 KG,1 kg,1.0,kg,290.0,,,DSP00994,Daily Shopping,fruits-vegetable,fruits-vegetable,,5.0,https://othoba.com/green-orange-1-kg-65146
2026-09-11,42357,Australian Apple (আপেল),,,,350.0,,,DSP00995,Daily Shopping,fruits-vegetable,fruits-vegetable,,5.0,https://othoba.com/australian-apple-65073
2026-09-11,42515,Jhatpot Vegetable Singara 10 pcs Packet,10 pcs,10.0,pcs,125.0,,,DSP01035,Daily Shopping,breakfast-products,breakfast-products,,2.9,https://othoba.com/jhatpot-vegetable-singara-10-pcs-packet-5500000345
2026-09-11,42519,Jhatpot Vegetable Spring Roll 9 Pcs Packet,9 pcs,9.0,pcs,140.0,,,DSP01036,Daily Shopping,breakfast-products,breakfast-products,,5.0,https://othoba.com/jhatpot-vegetable-spring-roll-9-pcs-packet-5500000346
2026-09-11,42524,Jhatpot Aloo Puri 10 pcs Packet 454gm,454 g,454.0,g,140.0,,,DSP01037,Daily Shopping,breakfast-products,breakfast-products,,5.0,https://othoba.com/jhatpot-aloo-puri-10-pcs-packet-454gm-5500000348
2026-09-11,42527,Jhatpot Dal Puri 10 pcs Packet 454gm,454 g,454.0,g,140.0,,,DSP01038,Daily Shopping,breakfast-products,breakfast-products,,5.0,https://othoba.com/jhatpot-dal-puri-10-pcs-packet-454gm-5500000351
2026-09-11,42531,Jhatpot Rice Flour Roti 10pcs Packet 400gm,400 g,400.0,g,80.0,,,DSP01039,Daily Shopping,bakery-breakfast,bakery-breakfast,,0.0,https://othoba.com/jhatpot-rice-flour-roti-10pcs-packet-400gm-5500000457
2026-09-11,42532,Jhatpot Roti Chapati 1000gm,1000 g,1000.0,g,160.0,,,DSP01040,Daily Shopping,bakery-breakfast,bakery-breakfast,,4.7,https://othoba.com/jhatpot-roti-chapati-1000gm-5500000494
2026-09-11,42534,Jhatpot Chicken Burger Patty 200gm,200 g,200.0,g,200.0,,,DSP01042,Daily Shopping,breakfast-products,breakfast-products,,5.0,https://othoba.com/jhatpot-chicken-burger-patty-200gm-5500000549
2026-09-11,42538,Jhatpot Deshi Parata 10pcs Premium Pack,10 pcs,10.0,pcs,170.0,,,DSP01044,Daily Shopping,bakery-breakfast,bakery-breakfast,268.0,5.0,https://othoba.com/jhatpot-deshi-parata-10pcs-premium-pack-5500000702
2026-09-11,42549,Jhatpot French Fry 500gm,500 g,500.0,g,145.0,,,DSP01047,Daily Shopping,breakfast-products,breakfast-products,,5.0,https://othoba.com/jhatpot-french-fries-500gm-5500001109
2026-09-11,42551,Chicken Meat Ball 250 gm,250 g,250.0,g,195.0,,,DSP01048,Daily Shopping,breakfast-products,breakfast-products,,2.9,https://othoba.com/white-meat-ball-250gm-5500001114
2026-09-11,42633,Jhatpot Chicken Strips 250gm,250 g,250.0,g,280.0,,,DSP01050,Daily Shopping,breakfast-products,breakfast-products,,5.0,https://othoba.com/jhatpot-chicken-strips-250gm-5500001077
2026-09-11,426422,Electric Shocks Chewing Gum(Pull And Shocks),,,,145.0,181.25,20.0,GKY00265,Gooky,chocolate-candy,chocolate-candy,33.0,0.0,https://othoba.com/electric-shocks-chewing-gumpull-and-shocks-gooky-426422
2026-09-11,426425,Electric Shocks Chewing Gum(Pull And Shocks),,,,150.0,188.0,20.21,GKY00268,Gooky,chocolate-candy,chocolate-candy,8.0,0.0,https://othoba.com/electric-shocks-chewing-gumpull-and-shocks-gooky-426425
2026-09-11,426498,Nawar Trans Fat Free Butter - 500Gm,500 g,500.0,g,650.0,812.5,20.0,GKY00341,Gooky,butter-3,butter-3,7.0,0.0,https://othoba.com/nawar-trans-fat-free-butter-500gm-gooky-426498
2026-09-11,4321,PRAN Premium Butter 100gm,100 g,100.0,g,160.0,,,4000000146,Daily Shopping,butter-3,butter-3,,3.1,https://othoba.com/pran-premium-butter-100gm-4000000146
2026-09-11,4322,PRAN Mushur Dal 1Kg,1 kg,1.0,kg,185.0,,,3500000012,Daily Shopping,daily-cooking,daily-cooking,,2.9,https://othoba.com/pran-mushur-dal-1kg-3500000012
2026-09-11,4323,PRAN Mushur Dal 500gm,500 g,500.0,g,95.0,,,3500000010,Daily Shopping,daily-cooking,daily-cooking,,5.0,https://othoba.com/pran-mushur-dal-500gm-3500000010
2026-09-11,4325,PRAN Premium Butter 200 gm Box,200 g,200.0,g,290.0,,,4000000196,Daily Shopping,butter-3,butter-3,,5.0,https://othoba.com/pran-premium-butter-fresco-box-200gm-4000000196
2026-09-11,4326,PRAN Minicate Rice 20kg,20 kg,20.0,kg,1560.0,,,3500000006,Daily Shopping,daily-cooking,daily-cooking,,5.0,https://othoba.com/pran-minicate-rice-20kg-3500000006
2026-09-11,4327,PRAN Minicate Rice 5kg,5 kg,5.0,kg,450.0,470.0,4.26,3500000004,Daily Shopping,daily-cooking,daily-cooking,,5.0,https://othoba.com/pran-minicate-rice-5kg-3500000004
2026-09-11,4329,PRAN Minicate Rice 50kg,50 kg,50.0,kg,2750.0,,,3500000008,Daily Shopping,daily-cooking,daily-cooking,,0.0,https://othoba.com/pran-minicate-rice-50kg-3500000008
2026-09-11,4331,PRAN Nazirsail Rice 20kg,20 kg,20.0,kg,1880.0,,,3500000005,Daily Shopping,daily-cooking,daily-cooking,,4.7,https://othoba.com/pran-nazirsail-rice-20kg-3500000005
2026-09-11,4334,PRAN Nazirsail Rice 50kg,50 kg,50.0,kg,3800.0,,,3500000007,Daily Shopping,daily-cooking,daily-cooking,,0.0,https://othoba.com/pran-nazirsail-rice-50kg-3500000007
2026-09-11,4335,PRAN Chinigura Premium Rice 5kg,5 kg,5.0,kg,1125.0,,,3500000050,Daily Shopping,daily-cooking,daily-cooking,,5.0,https://othoba.com/pran-chinigura-premium-rice-5kg-3500000050
2026-09-11,4336,PRAN Yogurt Low Fat 500ml,500 ml,500.0,ml,80.0,,,4000000173,Daily Shopping,yogurt,yogurt,,0.0,https://othoba.com/pran-yogurt-low-fat-500ml-4000000173
2026-09-11,4337,PRAN Chinigura Premium Rice 2kg,2 kg,2.0,kg,450.0,,,3500000049,Daily Shopping,daily-cooking,daily-cooking,,0.0,https://othoba.com/pran-chinigura-premium-rice-2kg-3500000049
2026-09-11,4338,PRAN Mango Flavored Milk 200ml,200 ml,200.0,ml,25.0,,,4000000127,Daily Shopping,liquid-milk,liquid-milk,,5.0,https://othoba.com/pran-mango-flavored-milk-200ml-4000000127
2026-09-11,4339,PRAN Nazirsail Rice 5kg,5 kg,5.0,kg,495.0,515.0,3.88,3500000003,Daily Shopping,daily-cooking,daily-cooking,,5.0,https://othoba.com/pran-nazirsail-rice-5kg-3500000003
2026-09-11,4340,PRAN Drinking Yogurt (Mattha) 200ml,200 ml,200.0,ml,30.0,,,4000000139,Daily Shopping,yogurt,yogurt,,5.0,https://othoba.com/pran-drinking-yogurt-mattha-250ml-4000000139
2026-09-11,4341,PRAN Muri 500gm,500 g,500.0,g,70.0,,,5500000023,Daily Shopping,local-snacks,local-snacks,,5.0,https://othoba.com/pran-muri-500gm-5500000023
2026-09-11,4342,PRAN Drinking Yogurt (Matha) 500ml,500 ml,500.0,ml,65.0,,,4000000150,Daily Shopping,yogurt,yogurt,,5.0,https://othoba.com/pran-drinking-yogurt-matha-500ml-4000000150
2026-09-11,4343,PRAN Sweet Curd 500 gm,500 g,500.0,g,150.0,,,4000000114,Daily Shopping,yogurt,yogurt,,5.0,https://othoba.com/pran-sweet-curd-500ml-4000000114
2026-09-11,4345,PRAN Sour Curd 500 gm,500 g,500.0,g,120.0,,,4000000104,Daily Shopping,yogurt,yogurt,,4.9,https://othoba.com/pran-sour-curd-500ml-4000000104
2026-09-11,4346,PRAN Sweetened Yogurt 100 gm,100 g,100.0,g,30.0,,,4000000128,Daily Shopping,yogurt,yogurt,,2.9,https://othoba.com/pran-sweetened-yogurt-100-gm-4000000128
2026-09-11,4347,PRAN Cheera 500gm,500 g,500.0,g,70.0,,,3500000062,Daily Shopping,local-snacks,local-snacks,,5.0,https://othoba.com/pran-cheera-500gm-3500000062
2026-09-11,4350,PRAN Vermicelli 200gm,200 g,200.0,g,45.0,,,5500000106,Daily Shopping,vermicellies,vermicellies,,2.9,https://othoba.com/pran-vermicelli-200gm-5500000106
2026-09-11,4351,PRAN Dry Cake 160gm,160 g,160.0,g,75.0,,,5500000743,Daily Shopping,biscuit-cookies,biscuit-cookies,,5.0,https://othoba.com/pran-dry-cake-160gm-5500000743
2026-09-11,4352,Metro Basmati Rice 1kg,1 kg,1.0,kg,420.0,,,3500000051,Daily Shopping,daily-cooking,daily-cooking,,5.0,https://othoba.com/pran-metro-basmati-1kg-3500000051
2026-09-11,4353,PRAN Mk UHT Milk 1 Ltr,1 l,1.0,l,140.0,,,4000000001,Daily Shopping,liquid-milk,liquid-milk,,5.0,https://othoba.com/pran-mk-uht-milk-1-ltr-4000000001
2026-09-11,4354,PRAN Pasteurized Milk 500ml,500 ml,500.0,ml,60.0,,,4000000102,Daily Shopping,milk-3,milk-3,,2.9,https://othoba.com/pran-pasteurized-milk-500ml-4000000102
2026-09-11,4355,PRAN Full Cream Milk Powder 500gm,500 g,500.0,g,430.0,480.0,10.42,4000000002,Daily Shopping,milk-3,milk-3,,4.2,https://othoba.com/pran-full-cream-milk-powder-500gm-4000000002
2026-09-11,4356,PRAN Ghee Premium 100gm,100 g,100.0,g,170.0,190.0,10.53,4000000008,Daily Shopping,butter-3,butter-3,,2.9,https://othoba.com/pran-premium-ghee-100g-4000000008
2026-09-11,4357,PRAN Ghee Premium 200gm,200 g,200.0,g,310.0,350.0,11.43,4000000009,Daily Shopping,butter-3,butter-3,,4.0,https://othoba.com/pran-premium-ghee-200g-4000000009
2026-09-11,4358,PRAN Chili Powder 100gm,100 g,100.0,g,75.0,,,5000000206,Daily Shopping,spice-herb,spice-herb,,3.0,https://othoba.com/pran-chili-powder-100gm-5000000206
2026-09-11,4359,PRAN Turmeric Powder 100gm,100 g,100.0,g,70.0,,,5000000207,Daily Shopping,spice-herb,spice-herb,,3.0,https://othoba.com/pran-turmeric-powder-100gm-5000000207
2026-09-11,4360,PRAN Turmeric Powder 200gm,200 g,200.0,g,130.0,,,5000000020,Daily Shopping,spice-herb,spice-herb,,5.0,https://othoba.com/pran-turmeric-powder-200gm-5000000020
2026-09-11,436065,Aseel Butter Ghee -800gm,800 g,800.0,g,1836.0,1896.0,3.16,JKT00007,MS J.K TRADING,ghee-3,ghee-3,39.0,0.0,https://othoba.com/aseel-butter-ghee-800gm-2
2026-09-11,436075,Almarai Processed Cream Cheese - 200gm,200 g,200.0,g,568.0,587.0,3.24,JKT00017,MS J.K TRADING,cheese,cheese,46.0,0.0,https://othoba.com/almarai-processed-cream-cheese-200gm-2
2026-09-11,436077,Kraft Cheddar Cheese Spread - 230Gm,230 g,230.0,g,622.0,690.0,9.86,JKT00019,MS J.K TRADING,cheese,cheese,9.0,0.0,https://othoba.com/kraft-cheddar-cheese-spread-230gm-2
2026-09-11,436080,Almarai processed Cream Cheese - 500 gm,500 g,500.0,g,1265.0,1306.0,3.14,JKT00022,MS J.K TRADING,cheese,cheese,37.0,0.0,https://othoba.com/almarai-processed-cream-cheese-500-gm-2
2026-09-11,436082,Kraft Processed Cheddar Cheese Tin -190Gm,190 g,190.0,g,403.0,430.0,6.28,JKT00024,MS J.K TRADING,cheese,cheese,33.0,0.0,https://othoba.com/kraft-processed-cheddar-cheese-tin-190gm-2
2026-09-11,436085,Kraft Cheddar Cheese Spread 480gm,480 g,480.0,g,11632.0,12011.0,3.16,JKT00027,MS J.K TRADING,cheese,cheese,37.0,0.0,https://othoba.com/kraft-cheddar-cheese-spread-480gm-2
2026-09-11,4361,PRAN Assorted Spice Bondhon Pack 2,,,,185.0,,,5000000273,Daily Shopping,spice-herb,spice-herb,,0.0,https://othoba.com/pran-assorted-spice-bondhon-pack-2-5000000273
2026-09-11,436107,Canderel Diabeti Sugar - 75 gm Imported,75 g,75.0,g,670.0,692.0,3.18,JKT00049,MS J.K TRADING,daily-cooking,daily-cooking,52.0,0.0,https://othoba.com/canderel-diabeti-sugar-75-gm-imported-2
2026-09-11,436128,Crown Peanut Butter Chunky 510 Gm.Usa,510 g,510.0,g,716.0,739.0,3.11,JKT00070,MS J.K TRADING,butter-3,butter-3,14.0,0.0,https://othoba.com/crown-peanut-butter-chunky-510-gmusa-2
2026-09-11,436129,Crown Peanut Butter Smooth & Creamy - 510gm USA,510 g,510.0,g,716.0,739.0,3.11,JKT00071,MS J.K TRADING,butter-3,butter-3,12.0,0.0,https://othoba.com/crown-peanut-butter-smooth-creamy-510gm-usa-2
2026-09-11,436135,Khong Guan Salt Cheese Cracker Biscuits - 200g,200 g,200.0,g,399.0,420.0,5.0,JKT00077,MS J.K TRADING,cheese,cheese,42.0,0.0,https://othoba.com/khong-guan-salt-cheese-cracker-biscuits-200g-2
2026-09-11,436136,Canderel Diabeti Sugar - 40 gm Imported,40 g,40.0,g,326.0,330.0,1.21,JKT00078,MS J.K TRADING,daily-cooking,daily-cooking,34.0,0.0,https://othoba.com/canderel-diabeti-sugar-40-gm-imported-2
2026-09-11,436152,Danisa Traditional Delicious Butter Cookies 150g,150 g,150.0,g,592.0,611.0,3.11,JKT00094,MS J.K TRADING,butter-3,butter-3,31.0,0.0,https://othoba.com/danisa-traditional-delicious-butter-cookies-150g-2
2026-09-11,436155,Danisa Traditional Butter Cookies - 300g,300 g,300.0,g,1346.0,1550.0,13.16,JKT00097,MS J.K TRADING,butter-3,butter-3,48.0,0.0,https://othoba.com/danisa-traditional-butter-cookies-300g-2
2026-09-11,436158,SIS Brown Sugar 800gm,800 g,800.0,g,552.0,590.0,6.44,JKT00100,MS J.K TRADING,daily-cooking,daily-cooking,55.0,0.0,https://othoba.com/sis-brown-sugar-800gm-3
2026-09-11,436161,Slice Cheese Melbourne 12 Slices 200 gm-Australia,200 g,200.0,g,440.0,450.0,2.22,JKT00103,MS J.K TRADING,cheese,cheese,37.0,0.0,https://othoba.com/slice-cheese-melbourne-12-slices-200-gm-australia-2
2026-09-11,436173,Icing Sugar 250gm,250 g,250.0,g,80.0,90.0,11.11,JKT00115,MS J.K TRADING,daily-cooking,daily-cooking,48.0,0.0,https://othoba.com/icing-sugar-250gm-2
2026-09-11,436186,SIS Icing Sugar  500gm,500 g,500.0,g,320.0,337.0,5.04,JKT00128,MS J.K TRADING,daily-cooking,daily-cooking,48.0,0.0,https://othoba.com/sis-icing-sugar-500gm-4
2026-09-11,4362,PRAN Bombay biryani mix 40 gm,40 g,40.0,g,75.0,,,5000000058,Daily Shopping,ready-mix,ready-mix,,5.0,https://othoba.com/pran-bombay-biryani-mix-40-gm
2026-09-11,436225,Virginia Green Garden Peanut Butter Crunchy 510gm,510 g,510.0,g,787.0,800.0,1.62,JKT00167,MS J.K TRADING,butter-3,butter-3,52.0,0.0,https://othoba.com/virginia-green-garden-peanut-butter-crunchy-510gm-2
2026-09-11,436226,Virginia Green Garden Peanut Butter Creamy 510gm,510 g,510.0,g,796.0,800.0,0.5,JKT00168,MS J.K TRADING,butter-3,butter-3,26.0,0.0,https://othoba.com/virginia-green-garden-peanut-butter-creamy-510gm-2
2026-09-11,436251,Quality Dia Sugar 150 gm(German Technology),150 g,150.0,g,295.0,300.0,1.67,JKT00193,MS J.K TRADING,daily-cooking,daily-cooking,7.0,0.0,https://othoba.com/quality-dia-sugar-150-gmgerman-technology-2
2026-09-11,436261,Rogers Creamy Peanut Butter 340g usa,340 g,340.0,g,812.0,838.0,3.1,JKT00203,MS J.K TRADING,butter-3,butter-3,42.0,0.0,https://othoba.com/rogers-creamy-peanut-butter-340g-usa-2
2026-09-11,436278,Our Dreams Cake Decoration Multicolor rice 25gm,25 g,25.0,g,82.0,95.0,13.68,JKT00220,MS J.K TRADING,chocolate-candy,chocolate-candy,52.0,0.0,https://othoba.com/our-dreams-cake-decoration-multicolor-rice-25gm-2
2026-09-11,436292,Our Dreams Cake Decoration Multi Color Ball 25gm,25 g,25.0,g,71.0,90.0,21.11,JKT00234,MS J.K TRADING,chocolate-candy,chocolate-candy,53.0,0.0,https://othoba.com/our-dreams-cake-decoration-multi-color-ball-25gm-ms-jk-trading-436292
2026-09-11,436296,orange Food Colour 28 ML,28 ml,28.0,ml,92.0,100.0,8.0,JKT00238,MS J.K TRADING,food-additives,food-additives,43.0,0.0,https://othoba.com/orange-food-colour-28-ml-2
2026-09-11,436297,StrawBerry Essence 28ml,28 ml,28.0,ml,148.0,150.0,1.33,JKT00239,MS J.K TRADING,food-additives,food-additives,28.0,0.0,https://othoba.com/strawberry-essence-28ml-2
2026-09-11,436298,Maepranom  Thai Chilli Paste 513g,513 g,513.0,g,785.0,811.0,3.21,JKT00240,MS J.K TRADING,sauces,sauces,54.0,0.0,https://othoba.com/maepranom-thai-chilli-paste-513g-3
2026-09-11,4363,The Chef Macaroni 200gm,200 g,200.0,g,45.0,,,5500000747,Daily Shopping,macaroni,macaroni,,0.0,https://othoba.com/the-chef-macaroni-200gm-5500000747
2026-09-11,436302,Golden Pearls -Sprinkle -Cake Decoration -Sugar Ball 50 gm,50 g,50.0,g,360.0,380.0,5.26,JKT00244,MS J.K TRADING,chocolate-candy,chocolate-candy,35.0,0.0,https://othoba.com/golden-pearls-sprinkle-cake-decoration-sugar-ball-50-gm-2
2026-09-11,436316,Choco twin With Biscuits 5gm*100 PCS,100 pcs,100.0,pcs,1959.0,2062.0,5.0,JKT00258,MS J.K TRADING,biscuit-cookies,biscuit-cookies,10.0,0.0,https://othoba.com/choco-twin-with-biscuits-5gm100-pcs-2
2026-09-11,436317,Peanut Butter Smooth & Creamy - 340g.usa,340 g,340.0,g,536.0,554.0,3.25,JKT00259,MS J.K TRADING,butter-3,butter-3,52.0,0.0,https://othoba.com/peanut-butter-smooth-creamy-340gusa-2
2026-09-11,436318,Crown Peanut Butter Chunky - 340 gm.usa,340 g,340.0,g,531.0,554.0,4.15,JKT00260,MS J.K TRADING,butter-3,butter-3,50.0,0.0,https://othoba.com/crown-peanut-butter-chunky-340-gmusa-2
2026-09-11,436320,Bellie Lover Assorted Cookies Tin 600gm,600 g,600.0,g,1997.0,2102.0,5.0,JKT00262,MS J.K TRADING,biscuit-cookies,biscuit-cookies,9.0,0.0,https://othoba.com/bellie-lover-assorted-cookies-tin-600gm-2
2026-09-11,436321,Bellie Ido Assorted Cookies 600gm,600 g,600.0,g,1997.0,2102.0,5.0,JKT00263,MS J.K TRADING,biscuit-cookies,biscuit-cookies,44.0,0.0,https://othoba.com/bellie-ido-assorted-cookies-600gm-2
2026-09-11,436324,Shan Tikka Masala 50g,50 g,50.0,g,160.0,165.0,3.03,JKT00266,MS J.K TRADING,ready-mix,ready-mix,45.0,0.0,https://othoba.com/shan-tikka-masala-50g-2
2026-09-11,436327,Munchy'S Oat Krunch Crackers - Dark Chocolate 208gm,208 g,208.0,g,756.0,770.0,1.82,JKT00269,MS J.K TRADING,chocolate-candy,chocolate-candy,7.0,0.0,https://othoba.com/munchys-oat-krunch-crackers-dark-chocolate-208gm-2
2026-09-11,436328,Bellie Promise Assorted Cookies Tin 600gm,600 g,600.0,g,2103.0,2200.0,4.41,JKT00270,MS J.K TRADING,biscuit-cookies,biscuit-cookies,46.0,0.0,https://othoba.com/bellie-promise-assorted-cookies-tin-600gm-2
2026-09-11,436329,Kinder Bueno 2er bars 43 gm,43 g,43.0,g,351.0,360.0,2.5,JKT00271,MS J.K TRADING,chocolate-candy,chocolate-candy,12.0,0.0,https://othoba.com/kinder-bueno-2er-bars-43-gm-2
2026-09-11,436330,Tayas Orient Luxury Assorted Chocolates 250g,250 g,250.0,g,643.0,650.0,1.08,JKT00272,MS J.K TRADING,chocolate-candy,chocolate-candy,14.0,0.0,https://othoba.com/tayas-orient-luxury-assorted-chocolates-250g-2
2026-09-11,436331,Saporito Blueberry Pie Filling 595 gm,595 g,595.0,g,1000.0,1033.0,3.19,JKT00273,MS J.K TRADING,dessert,dessert,14.0,0.0,https://othoba.com/saporito-blueberry-pie-filling-595-gm-2
2026-09-11,436335,Thai Cook & Lobster Fish Sauce 285ml,285 ml,285.0,ml,235.0,250.0,6.0,JKT00277,MS J.K TRADING,sauces,sauces,8.0,0.0,https://othoba.com/thai-cook-lobster-fish-sauce-285ml-2
2026-09-11,436336,Haday Chu Hou Sauce 240G,240 g,240.0,g,1959.0,2062.0,5.0,JKT00278,MS J.K TRADING,sauces,sauces,15.0,0.0,https://othoba.com/haday-chu-hou-sauce-240g-2
2026-09-11,436338,Bon Bum 100 Count Assorted Flavors Bubble Gum Pops Lollipop,,,,4555.0,4704.0,3.17,JKT00280,MS J.K TRADING,chocolate-candy,chocolate-candy,50.0,0.0,https://othoba.com/bon-bum-100-count-assorted-flavors-bubble-gum-pops-lollipop
2026-09-11,436339,Biriyni Essence 28ml,28 ml,28.0,ml,92.0,100.0,8.0,JKT00281,MS J.K TRADING,food-additives,food-additives,8.0,0.0,https://othoba.com/biriyni-essence-28ml-2
2026-09-11,436340,LONGYANJING Shanxi White Vinegar 420ml,420 ml,420.0,ml,1688.0,1700.0,0.71,JKT00282,MS J.K TRADING,vinegars,vinegars,40.0,0.0,https://othoba.com/longyanjing-shanxi-white-vinegar-420ml-2
2026-09-11,436341,Sardines In Tomato Sauce 155gm,155 g,155.0,g,245.0,250.0,2.0,JKT00283,MS J.K TRADING,sauces,sauces,51.0,0.0,https://othoba.com/sardines-in-tomato-sauce-155gm-2
2026-09-11,436342,Almarai Pure Butter -800gm,800 g,800.0,g,3042.0,3141.0,3.15,JKT00284,MS J.K TRADING,butter-3,butter-3,17.0,0.0,https://othoba.com/almarai-pure-butter-800gm-2
2026-09-11,436345,Soan-Papdi Elaichi 500gm,500 g,500.0,g,490.0,500.0,2.0,JKT00287,MS J.K TRADING,sweetmeat,sweetmeat,51.0,0.0,https://othoba.com/soan-papdi-elaichi-500gm-ms-jk-trading-436345
2026-09-11,436346,Ferrero Confetteria Raffaello 30gm,30 g,30.0,g,175.0,190.0,7.89,JKT00288,MS J.K TRADING,chocolate-candy,chocolate-candy,15.0,0.0,https://othoba.com/ferrero-confetteria-raffaello-30gm-2
2026-09-11,436347,Parle Hide and Seek Biscuit - 90g,90 g,90.0,g,154.0,159.0,3.14,JKT00289,MS J.K TRADING,biscuit-cookies,biscuit-cookies,45.0,0.0,https://othoba.com/parle-hide-and-seek-biscuit-90g-2
2026-09-11,436349,Bellie Cheese Cream Sandwich Biscuit 190gm,190 g,190.0,g,1683.0,1738.0,3.16,JKT00291,MS J.K TRADING,cheese,cheese,46.0,0.0,https://othoba.com/bellie-cheese-cream-sandwich-biscuit-190gm-2
2026-09-11,436350,Almarai Triangles Cheese ( 16 Piece ),16 pcs,16.0,pcs,626.0,650.0,3.69,JKT00292,MS J.K TRADING,cheese,cheese,8.0,0.0,https://othoba.com/almarai-triangles-cheese-16-piece-2
2026-09-11,436351,Remia Blue Cheese Sauce 250 ml,250 ml,250.0,ml,493.0,500.0,1.4,JKT00293,MS J.K TRADING,cheese,cheese,8.0,0.0,https://othoba.com/remia-blue-cheese-sauce-250-ml-2
2026-09-11,436352,Remia Thousand Island Dressing - 250Ml,250 ml,250.0,ml,367.0,380.0,3.42,JKT00294,MS J.K TRADING,sauces,sauces,44.0,0.0,https://othoba.com/remia-thousand-island-dressing-250ml-3
2026-09-11,436353,Tom Yum Soup Paste 400gm,400 g,400.0,g,592.0,611.0,3.11,JKT00295,MS J.K TRADING,soup-2,soup-2,17.0,0.0,https://othoba.com/tom-yum-soup-paste-400gm-2
2026-09-11,436354,IKO Oat Biscuit 178g Malaysia,178 g,178.0,g,1844.0,1904.0,3.15,JKT00296,MS J.K TRADING,biscuit-cookies,biscuit-cookies,49.0,0.0,https://othoba.com/iko-oat-biscuit-178g-malaysia-2
2026-09-11,436355,Fox Fruits Flavored Candy Tin 180gm,180 g,180.0,g,372.0,384.0,3.12,JKT00297,MS J.K TRADING,chocolate-candy,chocolate-candy,52.0,0.0,https://othoba.com/fox-fruits-flavored-candy-tin-180gm-2
2026-09-11,436360,Tahini Sesame Cream 360Ml,360 ml,360.0,ml,631.0,670.0,5.82,JKT00302,MS J.K TRADING,spreads,spreads,48.0,0.0,https://othoba.com/tahini-sesame-cream-360ml-2
2026-09-11,436361,Haday Mature Vinegar 450ml,450 ml,450.0,ml,1894.0,1900.0,0.32,JKT00303,MS J.K TRADING,vinegars,vinegars,37.0,0.0,https://othoba.com/haday-mature-vinegar-450ml-2
2026-09-11,436362,Seasoning Sauce 680ML,680 ml,680.0,ml,235.0,260.0,9.62,JKT00304,MS J.K TRADING,sauces,sauces,35.0,0.0,https://othoba.com/seasoning-sauce-680ml-2
2026-09-11,436363,Red Curry Paste 400gm (Thailand),400 g,400.0,g,580.0,599.0,3.17,JKT00305,MS J.K TRADING,spices,spices,33.0,0.0,https://othoba.com/red-curry-paste-400gm-thailand-2
2026-09-11,436364,Green Curry Paste 400gm,400 g,400.0,g,580.0,599.0,3.17,JKT00306,MS J.K TRADING,spices,spices,54.0,0.0,https://othoba.com/green-curry-paste-400gm-2
2026-09-11,436365,Oyster Dau Hao Sauce 350Gm Thailand,350 g,350.0,g,210.0,223.0,5.83,JKT00307,MS J.K TRADING,sauces,sauces,37.0,0.0,https://othoba.com/oyster-dau-hao-sauce-350gm-thailand-2
2026-09-11,436366,D Bhar Dulal's Palm Candy 500g,500 g,500.0,g,200.0,220.0,9.09,JKT00308,MS J.K TRADING,chocolate-candy,chocolate-candy,30.0,0.0,https://othoba.com/d-bhar-dulals-palm-candy-500g-2
2026-09-11,436367,Trident cinnamon flavor sugar free gum -14 stick,,,,153.0,165.0,7.27,JKT00309,MS J.K TRADING,chocolate-candy,chocolate-candy,18.0,0.0,https://othoba.com/trident-cinnamon-flavor-sugar-free-gum-14-stick-ms-jk-trading-436367
2026-09-11,436369,Marshmallow Colorful 30gm,30 g,30.0,g,79.0,90.0,12.22,JKT00311,MS J.K TRADING,chocolate-candy,chocolate-candy,38.0,0.0,https://othoba.com/marshmallow-colorful-30gm-3
2026-09-11,436372,Sugar Free Gold Low Calorie Sugar Substitute Sweetener Tablets 500 pcs,500 pcs,500.0,pcs,659.0,681.0,3.23,JKT00314,MS J.K TRADING,daily-cooking,daily-cooking,23.0,0.0,https://othoba.com/sugar-free-gold-low-calorie-sugar-substitute-sweetener-tablets-500-pcs-2
2026-09-11,436375,Teo Tak Seng Silver Pomfret Fish Sauce 250ml,250 ml,250.0,ml,133.0,137.0,2.92,JKT00317,MS J.K TRADING,sauces,sauces,52.0,0.0,https://othoba.com/teo-tak-seng-silver-pomfret-fish-sauce-250ml-2
2026-09-11,436376,Hibiscus Tomato Puree 400gm,400 g,400.0,g,195.0,220.0,11.36,JKT00318,MS J.K TRADING,sauces,sauces,25.0,0.0,https://othoba.com/hibiscus-tomato-puree-400gm-3
2026-09-11,436382,Soy Sauce Light 500 ml (Chef Le Brand),500 ml,500.0,ml,340.0,358.0,5.03,JKT00324,MS J.K TRADING,sauces,sauces,13.0,0.0,https://othoba.com/soy-sauce-light-500-ml-chef-le-brand-2
2026-09-11,436383,Fish Sauce 625ml ( Chef Le Brand),625 ml,625.0,ml,696.0,740.0,5.95,JKT00325,MS J.K TRADING,sauces,sauces,54.0,0.0,https://othoba.com/fish-sauce-625ml-chef-le-brand-2
2026-09-11,436384,Nucella Fortified Chocolate Spread Coco And Nut 230G,230 g,230.0,g,395.0,408.0,3.19,JKT00326,MS J.K TRADING,chocolate-candy,chocolate-candy,32.0,0.0,https://othoba.com/nucella-fortified-chocolate-spread-coco-and-nut-230g-2
2026-09-11,436385,Olitalia SUNFLOWER OIL 1 Ltr oil,1 l,1.0,l,589.0,590.0,0.17,JKT00327,MS J.K TRADING,daily-cooking,daily-cooking,46.0,0.0,https://othoba.com/olitalia-sunflower-oil-1-ltr-oil-2
2026-09-11,436389,Mustard Sauce 227 gm,227 g,227.0,g,651.0,672.0,3.12,JKT00331,MS J.K TRADING,sauces,sauces,20.0,0.0,https://othoba.com/mustard-sauce-227-gm-2
2026-09-11,436395,Baked Beanz in a rich tomato sauce-415g,415 g,415.0,g,163.0,180.0,9.44,JKT00337,MS J.K TRADING,sauces,sauces,53.0,0.0,https://othoba.com/baked-beanz-in-a-rich-tomato-sauce-415g-2
2026-09-11,436398,Aseel Pure Butter Ghee - 400gm,400 g,400.0,g,895.0,924.0,3.14,JKT00340,MS J.K TRADING,ghee-3,ghee-3,25.0,0.0,https://othoba.com/aseel-pure-butter-ghee-400gm-2
2026-09-11,436399,Coffee Flavour Nuts crisp peanut candy with cashew 250gm,250 g,250.0,g,352.0,363.0,3.03,JKT00341,MS J.K TRADING,chocolate-candy,chocolate-candy,33.0,0.0,https://othoba.com/coffee-flavour-nuts-crisp-peanut-candy-with-cashew-250gm-2
2026-09-11,436400,"Koopiko Coffee Candy, Indonesia- 1pcs",1 pcs,1.0,pcs,221.0,228.0,3.07,JKT00342,MS J.K TRADING,chocolate-candy,chocolate-candy,50.0,0.0,https://othoba.com/koopiko-coffee-candy-indonesia-1pcs
2026-09-11,436402,Dia sugar 100gm,100 g,100.0,g,224.0,231.0,3.03,JKT00344,MS J.K TRADING,daily-cooking,daily-cooking,11.0,0.0,https://othoba.com/dia-sugar-100gm-4
2026-09-11,436403,ABC Saus Manis Sweet Sauce 620 ml,620 ml,620.0,ml,789.0,800.0,1.38,JKT00345,MS J.K TRADING,sauces,sauces,50.0,0.0,https://othoba.com/abc-saus-manis-sweet-sauce-620-ml-2
2026-09-11,436411,"Almarai Cheese Triangles 16Pcs,240G",240 g,240.0,g,653.0,674.0,3.12,JKT00353,MS J.K TRADING,cheese,cheese,12.0,0.0,https://othoba.com/almarai-cheese-triangles-16pcs240g
2026-09-11,436413,"Almarai Cheese Triangles 32Pcs,480G",480 g,480.0,g,1091.0,1120.0,2.59,JKT00355,MS J.K TRADING,cheese,cheese,25.0,0.0,https://othoba.com/almarai-cheese-triangles-32pcs480g
2026-09-11,436414,"Toblerone Milk Chocolate,100g",100 g,100.0,g,586.0,590.0,0.68,JKT00356,MS J.K TRADING,chocolate-candy,chocolate-candy,19.0,0.0,https://othoba.com/toblerone-milk-chocolate100g
2026-09-11,436415,Happy Valley  Slices Cheese  12 slices 200 gm,200 g,200.0,g,849.0,850.0,0.12,JKT00357,MS J.K TRADING,cheese,cheese,26.0,0.0,https://othoba.com/happy-valley-slices-cheese-12-slices-200-gm-2
2026-09-11,436419,Complan Milk Protien New Royale Chocolate Flavour 500G Jar,500 g,500.0,g,748.0,772.0,3.11,JKT00361,MS J.K TRADING,chocolate-candy,chocolate-candy,20.0,0.0,https://othoba.com/complan-milk-protien-new-royale-chocolate-flavour-500g-jar-2
2026-09-11,436422,Krap chocolate Syrup 680g,680 g,680.0,g,377.0,400.0,5.75,JKT00364,MS J.K TRADING,chocolate-candy,chocolate-candy,12.0,0.0,https://othoba.com/krap-chocolate-syrup-680g-3
2026-09-11,436433,Spanisha Extra Virgin Oilve Oil,,,,2143.0,2270.0,5.59,JKT00375,MS J.K TRADING,daily-cooking,daily-cooking,22.0,0.0,https://othoba.com/spanisha-extra-virgin-oilve-oil-2
2026-09-11,436434,YOWE Fragrance Sesame Oil Blended -150ml,150 ml,150.0,ml,398.0,411.0,3.16,JKT00376,MS J.K TRADING,daily-cooking,daily-cooking,8.0,0.0,https://othoba.com/yowe-fragrance-sesame-oil-blended-150ml-2
2026-09-11,436455,Kikkoman Soya Sauce 500g,500 g,500.0,g,133.0,137.0,2.92,JKT00397,MS J.K TRADING,sauces,sauces,35.0,0.0,https://othoba.com/kikkoman-soya-sauce-500g-2
2026-09-11,436461,Yingpai chocolate mixed oat 200gm,200 g,200.0,g,347.0,350.0,0.86,JKT00403,MS J.K TRADING,chocolate-candy,chocolate-candy,33.0,0.0,https://othoba.com/yingpai-chocolate-mixed-oat-200gm-2
2026-09-11,436463,Chocolate Soft Candy 350g,350 g,350.0,g,350.0,400.0,12.5,JKT00405,MS J.K TRADING,chocolate-candy,chocolate-candy,53.0,0.0,https://othoba.com/chocolate-soft-candy-350g-ms-jk-trading-436463
2026-09-11,436466,DIA SUGAR (100gm),100 g,100.0,g,220.0,230.0,4.35,JKT00408,MS J.K TRADING,daily-cooking,daily-cooking,9.0,0.0,https://othoba.com/dia-sugar-100gm-2
2026-09-11,436477,Pink Crystal Rock Salt - 500g,500 g,500.0,g,890.0,990.0,10.1,JKT00419,MS J.K TRADING,daily-cooking,daily-cooking,38.0,0.0,https://othoba.com/pink-crystal-rock-salt-500g-2
2026-09-11,436479,Dr Gram Rock Salt - 500g,500 g,500.0,g,887.0,890.0,0.34,JKT00421,MS J.K TRADING,daily-cooking,daily-cooking,54.0,0.0,https://othoba.com/dr-gram-rock-salt-500g
2026-09-11,436491,Pipkin Organic Pink Salt 500g,500 g,500.0,g,201.0,210.0,4.29,JKT00433,MS J.K TRADING,daily-cooking,daily-cooking,12.0,0.0,https://othoba.com/pipkin-organic-pink-salt-500g-2
2026-09-11,436492,Instant Soup Cream Of Chicken Lady Anna Brand 66g,66 g,66.0,g,189.0,190.0,0.53,JKT00434,MS J.K TRADING,soup-2,soup-2,26.0,0.0,https://othoba.com/instant-soup-cream-of-chicken-lady-anna-brand-66g-2
2026-09-11,436494,Canderel Sugar 40gm,40 g,40.0,g,721.0,750.0,3.87,JKT00436,MS J.K TRADING,daily-cooking,daily-cooking,11.0,0.0,https://othoba.com/canderel-sugar-40gm-2
2026-09-11,436495,Canderel Sucrolose Diabeti Sugar 75 gm,75 g,75.0,g,809.0,835.0,3.11,JKT00437,MS J.K TRADING,daily-cooking,daily-cooking,33.0,0.0,https://othoba.com/canderel-sucrolose-diabeti-sugar-75-gm-2
2026-09-11,436496,Instant Soup Cream of Thai Tom Yum LADY Anna 66g,66 g,66.0,g,187.0,190.0,1.58,JKT00438,MS J.K TRADING,soup-2,soup-2,40.0,0.0,https://othoba.com/instant-soup-cream-of-thai-tom-yum-lady-anna-66g-2
2026-09-11,436498,Bluebell Premium Compound Chocolate Bar (White)  -1kg,1 kg,1.0,kg,716.0,739.0,3.11,JKT00440,MS J.K TRADING,chocolate-candy,chocolate-candy,47.0,0.0,https://othoba.com/bluebell-premium-compound-chocolate-bar-white-1kg-2
2026-09-11,4365,PRAN Mustard Oil 250ml,250 ml,250.0,ml,90.0,,,3500000016,Daily Shopping,daily-cooking,daily-cooking,,2.9,https://othoba.com/pran-mustard-oil-250ml-3500000016
2026-09-11,436506,Almarai Triangle Cheese 24 pcs,24 pcs,24.0,pcs,1017.0,1050.0,3.14,JKT00448,MS J.K TRADING,cheese,cheese,39.0,0.0,https://othoba.com/almarai-triangle-cheese-24-pcs-2
2026-09-11,436509,Lexus Chocolate Cream Cracker 225g,225 g,225.0,g,775.0,780.0,0.64,JKT00451,MS J.K TRADING,chocolate-candy,chocolate-candy,53.0,0.0,https://othoba.com/lexus-chocolate-cream-cracker-225g-2
2026-09-11,436512,ORI Nata Butter Flavoured Cream Sandwich 153g,153 g,153.0,g,1643.0,1697.0,3.18,JKT00454,MS J.K TRADING,ghee-butter,ghee-butter,19.0,0.0,https://othoba.com/ori-nata-butter-flavoured-cream-sandwich-153g-2
2026-09-11,436515,Bluebell White Compound Chocolate bar 500g,500 g,500.0,g,412.0,425.0,3.06,JKT00457,MS J.K TRADING,chocolate-candy,chocolate-candy,27.0,0.0,https://othoba.com/bluebell-white-compound-chocolate-bar-500g-2
2026-09-11,436516,Bluebell Premium Dark Compound Baking Chocolate 500g,500 g,500.0,g,392.0,400.0,2.0,JKT00458,MS J.K TRADING,chocolate-candy,chocolate-candy,40.0,0.0,https://othoba.com/bluebell-premium-dark-compound-baking-chocolate-500g-2
2026-09-11,436517,Bluebell Milk Chocolate Compound 500g,500 g,500.0,g,401.0,420.0,4.52,JKT00459,MS J.K TRADING,chocolate-candy,chocolate-candy,36.0,0.0,https://othoba.com/bluebell-milk-chocolate-compound-500g-2
2026-09-11,436524,Sugar Ball Colour Ball for Cake Decoration 25g,25 g,25.0,g,72.0,80.0,10.0,JKT00466,MS J.K TRADING,chocolate-candy,chocolate-candy,23.0,0.0,https://othoba.com/sugar-ball-colour-ball-for-cake-decoration-25g-2
2026-09-11,436529,Bright Rainbow Matt Sugar Strands Cupcake / Cake Decoration Sprinkles 25g,25 g,25.0,g,82.0,90.0,8.89,JKT00471,MS J.K TRADING,chocolate-candy,chocolate-candy,25.0,0.0,https://othoba.com/bright-rainbow-matt-sugar-strands-cupcake-cake-decoration-sprinkles-25g-2
2026-09-11,436535,Lorins Patis Philippine Fish Sauce 1000ML,1000 ml,1000.0,ml,1953.0,2017.0,3.17,JKT00477,MS J.K TRADING,sauces,sauces,16.0,0.0,https://othoba.com/lorins-patis-philippine-fish-sauce-1000ml-2
2026-09-11,436537,JULIE'S MASTURA CHOCOLATE WAFER STICKS 370G,370 g,370.0,g,1827.0,1923.0,4.99,JKT00479,MS J.K TRADING,chocolate-candy,chocolate-candy,7.0,0.0,https://othoba.com/julies-mastura-chocolate-wafer-sticks-370g-2
2026-09-11,436539,Pearl River Bridge Mushroom Flavoured Superior Dark Soy Sauce 500ml,500 ml,500.0,ml,1929.0,1992.0,3.16,JKT00481,MS J.K TRADING,sauces,sauces,15.0,0.0,https://othoba.com/pearl-river-bridge-mushroom-flavoured-superior-dark-soy-sauce-500ml-2
2026-09-11,436555,Ano Danish Premium Butter Cookies 135g,135 g,135.0,g,1553.0,1560.0,0.45,JKT00497,MS J.K TRADING,ghee-butter,ghee-butter,14.0,0.0,https://othoba.com/ano-danish-premium-butter-cookies-135g-2
2026-09-11,436560,Instant Soup Cream Of Vegetable Lady Anna Brand 66g,66 g,66.0,g,199.0,200.0,0.5,JKT00502,MS J.K TRADING,soup-2,soup-2,21.0,0.0,https://othoba.com/instant-soup-cream-of-vegetable-lady-anna-brand-66g-ms-jk-trading-436560
2026-09-11,436563,Horlicks Chocolate Hot Malty Goodness 500g uk,500 g,500.0,g,821.0,848.0,3.18,JKT00505,MS J.K TRADING,chocolate-candy,chocolate-candy,54.0,0.0,https://othoba.com/horlicks-chocolate-hot-malty-goodness-500g-uk
2026-09-11,436578,Ajwa Khejur Premium Ajwa Dates 500gm,500 g,500.0,g,832.0,935.0,11.02,JKT00520,MS J.K TRADING,fruits-vegetable,fruits-vegetable,46.0,0.0,https://othoba.com/ajwa-khejur-premium-ajwa-dates-500gm-2
2026-09-11,436579,"Maryam Dates, Khejur (premium quality) 500gm",500 g,500.0,g,792.0,880.0,10.0,JKT00521,MS J.K TRADING,fruits-vegetable,fruits-vegetable,14.0,0.0,https://othoba.com/maryam-dates-khejur-premium-quality-500gm
2026-09-11,436582,Amber Jumbo Date (premium quality) 500gm,500 g,500.0,g,1007.0,1170.0,13.93,JKT00524,MS J.K TRADING,fruits-vegetable,fruits-vegetable,37.0,0.0,https://othoba.com/amber-jumbo-date-premium-quality-500gm-2
2026-09-11,436590,hot chicken rameen sauce 200g,200 g,200.0,g,685.0,690.0,0.72,JKT00532,MS J.K TRADING,sauces,sauces,13.0,0.0,https://othoba.com/hot-chicken-rameen-sauce-200g-2
2026-09-11,436591,Himalayan Pink Rock Salt for Cooking (Trust Organics) 500g,500 g,500.0,g,980.0,990.0,1.01,JKT00533,MS J.K TRADING,daily-cooking,daily-cooking,26.0,0.0,https://othoba.com/himalayan-pink-rock-salt-for-cooking-trust-organics-500g-2
2026-09-11,436593,Bit Salt Powder black salt - 25gm,25 g,25.0,g,67.0,70.0,4.29,JKT00535,MS J.K TRADING,daily-cooking,daily-cooking,47.0,0.0,https://othoba.com/bit-salt-powder-black-salt-25gm-2
2026-09-11,436595,Cooking Soy Sauce Thai Seasoning 680 ml importet,680 ml,680.0,ml,425.0,450.0,5.56,JKT00537,MS J.K TRADING,sauces,sauces,55.0,0.0,https://othoba.com/cooking-soy-sauce-thai-seasoning-680-ml-importet-2
2026-09-11,436597,Raffaello Ferrero Rocher Chocolate  16*30g=480g Box,480 g,480.0,g,3421.0,3500.0,2.26,JKT00539,MS J.K TRADING,chocolate-candy,chocolate-candy,46.0,0.0,https://othoba.com/raffaello-ferrero-rocher-chocolate-1630g480g-box-2
2026-09-11,436604,"Lady Anna Instant Soup - Cream of Mushroom, 66 gm",66 g,66.0,g,185.0,210.0,11.9,JKT00546,MS J.K TRADING,soup-2,soup-2,42.0,0.0,https://othoba.com/lady-anna-instant-soup-cream-of-mushroom-66-gm
2026-09-11,436612,FABILEM DUO HAZELNUT CREAM WITH COCOA & MILK CREAM SPREAD 350g,350 g,350.0,g,1997.0,2062.0,3.15,JKT00553,MS J.K TRADING,milk-3,milk-3,12.0,0.0,https://othoba.com/fabilem-duo-hazelnut-cream-with-cocoa-milk-cream-spread-350g-2
2026-09-11,436613,Naturolax A Powder 300gm,300 g,300.0,g,2164.0,2235.0,3.18,JKT00554,MS J.K TRADING,milk-3,milk-3,50.0,0.0,https://othoba.com/naturolax-a-powder-300gm-2
2026-09-11,436617,Basmati Biryani Rice 1 kg,1 kg,1.0,kg,791.0,800.0,1.12,JKT00558,MS J.K TRADING,rice-biryani,rice-biryani,51.0,0.0,https://othoba.com/basmati-biryani-rice-1-kg-2
2026-09-11,436618,Macaroni Penne Pasta,,,,190.0,200.0,5.0,JKT00559,MS J.K TRADING,macaroni,macaroni,53.0,0.0,https://othoba.com/macaroni-penne-pasta-2
2026-09-11,436620,Quaker Whole Oats 900gm (Dubai),900 g,900.0,g,1148.0,1185.0,3.12,JKT00561,MS J.K TRADING,bakery-snacks,bakery-snacks,29.0,0.0,https://othoba.com/quaker-whole-oats-900gm-dubai-2
2026-09-11,436626,Ybarra_Spanish Olive Oil 140 ml,140 ml,140.0,ml,501.0,510.0,1.76,JKT00567,MS J.K TRADING,daily-cooking,daily-cooking,24.0,0.0,https://othoba.com/ybarra_spanish-olive-oil-140-ml-2
2026-09-11,436627,Sugar Free Natura 8.5 mg - 100 Pellets,8.5 mg,8.5,mg,1396.0,1442.0,3.19,JKT00568,MS J.K TRADING,daily-cooking,daily-cooking,14.0,0.0,https://othoba.com/sugar-free-natura-85-mg-100-pellets-2
2026-09-11,436629,"Amul Chocolate Fruit N Nut, 125g",125 g,125.0,g,446.0,455.0,1.98,JKT00570,MS J.K TRADING,chocolate-candy,chocolate-candy,40.0,0.0,https://othoba.com/amul-chocolate-fruit-n-nut-125g
2026-09-11,436630,Amul_MILK CHOCOLATE-SMOOTH & CREAMY 125g,125 g,125.0,g,411.0,424.0,3.07,JKT00571,MS J.K TRADING,chocolate-candy,chocolate-candy,48.0,0.0,https://othoba.com/amul_milk-chocolate-smooth-creamy-125g
2026-09-11,436631,Amul dark chocolate 125 gm (Indian ),125 g,125.0,g,411.0,424.0,3.07,JKT00572,MS J.K TRADING,chocolate-candy,chocolate-candy,46.0,0.0,https://othoba.com/amul-dark-chocolate-125-gm-indian-
2026-09-11,436636,Savoy White Chocolate Bar -1kg,1 kg,1.0,kg,632.0,650.0,2.77,JKT00577,MS J.K TRADING,chocolate-candy,chocolate-candy,9.0,0.0,https://othoba.com/savoy-white-chocolate-bar-1kg-2
2026-09-11,436637,Savoy Milk Chocolate Bar 1 kg,1 kg,1.0,kg,632.0,650.0,2.77,JKT00578,MS J.K TRADING,chocolate-candy,chocolate-candy,17.0,0.0,https://othoba.com/savoy-milk-chocolate-bar-1-kg-2
2026-09-11,436639,Dewberry Sandwich Cookies & Cream Blueberry Flavor Jam 432g,432 g,432.0,g,874.0,902.0,3.1,JKT00580,MS J.K TRADING,biscuites-toast,biscuites-toast,55.0,0.0,https://othoba.com/dewberry-sandwich-cookies-cream-blueberry-flavor-jam-432g-2
2026-09-11,436646,Vicks Cough Drops Chocolate - Indian,,,,459.0,480.0,4.38,JKT00587,MS J.K TRADING,chocolate-candy,chocolate-candy,38.0,0.0,https://othoba.com/vicks-cough-drops-chocolate-indian
2026-09-11,436647,Perk Chocolate Box 360gm,360 g,360.0,g,564.0,600.0,6.0,JKT00588,MS J.K TRADING,chocolate-candy,chocolate-candy,21.0,0.0,https://othoba.com/perk-chocolate-box-360gm-2
2026-09-11,436648,Pure_Mustard_Oil | Ghani_broken_mustard_oil | 5 Liter,5 l,5.0,l,1887.0,1986.0,4.98,JKT00589,MS J.K TRADING,daily-cooking,daily-cooking,32.0,0.0,https://othoba.com/pure_mustard_oil-ghani_broken_mustard_oil-5-liter-2
2026-09-11,436649,Premium quality Jihadi Dates(Khejur)- 1 kg healthy food,1 kg,1.0,kg,386.0,429.0,10.02,JKT00590,MS J.K TRADING,fruits-vegetable,fruits-vegetable,28.0,0.0,https://othoba.com/premium-quality-jihadi-dateskhejur-1-kg-healthy-food-2
2026-09-11,436656,Black Soy Sauce Formula 1 700ml,700 ml,700.0,ml,1803.0,1820.0,0.93,JKT00597,MS J.K TRADING,sauces,sauces,24.0,0.0,https://othoba.com/black-soy-sauce-formula-1-700ml-2
2026-09-11,436657,Aro Soybean Paste  800G,800 g,800.0,g,1803.0,1820.0,0.93,JKT00598,MS J.K TRADING,sauces,sauces,30.0,0.0,https://othoba.com/aro-soybean-paste-800g-2
2026-09-11,436658,Hung Thinh Fish sauce ( Rice Fish ) High Class 750 ml,750 ml,750.0,ml,1803.0,1820.0,0.93,JKT00599,MS J.K TRADING,sauces,sauces,8.0,0.0,https://othoba.com/hung-thinh-fish-sauce-rice-fish-high-class-750-ml-2
2026-09-11,436659,Bragg_Organic Apple Cider Vinegar with The Mother (Raw-Unfiltered) - 473ml,473 ml,473.0,ml,671.0,680.0,1.32,JKT00600,MS J.K TRADING,vinegars,vinegars,31.0,0.0,https://othoba.com/bragg_organic-apple-cider-vinegar-with-the-mother-raw-unfiltered-473ml-2
2026-09-11,436661,Bragg_Organic Apple Cider Vinegar with The Mother (Raw Unfiltered) 946ml-USA,946 ml,946.0,ml,945.0,980.0,3.57,JKT00602,MS J.K TRADING,vinegars,vinegars,29.0,0.0,https://othoba.com/bragg_organic-apple-cider-vinegar-with-the-mother-raw-unfiltered-946ml-usa-2
2026-09-11,436662,Ceylon Naturals Organic Extra Virgin Coconut Oil 200ml,200 ml,200.0,ml,576.0,689.0,16.4,JKT00603,MS J.K TRADING,daily-cooking,daily-cooking,14.0,0.0,https://othoba.com/ceylon-naturals-organic-extra-virgin-coconut-oil-200ml-3
2026-09-11,436665,Nandos Peri Peri Hot Sauce 250gm,250 g,250.0,g,530.0,550.0,3.64,JKT00606,MS J.K TRADING,sauces,sauces,53.0,0.0,https://othoba.com/nandos-peri-peri-hot-sauce-250gm-2
2026-09-11,436666,Buldak Quattro Cheese Hot Chicken Flavor Ramen Pack of 5 (145g x5),145 g,145.0,g,875.0,890.0,1.69,JKT00607,MS J.K TRADING,noodles,noodles,19.0,0.0,https://othoba.com/buldak-quattro-cheese-hot-chicken-flavor-ramen-pack-of-5-145g-x5-2
2026-09-11,436667,Nandos Peri-Peri Sauce  Mild 250g,250 g,250.0,g,530.0,550.0,3.64,JKT00608,MS J.K TRADING,sauces,sauces,24.0,0.0,https://othoba.com/nandos-peri-peri-sauce-mild-250g-2
2026-09-11,436668,Samyang Cheese Hot Chicken Flavor Ramen Family Pack 700gm,700 g,700.0,g,895.0,900.0,0.56,JKT00609,MS J.K TRADING,noodles,noodles,51.0,0.0,https://othoba.com/samyang-cheese-hot-chicken-flavor-ramen-family-pack-700gm-2
2026-09-11,436669,"Hot Curry Flavored Chicken Ramen Noodles Pack of 5, Korean Ramen Noodles  700gm",700 g,700.0,g,958.0,970.0,1.24,JKT00610,MS J.K TRADING,noodles,noodles,32.0,0.0,https://othoba.com/hot-curry-flavored-chicken-ramen-noodles-pack-of-5-korean-ramen-noodles-700gm
2026-09-11,436670,JJAJANG BULDAK Spicy Black Bean Roasted Chicken Ramen 700gm,700 g,700.0,g,853.0,860.0,0.81,JKT00611,MS J.K TRADING,noodles,noodles,15.0,0.0,https://othoba.com/jjajang-buldak-spicy-black-bean-roasted-chicken-ramen-700gm-2
2026-09-11,436671,Nando's Peri Peri Garlic Sauce 250g,250 g,250.0,g,530.0,550.0,3.64,JKT00612,MS J.K TRADING,sauces,sauces,36.0,0.0,https://othoba.com/nandos-peri-peri-garlic-sauce-250g-2
2026-09-11,436672,Cheese Hot Chicken Flavor Ramen Family Pack 700gm,700 g,700.0,g,853.0,860.0,0.81,JKT00613,MS J.K TRADING,noodles,noodles,22.0,0.0,https://othoba.com/cheese-hot-chicken-flavor-ramen-family-pack-700gm-2
2026-09-11,436673,Hot Chicken Ramen Kimchi Noodles 600gm,600 g,600.0,g,835.0,850.0,1.76,JKT00614,MS J.K TRADING,noodles,noodles,55.0,0.0,https://othoba.com/hot-chicken-ramen-kimchi-noodles-600gm-2
2026-09-11,436674,Ramen Hot Chicken 3x spicy Noodles,,,,832.0,850.0,2.12,JKT00615,MS J.K TRADING,noodles,noodles,37.0,0.0,https://othoba.com/ramen-hot-chicken-3x-spicy-noodles-2
2026-09-11,436675,Carbo Hot Chicken Flavor Ramen Noodles 700gm,700 g,700.0,g,884.0,890.0,0.67,JKT00616,MS J.K TRADING,noodles,noodles,34.0,0.0,https://othoba.com/carbo-hot-chicken-flavor-ramen-noodles-700gm-2
2026-09-11,436676,Butter Peanut Crisp Candy,,,,185.0,240.0,22.92,JKT00617,MS J.K TRADING,chocolate-candy,chocolate-candy,15.0,0.0,https://othoba.com/butter-peanut-crisp-candy
2026-09-11,436686,Carnatio Milk Product For Cooking and Bakery 405g,405 g,405.0,g,198.0,220.0,10.0,JKT00627,MS J.K TRADING,milk-3,milk-3,40.0,0.0,https://othoba.com/carnatio-milk-product-for-cooking-and-bakery-405g-2
2026-09-11,436693,FOXS CANDY BAG MINT 125g,125 g,125.0,g,326.0,350.0,6.86,JKT00634,MS J.K TRADING,chocolate-candy,chocolate-candy,27.0,0.0,https://othoba.com/foxs-candy-bag-mint-125g-2
2026-09-11,436698,Virginia Green Garden Soy Sauce 1L,1 l,1.0,l,506.0,522.0,3.07,JKT00639,MS J.K TRADING,sauces,sauces,27.0,0.0,https://othoba.com/virginia-green-garden-soy-sauce-1l-2
2026-09-11,436699,Tabasco Red Pepper Sauce 60 ml,60 ml,60.0,ml,225.0,250.0,10.0,JKT00640,MS J.K TRADING,sauces,sauces,52.0,0.0,https://othoba.com/tabasco-red-pepper-sauce-60-ml-2
2026-09-11,4367,PRAN Ghee Premium 450gm,450 g,450.0,g,760.0,,,4000000010,Daily Shopping,butter-3,butter-3,,3.3,https://othoba.com/pran-premium-ghee-450gm-4000000010
2026-09-11,436700,Shan Fried Fish Mix 50g,50 g,50.0,g,153.0,160.0,4.38,JKT00641,MS J.K TRADING,meat-fish,meat-fish,34.0,0.0,https://othoba.com/shan-fried-fish-mix-50g-2
2026-09-11,436704,Shan Meat Masala Mix 60g,60 g,60.0,g,153.0,160.0,4.38,JKT00645,MS J.K TRADING,ready-mix,ready-mix,39.0,0.0,https://othoba.com/shan-meat-masala-mix-60g-2
2026-09-11,436705,Fusilli Pasta 500g,500 g,500.0,g,214.0,230.0,6.96,JKT00646,MS J.K TRADING,pasta-macaroni,pasta-macaroni,40.0,0.0,https://othoba.com/fusilli-pasta-500g-ms-jk-trading-436705
2026-09-11,436706,Aji-No-Moto Tasting Salt Monosodium glutamate 450g,450 g,450.0,g,242.0,270.0,10.37,JKT00647,MS J.K TRADING,daily-cooking,daily-cooking,36.0,0.0,https://othoba.com/aji-no-moto-tasting-salt-monosodium-glutamate-450g-2
2026-09-11,436708,Selbourne cocoa powder 1kg,1 kg,1.0,kg,1526.0,1600.0,4.62,JKT00649,MS J.K TRADING,milk-3,milk-3,24.0,0.0,https://othoba.com/selbourne-cocoa-powder-1kg-2
2026-09-11,436709,Chocolate Drinking Powder-500 G For Instant Drinks,500 g,500.0,g,1455.0,1490.0,2.35,JKT00650,MS J.K TRADING,milk-3,milk-3,47.0,0.0,https://othoba.com/chocolate-drinking-powder-500-g-for-instant-drinks-2
2026-09-11,436710,Kong Yen Rice Vinegar- 500Ml,500 ml,500.0,ml,915.0,980.0,6.63,JKT00651,MS J.K TRADING,vinegars,vinegars,48.0,0.0,https://othoba.com/kong-yen-rice-vinegar-500ml-2
2026-09-11,436711,HADAY MATURE VINEGAR 1.2L,1.2 l,1.2,l,1981.0,2046.0,3.18,JKT00652,MS J.K TRADING,vinegars,vinegars,24.0,0.0,https://othoba.com/haday-mature-vinegar-12l-2
2026-09-11,436714,Hot Chicken Ramen Noodles 2X Spicy - Ramen Noodles,,,,179.0,185.0,3.24,JKT00655,MS J.K TRADING,noodles,noodles,29.0,0.0,https://othoba.com/hot-chicken-ramen-noodles-2x-spicy-ramen-noodles-2
2026-09-11,436715,3x Spicy Ramen Noodles,,,,179.0,185.0,3.24,JKT00656,MS J.K TRADING,noodles,noodles,46.0,0.0,https://othoba.com/3x-spicy-ramen-noodles-2
2026-09-11,436722,"Almarai Fortified Full Cream Milk Powder,2.5kg",2.5 kg,2.5,kg,4767.0,4790.0,0.48,JKT00663,MS J.K TRADING,milk-3,milk-3,14.0,0.0,https://othoba.com/almarai-fortified-full-cream-milk-powder25kg
2026-09-11,436724,Chocolate Essence Fc-28ml,28 ml,28.0,ml,84.0,100.0,16.0,JKT00665,MS J.K TRADING,chocolate-candy,chocolate-candy,19.0,0.0,https://othoba.com/chocolate-essence-fc-28ml-2
2026-09-11,436727,Almarai Milk Powder 2.25Kg,2.25 kg,2.25,kg,3665.0,3784.0,3.14,JKT00668,MS J.K TRADING,milk-3,milk-3,23.0,0.0,https://othoba.com/almarai-milk-powder-225kg-2
2026-09-11,436728,"Anchor Fortified Full Cream Milk Powder,2.25kg",2.25 kg,2.25,kg,3655.0,3700.0,1.22,JKT00669,MS J.K TRADING,milk-3,milk-3,42.0,0.0,https://othoba.com/anchor-fortified-full-cream-milk-powder225kg
2026-09-11,436731,"Shan Memoni Mutton Biryani  Seasoning Mix,50g",50 g,50.0,g,153.0,160.0,4.38,JKT00672,MS J.K TRADING,rice-biryani,rice-biryani,17.0,0.0,https://othoba.com/shan-memoni-mutton-biryani-seasoning-mix50g
2026-09-11,436732,AILISHA Chocolate 1box  4pcs,4 pcs,4.0,pcs,340.0,350.0,2.86,JKT00673,MS J.K TRADING,chocolate-candy,chocolate-candy,32.0,0.0,https://othoba.com/ailisha-chocolate-1box-4pcs-2
2026-09-11,436733,Choc_Coin_Gold_Chocolate 1 Box - 168G,168 g,168.0,g,825.0,870.0,5.17,JKT00674,MS J.K TRADING,chocolate-candy,chocolate-candy,8.0,0.0,https://othoba.com/choc_coin_gold_chocolate-1-box-168g-2
2026-09-11,436734,wellchoco Love Chocolate box 3pcs (38g),38 g,38.0,g,170.0,190.0,10.53,JKT00675,MS J.K TRADING,chocolate-candy,chocolate-candy,20.0,0.0,https://othoba.com/wellchoco-love-chocolate-box-3pcs-38g-2
2026-09-11,436735,Ginnou Chocolate Double Set Box - 176gm (16pcs),16 pcs,16.0,pcs,796.0,800.0,0.5,JKT00676,MS J.K TRADING,chocolate-candy,chocolate-candy,47.0,0.0,https://othoba.com/ginnou-chocolate-double-set-box-176gm-16pcs-2
2026-09-11,436736,wellchoco Chocolate Box 100g (8pcs),8 pcs,8.0,pcs,621.0,660.0,5.91,JKT00677,MS J.K TRADING,chocolate-candy,chocolate-candy,47.0,0.0,https://othoba.com/wellchoco-chocolate-box-100g-8pcs-2
2026-09-11,436737,Ginnou Chocolate Heart Shape Box 88g (8pcs),8 pcs,8.0,pcs,463.0,480.0,3.54,JKT00678,MS J.K TRADING,chocolate-candy,chocolate-candy,8.0,0.0,https://othoba.com/ginnou-chocolate-heart-shape-box-88g-8pcs-2
2026-09-11,436740,Orbit Chewing Gum Lemon Lime & Flavor Sugar Free 1 Box 32 Packets 140g,140 g,140.0,g,630.0,850.0,25.88,JKT00681,MS J.K TRADING,chocolate-candy,chocolate-candy,55.0,0.0,https://othoba.com/orbit-chewing-gum-lemon-lime-flavor-sugar-free-1-box-32-packets-140g-2
2026-09-11,436741,Orbit Chewing Gum Spearmint Flavor Sugar Free -1 box= 32 Packet = 140gm,140 g,140.0,g,655.0,890.0,26.4,JKT00682,MS J.K TRADING,chocolate-candy,chocolate-candy,7.0,0.0,https://othoba.com/orbit-chewing-gum-spearmint-flavor-sugar-free-1-box-32-packet-140gm-2
2026-09-11,436742,Cadbury_Choclairs Toffee Chocolate - 60 Piece India,60 pcs,60.0,pcs,224.0,231.0,3.03,JKT00683,MS J.K TRADING,chocolate-candy,chocolate-candy,51.0,0.0,https://othoba.com/cadbury_choclairs-toffee-chocolate-60-piece-india-2
2026-09-11,436743,Orbit Chewinggmum Sweet Mint Flavor 1 box= 32 Packet = 140gm,140 g,140.0,g,630.0,850.0,25.88,JKT00684,MS J.K TRADING,chocolate-candy,chocolate-candy,47.0,0.0,https://othoba.com/orbit-chewinggmum-sweet-mint-flavor-1-box-32-packet-140gm-2
2026-09-11,436744,Orbit Chewing Gum Mixed Fruit Flavor Sugar Free -1 Box= 32 Packet = 140gm,140 g,140.0,g,629.0,850.0,26.0,JKT00685,MS J.K TRADING,chocolate-candy,chocolate-candy,26.0,0.0,https://othoba.com/orbit-chewing-gum-mixed-fruit-flavor-sugar-free-1-box-32-packet-140gm-2
2026-09-11,436746,Kitkats_4 Finger Chocolate Wafer 21 Piece Box (37 Grams Per Unit),37 g,37.0,g,2764.0,2850.0,3.02,JKT00687,MS J.K TRADING,chocolate-candy,chocolate-candy,43.0,0.0,https://othoba.com/kitkats_4-finger-chocolate-wafer-21-piece-box-37-grams-per-unit-2
2026-09-11,436750,Uncle Burns Bread Crumbs  White 200 gm,200 g,200.0,g,61.0,63.0,3.17,JKT00691,MS J.K TRADING,bread,bread,10.0,0.0,https://othoba.com/uncle-burns-bread-crumbs-white-200-gm-2
2026-09-11,436755,Sugar Free Natura - 200 Pellets,,,,1514.0,1563.0,3.13,JKT00696,MS J.K TRADING,daily-cooking,daily-cooking,37.0,0.0,https://othoba.com/sugar-free-natura-200-pellets-2
2026-09-11,436756,Cadbury Dairy Milk Silk Bubbly Chocolate Bar - 50 gm,50 g,50.0,g,1436.0,1512.0,5.03,JKT00697,MS J.K TRADING,chocolate-candy,chocolate-candy,20.0,0.0,https://othoba.com/cadbury-dairy-milk-silk-bubbly-chocolate-bar-50-gm-2
2026-09-11,436757,5 Start Chocolate Bar - 4 Pieces,4 pcs,4.0,pcs,258.0,280.0,7.86,JKT00698,MS J.K TRADING,chocolate-candy,chocolate-candy,53.0,0.0,https://othoba.com/5-start-chocolate-bar-4-pieces-2
2026-09-11,436758,Dairy Milk Chocolate Bar 120gm,120 g,120.0,g,704.0,727.0,3.16,JKT00699,MS J.K TRADING,chocolate-candy,chocolate-candy,41.0,0.0,https://othoba.com/dairy-milk-chocolate-bar-120gm-2
2026-09-11,436759,Barma Peanut Chocolate-35 Pcs,35 pcs,35.0,pcs,386.0,395.0,2.28,JKT00700,MS J.K TRADING,chocolate-candy,chocolate-candy,36.0,0.0,https://othoba.com/barma-peanut-chocolate-35-pcs-2
2026-09-11,436760,KitKat_3 Finger Chocolate Wafer Box 28Pcs 798g,798 g,798.0,g,3034.0,3133.0,3.16,JKT00701,MS J.K TRADING,chocolate-candy,chocolate-candy,49.0,0.0,https://othoba.com/kitkat_3-finger-chocolate-wafer-box-28pcs-798g-2
2026-09-11,436765,"Sundrop Peanut Butter Crunchy, 462g",462 g,462.0,g,809.0,820.0,1.34,JKT00706,MS J.K TRADING,ghee-butter,ghee-butter,45.0,0.0,https://othoba.com/sundrop-peanut-butter-crunchy-462g
2026-09-11,436766,"Sundrop Peanut Butter - Creamy, Rich In Protein, Spreads, 200gm",200 g,200.0,g,653.0,729.0,10.43,JKT00707,MS J.K TRADING,ghee-butter,ghee-butter,31.0,0.0,https://othoba.com/sundrop-peanut-butter-creamy-rich-in-protein-spreads-200gm
2026-09-11,436767,"Al Mudhish Instant Full Cream Milk Powder, 2.25 Kg",2.25 kg,2.25,kg,3845.0,3990.0,3.63,JKT00708,MS J.K TRADING,milk-3,milk-3,26.0,0.0,https://othoba.com/al-mudhish-instant-full-cream-milk-powder-225-kg
2026-09-11,436774,Ceylon Naturals Organic Extra Virgin Coconut Oil-300 ml,300 ml,300.0,ml,737.0,740.0,0.41,JKT00715,MS J.K TRADING,daily-cooking,daily-cooking,42.0,0.0,https://othoba.com/ceylon-naturals-organic-extra-virgin-coconut-oil-300-ml
2026-09-11,436775,Ceylon Naturals Organic Extra Virgin Coconut Oill - 1000 Ml,1000 ml,1000.0,ml,1833.0,1900.0,3.53,JKT00716,MS J.K TRADING,daily-cooking,daily-cooking,19.0,0.0,https://othoba.com/ceylon-naturals-organic-extra-virgin-coconut-oill-1000-ml-2
2026-09-11,436784,Mentos Pure Fresh Pocket Bottle  Sugar Free Gum 29g*5pcs (mix flavour),5 pcs,5.0,pcs,1892.0,1954.0,3.17,JKT00725,MS J.K TRADING,chocolate-candy,chocolate-candy,35.0,0.0,https://othoba.com/mentos-pure-fresh-pocket-bottle-sugar-free-gum-29g5pcs-mix-flavour-2
2026-09-11,436785,Hot Carbonara Spicy Chicken Buldak Sauce 200 gm,200 g,200.0,g,628.0,750.0,16.27,JKT00726,MS J.K TRADING,sauces,sauces,25.0,0.0,https://othoba.com/hot-carbonara-spicy-chicken-buldak-sauce-200-gm-2
2026-09-11,436791,Buldak Double Spicy rameen hot chicken  Sauce 200 GM,200 g,200.0,g,628.0,750.0,16.27,JKT00732,MS J.K TRADING,sauces,sauces,16.0,0.0,https://othoba.com/buldak-double-spicy-rameen-hot-chicken-sauce-200-gm-2
2026-09-11,436798,Ice Cream Marshmallow Chocolate,,,,224.0,230.0,2.61,JKT00739,MS J.K TRADING,chocolate-candy,chocolate-candy,13.0,0.0,https://othoba.com/ice-cream-marshmallow-chocolate-2
2026-09-11,436803,Heinz Chilli Sauce 600g,600 g,600.0,g,526.0,550.0,4.36,JKT00744,MS J.K TRADING,sauces,sauces,10.0,0.0,https://othoba.com/heinz-chilli-sauce-600g-2
2026-09-11,436804,2 Fingers Chocolate Mini Box 42pcs-537gm,537 g,537.0,g,1725.0,2650.0,34.91,JKT00745,MS J.K TRADING,chocolate-candy,chocolate-candy,33.0,0.0,https://othoba.com/2-fingers-chocolate-mini-box-42pcs-537gm-2
2026-09-11,436805,Classic Chocolate 28 units-504g,504 g,504.0,g,1843.0,1903.0,3.15,JKT00746,MS J.K TRADING,chocolate-candy,chocolate-candy,53.0,0.0,https://othoba.com/classic-chocolate-28-units-504g-2
2026-09-11,436813,Shukno Khurma Khejur 1Kg,1 kg,1.0,kg,381.0,605.0,37.02,JKT00753,MS J.K TRADING,fruits-vegetable,fruits-vegetable,15.0,0.0,https://othoba.com/shukno-khurma-khejur-1kg-2
2026-09-11,436816,Healthy Breakfast Oats 900 gm,900 g,900.0,g,659.0,680.0,3.09,JKT00756,MS J.K TRADING,breakfast-products,breakfast-products,35.0,0.0,https://othoba.com/healthy-breakfast-oats-900-gm-2
2026-09-11,436820,OK Pulse Candy-Masala Mango 150 PCS,150 pcs,150.0,pcs,262.0,300.0,12.67,JKT00760,MS J.K TRADING,chocolate-candy,chocolate-candy,9.0,0.0,https://othoba.com/ok-pulse-candy-masala-mango-150-pcs-2
2026-09-11,436821,Italiano Organic Apple Cider Vinegar (আপেল সিডার ভিনেগার) - 500 gm with Mother,500 g,500.0,g,884.0,890.0,0.67,JKT00761,MS J.K TRADING,vinegars,vinegars,28.0,0.0,https://othoba.com/italiano-organic-apple-cider-vinegar-%E0%A6%86%E0%A6%AA%E0%A6%B2-%E0%A6%B8%E0%A6%A1%E0%A6%B0-%E0%A6%AD%E0%A6%A8%E0%A6%97%E0%A6%B0-500-gm-with-mother
2026-09-11,436822,Milkita Milk Candy 120g,120 g,120.0,g,275.0,280.0,1.79,JKT00762,MS J.K TRADING,chocolate-candy,chocolate-candy,16.0,0.0,https://othoba.com/milkita-milk-candy-120g-2
2026-09-11,436828,"KITKAT_2 Finger Chocolate Wafer (India), 18.5g X 30pcs",30 pcs,30.0,pcs,2263.0,2300.0,1.61,JKT00768,MS J.K TRADING,chocolate-candy,chocolate-candy,21.0,0.0,https://othoba.com/kitkat_2-finger-chocolate-wafer-india-185g-x-30pcs
2026-09-11,436829,Full cream milk powder 2500gm,2500 g,2500.0,g,3855.0,3900.0,1.15,JKT00769,MS J.K TRADING,milk-3,milk-3,9.0,0.0,https://othoba.com/full-cream-milk-powder-2500gm-2
2026-09-11,436830,Toren Classic Chocolate Combo Offer 6pic,,,,890.0,919.0,3.16,JKT00770,MS J.K TRADING,chocolate-candy,chocolate-candy,24.0,0.0,https://othoba.com/toren-classic-chocolate-combo-offer-6pic-2
2026-09-11,436835,Inci_Sunflower Cooking_Oil -5Liter,5 l,5.0,l,2856.0,3000.0,4.8,JKT00775,MS J.K TRADING,daily-cooking,daily-cooking,32.0,0.0,https://othoba.com/inci_sunflower-cooking_oil-5liter-2
2026-09-11,436836,American Garden Mayonnaise 473ml,473 ml,473.0,ml,902.0,920.0,1.96,JKT00776,MS J.K TRADING,sauces,sauces,15.0,0.0,https://othoba.com/american-garden-mayonnaise-473ml-2
2026-09-11,436843,Ceylon Naturals Organic Extra Virgin Coconut Oil 200ml,200 ml,200.0,ml,510.0,520.0,1.92,JKT00783,MS J.K TRADING,daily-cooking,daily-cooking,9.0,0.0,https://othoba.com/ceylon-naturals-organic-extra-virgin-coconut-oil-200ml-2
2026-09-11,436844,"Ferrero Rocher Premium Choclates 24 Pieces, 300 gm",300 g,300.0,g,2838.0,2931.0,3.17,JKT00784,MS J.K TRADING,chocolate-candy,chocolate-candy,27.0,0.0,https://othoba.com/ferrero-rocher-premium-choclates-24-pieces-300-gm
2026-09-11,436849,Pediasure Milk powder-400g (DUBAI),400 g,400.0,g,2063.0,2100.0,1.76,JKT00789,MS J.K TRADING,milk-3,milk-3,54.0,0.0,https://othoba.com/pediasure-milk-powder-400g-dubai-2
2026-09-11,436851,Al Mudhish Instant Whole Milk Powder 2.5kg,2.5 kg,2.5,kg,4842.0,4900.0,1.18,JKT00791,MS J.K TRADING,milk-3,milk-3,16.0,0.0,https://othoba.com/al-mudhish-instant-whole-milk-powder-25kg-2
2026-09-11,436860,Ferrero Rocher Chocolate 1box (16 pcs),16 pcs,16.0,pcs,1180.0,1218.0,3.12,JKT00800,MS J.K TRADING,chocolate-candy,chocolate-candy,30.0,0.0,https://othoba.com/ferrero-rocher-chocolate-1box-16-pcs-2
2026-09-11,436861,Trident Original Flavor (Sugar Free) Gum - 14 Sticks,,,,1632.0,1685.0,3.15,JKT00801,MS J.K TRADING,chocolate-candy,chocolate-candy,10.0,0.0,https://othoba.com/trident-original-flavor-sugar-free-gum-14-sticks-3
2026-09-11,436862,Trident Tropical Twist Flavor Sugar Free Gum X 14 Soft Gum,,,,1605.0,1675.0,4.18,JKT00802,MS J.K TRADING,chocolate-candy,chocolate-candy,37.0,0.0,https://othoba.com/trident-tropical-twist-flavor-sugar-free-gum-x-14-soft-gum-2
2026-09-11,436863,"Trident Spearmint Sugar Free Gum,12 Packs 1Box",12 pack,12.0,pack,1812.0,1850.0,2.05,JKT00803,MS J.K TRADING,chocolate-candy,chocolate-candy,37.0,0.0,https://othoba.com/trident-spearmint-sugar-free-gum12-packs-1box
2026-09-11,436864,Choclairs Toffee Chocolate - 115 Piece India,115 pcs,115.0,pcs,485.0,500.0,3.0,JKT00804,MS J.K TRADING,chocolate-candy,chocolate-candy,10.0,0.0,https://othoba.com/choclairs-toffee-chocolate-115-piece-india-2
2026-09-11,436865,"Trident Cinnamon Sugar Free Gum,12 Packs 1Box",12 pack,12.0,pack,1880.0,1890.0,0.53,JKT00805,MS J.K TRADING,chocolate-candy,chocolate-candy,35.0,0.0,https://othoba.com/trident-cinnamon-sugar-free-gum12-packs-1box
2026-09-11,436866,Trident Water Mellon Flavor Chewing Gum Flower Box 12 Pack- (14 Stick),12 pack,12.0,pack,1812.0,1850.0,2.05,JKT00806,MS J.K TRADING,chocolate-candy,chocolate-candy,41.0,0.0,https://othoba.com/trident-water-mellon-flavor-chewing-gum-flower-box-12-pack-14-stick-2
2026-09-11,436867,"Trident Sugar Free  Bubble Gum,12 Packs 1Box",12 pack,12.0,pack,1581.0,1700.0,7.0,JKT00807,MS J.K TRADING,chocolate-candy,chocolate-candy,26.0,0.0,https://othoba.com/trident-sugar-free-bubble-gum12-packs-1box
2026-09-11,436876,Agrilife MCT Oil 250 ml,250 ml,250.0,ml,1900.0,1920.0,1.04,JKT00816,MS J.K TRADING,daily-cooking,daily-cooking,25.0,0.0,https://othoba.com/agrilife-mct-oil-250-ml-2
2026-09-11,436877,Trust Organics Pink  Salt For Cooking  - 500g,500 g,500.0,g,853.0,890.0,4.16,JKT00817,MS J.K TRADING,daily-cooking,daily-cooking,36.0,0.0,https://othoba.com/trust-organics-pink-salt-for-cooking-500g-2
2026-09-11,436878,Bragg Organic Apple Cider Vinegar with The Mother - 473ml,473 ml,473.0,ml,781.0,800.0,2.38,JKT00818,MS J.K TRADING,vinegars,vinegars,45.0,0.0,https://othoba.com/bragg-organic-apple-cider-vinegar-with-the-mother-473ml-2
2026-09-11,436879,Ceylon Naturals Organic Extra Virgin Coconut Oil-500ml,500 ml,500.0,ml,1055.0,1100.0,4.09,JKT00819,MS J.K TRADING,daily-cooking,daily-cooking,32.0,0.0,https://othoba.com/ceylon-naturals-organic-extra-virgin-coconut-oil-500ml-2
2026-09-11,436880,Heinz Beanz in Tomato Sauce Baked - 415g,415 g,415.0,g,158.0,180.0,12.22,JKT00820,MS J.K TRADING,sauces,sauces,8.0,0.0,https://othoba.com/heinz-beanz-in-tomato-sauce-baked-415g-2
2026-09-11,436881,Bragg Organic Apple Cider Vinegar with The Mother - 946ml,946 ml,946.0,ml,1021.0,1040.0,1.83,JKT00821,MS J.K TRADING,vinegars,vinegars,12.0,0.0,https://othoba.com/bragg-organic-apple-cider-vinegar-with-the-mother-946ml-3
2026-09-11,436882,Agrilife MCT Oil 500ml,500 ml,500.0,ml,2471.0,2600.0,4.96,JKT00822,MS J.K TRADING,daily-cooking,daily-cooking,33.0,0.0,https://othoba.com/agrilife-mct-oil-500ml-2
2026-09-11,436885,Chickpea Flour (Boot Beshon) 500gm,500 g,500.0,g,143.0,180.0,20.56,JKT00825,MS J.K TRADING,daily-cooking,daily-cooking,24.0,0.0,https://othoba.com/chickpea-flour-boot-beshon-500gm-2
2026-09-11,436887,Milk UHT -1 Ltr ( New Zealand ),1 l,1.0,l,579.0,580.0,0.17,JKT00827,MS J.K TRADING,milk-3,milk-3,17.0,0.0,https://othoba.com/milk-uht-1-ltr-new-zealand--2
2026-09-11,436889,First Bite Organic Baby Millet Noodles -180g,180 g,180.0,g,579.0,580.0,0.17,JKT00829,MS J.K TRADING,noodles,noodles,39.0,0.0,https://othoba.com/first-bite-organic-baby-millet-noodles-180g-2
2026-09-11,436893,"Aptamil 2 Follow On Milk From 6-12 m- 800gm, UK",800 g,800.0,g,3789.0,3800.0,0.29,JKT00833,MS J.K TRADING,milk-3,milk-3,21.0,0.0,https://othoba.com/aptamil-2-follow-on-milk-from-6-12-m-800gm-uk
2026-09-11,436894,NAN Optipro 2 Infant Formula Milk 800g,800 g,800.0,g,3775.0,3800.0,0.66,JKT00834,MS J.K TRADING,milk-3,milk-3,52.0,0.0,https://othoba.com/nan-optipro-2-infant-formula-milk-800g-2
2026-09-11,436898,Milkita milky lollipops pack of (9g*50p)50pcs,50 pcs,50.0,pcs,295.0,300.0,1.67,JKT00838,MS J.K TRADING,chocolate-candy,chocolate-candy,11.0,0.0,https://othoba.com/milkita-milky-lollipops-pack-of-9g50p50pcs-2
2026-09-11,4369,PRAN UHT Milk 200ml,200 ml,200.0,ml,32.0,,,4000000003,Daily Shopping,liquid-milk,liquid-milk,,5.0,https://othoba.com/pran-uht-milk-200ml-4000000003
2026-09-11,436903,POLO Mint Lozenges box (28units*12g),12 g,12.0,g,400.0,421.0,4.99,JKT00843,MS J.K TRADING,chocolate-candy,chocolate-candy,50.0,0.0,https://othoba.com/polo-mint-lozenges-box-28units12g-2
2026-09-11,436905,Europe chewing gum Mix Flavour 20 box(5sticks per box),,,,263.0,270.0,2.59,JKT00845,MS J.K TRADING,chocolate-candy,chocolate-candy,46.0,0.0,https://othoba.com/europe-chewing-gum-mix-flavour-20-box5sticks-per-box-2
2026-09-11,436907,Big Bubble gum (20p×20g) 1 box,20 g,20.0,g,801.0,820.0,2.32,JKT00847,MS J.K TRADING,chocolate-candy,chocolate-candy,17.0,0.0,https://othoba.com/big-bubble-gum-20p20g-1-box-2
2026-09-11,436910,Chocolate Coin 60 Piece imported,60 pcs,60.0,pcs,1451.0,1500.0,3.27,JKT00850,MS J.K TRADING,chocolate-candy,chocolate-candy,38.0,0.0,https://othoba.com/chocolate-coin-60-piece-imported-2
2026-09-11,436911,Ferrero Rocher( 3*16 pcs)one box,16 pcs,16.0,pcs,3726.0,3900.0,4.46,JKT00851,MS J.K TRADING,chocolate-candy,chocolate-candy,44.0,0.0,https://othoba.com/ferrero-rocher-316-pcsone-box-2
2026-09-11,436919,Cadbury Caramel Chocolate Spread 400gm,400 g,400.0,g,901.0,910.0,0.99,JKT00859,MS J.K TRADING,chocolate-candy,chocolate-candy,16.0,0.0,https://othoba.com/cadbury-caramel-chocolate-spread-400gm-2
2026-09-11,436930,"La Costena Chipotle  Adobados Sauce, 380gm",380 g,380.0,g,2105.0,2174.0,3.17,JKT00870,MS J.K TRADING,sauces,sauces,20.0,0.0,https://othoba.com/la-costena-chipotle-adobados-sauce-380gm
2026-09-11,436935,Toblerone White Chocolate 100g,100 g,100.0,g,1288.0,1330.0,3.16,JKT00875,MS J.K TRADING,chocolate-candy,chocolate-candy,48.0,0.0,https://othoba.com/toblerone-white-chocolate-100g-2
2026-09-11,436936,Toblerone Swiss Dark Chocolate Bar - 100g,100 g,100.0,g,1338.0,1382.0,3.18,JKT00876,MS J.K TRADING,chocolate-candy,chocolate-candy,31.0,0.0,https://othoba.com/toblerone-swiss-dark-chocolate-bar-100g-2
2026-09-11,436938,Munchy's-LEXUS Cookies - Dark Choc 189g,189 g,189.0,g,1543.0,1593.0,3.14,JKT00878,MS J.K TRADING,biscuit-cookies,biscuit-cookies,53.0,0.0,https://othoba.com/munchys-lexus-cookies-dark-choc-189g-2
2026-09-11,436941,TOREN ROCCO WHITE CHOCOLATE 20GM,20 g,20.0,g,68.0,80.0,15.0,JKT00881,MS J.K TRADING,chocolate-candy,chocolate-candy,16.0,0.0,https://othoba.com/toren-rocco-white-chocolate-20gm-2
2026-09-11,436942,Wellchoco Chocolate 16 Pcs Double Decker 200gm,200 g,200.0,g,772.0,800.0,3.5,JKT00882,MS J.K TRADING,chocolate-candy,chocolate-candy,19.0,0.0,https://othoba.com/wellchoco-chocolate-16-pcs-double-decker-200gm-2
2026-09-11,436944,"Trident Perfect Peppermint Sugar Free Gum, 12 Packs",12 pack,12.0,pack,1612.0,1650.0,2.3,JKT00884,MS J.K TRADING,chocolate-candy,chocolate-candy,33.0,0.0,https://othoba.com/trident-perfect-peppermint-sugar-free-gum-12-packs-ms-jk-trading-436944
2026-09-11,436947,Maekrua Oyster Sauce 600Ml,600 ml,600.0,ml,561.0,570.0,1.58,JKT00887,MS J.K TRADING,sauces,sauces,29.0,0.0,https://othoba.com/maekrua-oyster-sauce-600ml
2026-09-11,436957,Cowhead Pure Milk Uht -1 Ltr ( New Zealand ),1 l,1.0,l,474.0,480.0,1.25,JKT00897,MS J.K TRADING,milk-3,milk-3,37.0,0.0,https://othoba.com/cowhead-pure-milk-uht-1-ltr-new-zealand--2
2026-09-11,436960,mi-pong monosodium glutamate tasting salt 100gm,100 g,100.0,g,39.0,40.0,2.5,JKT00900,MS J.K TRADING,daily-cooking,daily-cooking,41.0,0.0,https://othoba.com/mi-pong-monosodium-glutamate-tasting-salt-100gm-2
2026-09-11,436965,1Kg Dulal  Tall Misri /Sugar Palm Candy,1 kg,1.0,kg,462.0,490.0,5.71,JKT00905,MS J.K TRADING,chocolate-candy,chocolate-candy,18.0,0.0,https://othoba.com/1kg-dulal-tall-misri-sugar-palm-candy-2
2026-09-11,436966,Kinder Bueno Chocolate 43gm bar - 2 pack (Imported),2 pack,2.0,pack,432.0,450.0,4.0,JKT00906,MS J.K TRADING,chocolate-candy,chocolate-candy,43.0,0.0,https://othoba.com/kinder-bueno-chocolate-43gm-bar-2-pack-imported-2
2026-09-11,436973,Similac Advance Gold 1 Infant Formula Baby Milk 0 to 6 Months - 800g (Ireland),800 g,800.0,g,4198.0,4200.0,0.05,JKT00913,MS J.K TRADING,milk-3,milk-3,53.0,0.0,https://othoba.com/similac-advance-gold-1-infant-formula-baby-milk-0-to-6-months-800g-ireland
2026-09-11,436975,Similac Gold 3 Growing-Up Formula Baby Milk (1-3Years) - 800g,800 g,800.0,g,3584.0,3600.0,0.44,JKT00915,MS J.K TRADING,milk-3,milk-3,14.0,0.0,https://othoba.com/similac-gold-3-growing-up-formula-baby-milk-1-3years-800g
2026-09-11,436976,Nido 1+ Growing-up Formula (1-3 years) 900gm ( Dubai ),900 g,900.0,g,2421.0,2500.0,3.16,JKT00916,MS J.K TRADING,milk-3,milk-3,28.0,0.0,https://othoba.com/nido-1-growing-up-formula-1-3-years-900gm-dubai-
2026-09-11,436977,Similac GOLD FORMULA Milk 2 – 800GM,800 g,800.0,g,3553.0,3669.0,3.16,JKT00917,MS J.K TRADING,milk-3,milk-3,17.0,0.0,https://othoba.com/similac-gold-formula-milk-2-800gm
2026-09-11,436978,Mazzex Oat Milk Choco – Party mix 400gm(Dubai),400 g,400.0,g,868.0,880.0,1.36,JKT00918,MS J.K TRADING,chocolate-candy,chocolate-candy,21.0,0.0,https://othoba.com/mazzex-oat-milk-choco-party-mix-400gmdubai-2
2026-09-11,436980,Dates Palace Sweets Camel Chocolate Dates 400gm (uae),400 g,400.0,g,750.0,781.0,3.97,JKT00919,MS J.K TRADING,chocolate-candy,chocolate-candy,37.0,0.0,https://othoba.com/dates-palace-sweets-camel-chocolate-dates-400gm-uae-2
2026-09-11,436982,Love Earth Organic Baby Noodles 200gm,200 g,200.0,g,768.0,800.0,4.0,JKT00921,MS J.K TRADING,noodles,noodles,14.0,0.0,https://othoba.com/love-earth-organic-baby-noodles-200gm-2
2026-09-11,436983,Tiffany Eclair Assortment Chocolate  (550 g)Dubai,550 g,550.0,g,1074.0,1100.0,2.36,JKT00922,MS J.K TRADING,chocolate-candy,chocolate-candy,28.0,0.0,https://othoba.com/tiffany-eclair-assortment-chocolate-550-gdubai-2
2026-09-11,436992,Munch Chocolate- 1 Box 32 pcs,32 pcs,32.0,pcs,526.0,550.0,4.36,JKT00930,MS J.K TRADING,chocolate-candy,chocolate-candy,9.0,0.0,https://othoba.com/munch-chocolate-1-box-32-pcs-2
2026-09-11,436997,Organic London Pink Salt - 200gm,200 g,200.0,g,476.0,500.0,4.8,JKT00935,MS J.K TRADING,salt-sugar,salt-sugar,39.0,0.0,https://othoba.com/organic-london-pink-salt-200gm-2
2026-09-11,436999,Ferrero Rocher Chocolate  3Pcs Pack (37.5g) Italy,37.5 g,37.5,g,214.0,250.0,14.4,JKT00937,MS J.K TRADING,chocolate-candy,chocolate-candy,48.0,0.0,https://othoba.com/ferrero-rocher-chocolate-3pcs-pack-375g-italy-2
2026-09-11,4370,PRAN UHT Milk 500ml,500 ml,500.0,ml,65.0,,,4000000004,Daily Shopping,liquid-milk,liquid-milk,,5.0,https://othoba.com/pran-uht-milk-500ml-4000000004
2026-09-11,437001,Tayas Orient Crispy Assorted Chocolate Truffle 500gm,500 g,500.0,g,1638.0,1650.0,0.73,JKT00939,MS J.K TRADING,chocolate-candy,chocolate-candy,29.0,0.0,https://othoba.com/tayas-orient-crispy-assorted-chocolate-truffle-500gm-2
2026-09-11,437005,Tayas Magic Special Chocolate - 700gm-Turkey,700 g,700.0,g,1480.0,1500.0,1.33,JKT00943,MS J.K TRADING,chocolate-candy,chocolate-candy,46.0,0.0,https://othoba.com/tayas-magic-special-chocolate-700gm-turkey-2
2026-09-11,437006,magimix-red Bread Improver 1kg,1 kg,1.0,kg,582.0,600.0,3.0,JKT00944,MS J.K TRADING,bread,bread,8.0,0.0,https://othoba.com/magimix-red-bread-improver-1kg-2
2026-09-11,437009,Cow & Gate 1 First Milk Powder 800g (UK),800 g,800.0,g,3579.0,3696.0,3.17,JKT00947,MS J.K TRADING,milk-3,milk-3,53.0,0.0,https://othoba.com/cow-gate-1-first-milk-powder-800g-uk-2
2026-09-11,437011,Cow & gate 3 Growing up Milk 800gm(UK),800 g,800.0,g,3579.0,3696.0,3.17,JKT00949,MS J.K TRADING,milk-3,milk-3,34.0,0.0,https://othoba.com/cow-gate-3-growing-up-milk-800gmuk-2
2026-09-11,437012,Cow & Gate 4 Toddler  Milk Powder Formula- 800Ggm(UK),,,,3368.0,3400.0,0.94,JKT00950,MS J.K TRADING,milk-3,milk-3,54.0,0.0,https://othoba.com/cow-gate-4-toddler-milk-powder-formula-800ggmuk-2
2026-09-11,437013,Q.B.B Pure Butter Ghee 1600ml(malaysia),1600 ml,1600.0,ml,4953.0,5000.0,0.94,JKT00951,MS J.K TRADING,ghee-3,ghee-3,55.0,0.0,https://othoba.com/qbb-pure-butter-ghee-1600mlmalaysia-2
2026-09-11,437050,Mentos Sugar Free Pure Fresh Watermelon Chewing Gum 29.7gm,29.7 g,29.7,g,183.0,190.0,3.68,JKT00988,MS J.K TRADING,salt-sugar,salt-sugar,15.0,0.0,https://othoba.com/mentos-sugar-free-pure-fresh-watermelon-chewing-gum-297gm-ms-jk-trading-437050
2026-09-11,437058,Roerat Chocolate 128g ( Imported ),128 g,128.0,g,388.0,420.0,7.62,JKT00996,MS J.K TRADING,chocolate-candy,chocolate-candy,24.0,0.0,https://othoba.com/roerat-chocolate-128g-imported-2
2026-09-11,437059,Roerat Chocolate 128g,128 g,128.0,g,357.0,420.0,15.0,JKT00997,MS J.K TRADING,chocolate-candy,chocolate-candy,29.0,0.0,https://othoba.com/roerat-chocolate-128g-2
2026-09-11,437060,Orbit Raw Mango Flavour Chewing Gum Sugar Free - 1 box= 32 Packet = 140gm,140 g,140.0,g,540.0,550.0,1.82,JKT00998,MS J.K TRADING,salt-sugar,salt-sugar,12.0,0.0,https://othoba.com/orbit-raw-mango-flavour-chewing-gum-sugar-free-1-box-32-packet-140gm-2
2026-09-11,437077,2 Fingers Chocolate( 36 x 20.7g)-745g Uk,745 g,745.0,g,1580.0,1600.0,1.25,JKT01015,MS J.K TRADING,chocolate-candy,chocolate-candy,35.0,0.0,https://othoba.com/2-fingers-chocolate-36-x-207g-745g-uk-2
2026-09-11,437079,Munchy’s Lexus Choco Coated Chocolate Cream Biscuit 200gm,200 g,200.0,g,583.0,590.0,1.19,JKT01017,MS J.K TRADING,chocolate-candy,chocolate-candy,10.0,0.0,https://othoba.com/munchys-lexus-choco-coated-chocolate-cream-biscuit-200gm-ms-jk-trading-437079
2026-09-11,437080,2 Finger Bar Chocolate (36pcs*20.5g)-738gm. Dubai,738 g,738.0,g,1683.0,1700.0,1.0,JKT01018,MS J.K TRADING,chocolate-candy,chocolate-candy,10.0,0.0,https://othoba.com/2-finger-bar-chocolate-36pcs205g-738gm-dubai-2
2026-09-11,437085,Sugar Free Natura -500 Pellets,,,,398.0,430.0,7.44,JKT01023,MS J.K TRADING,daily-cooking,daily-cooking,31.0,0.0,https://othoba.com/sugar-free-natura-500-pellets-4
2026-09-11,437090,"Amul (dark,milk,fruits n nut)chocolate 3pcs",3 pcs,3.0,pcs,1280.0,1290.0,0.78,JKT01028,MS J.K TRADING,chocolate-candy,chocolate-candy,33.0,0.0,https://othoba.com/amul-darkmilkfruits-n-nutchocolate-3pcs
2026-09-11,437098,Coconut Chocolate 128gm Imported,128 g,128.0,g,599.0,630.0,4.92,JKT01036,MS J.K TRADING,chocolate-candy,chocolate-candy,56.0,0.0,https://othoba.com/coconut-chocolate-128gm-imported-2
2026-09-11,4371,PRAN Pasteurized Milk 1000ml,1000 ml,1000.0,ml,110.0,,,4000000103,Daily Shopping,liquid-milk,liquid-milk,,4.7,https://othoba.com/pran-pasteurized-milk-1000ml-4000000103
2026-09-11,437101,Pran Hot Tomato-Sauce- 3Litre,3 l,3.0,l,673.0,690.0,2.46,JKT01039,MS J.K TRADING,sauces,sauces,56.0,0.0,https://othoba.com/pran-hot-tomato-sauce-3litre-2
2026-09-11,437109,Kinder Bueno Chocolate Bars 43g Box (Pack of 30),43 g,43.0,g,6000.0,6196.0,3.16,JKT01047,MS J.K TRADING,chocolate-candy,chocolate-candy,51.0,0.0,https://othoba.com/kinder-bueno-chocolate-bars-43g-box-pack-of-30-2
2026-09-11,437110,Pack Of 2 Lotte XYLITOL Sugar Free Chewing Gum 58g*2,58 g,58.0,g,878.0,880.0,0.23,JKT01048,MS J.K TRADING,salt-sugar,salt-sugar,32.0,0.0,https://othoba.com/pack-of-2-lotte-xylitol-sugar-free-chewing-gum-58g2-2
2026-09-11,437128,Nucella Fortified Chocolate Spread Cocoa & Almond 400g,400 g,400.0,g,590.0,600.0,1.67,JKT01066,MS J.K TRADING,chocolate-candy,chocolate-candy,25.0,0.0,https://othoba.com/nucella-fortified-chocolate-spread-cocoa-almond-400g-2
2026-09-11,437129,Turkey Chocolate – 150gm,150 g,150.0,g,173.0,200.0,13.5,JKT01067,MS J.K TRADING,chocolate-candy,chocolate-candy,26.0,0.0,https://othoba.com/turkey-chocolate-150gm-2
2026-09-11,437134,Tiffany Eclairs Milk 550g(UAE),550 g,550.0,g,1241.0,1250.0,0.72,JKT01072,MS J.K TRADING,milk-3,milk-3,9.0,0.0,https://othoba.com/tiffany-eclairs-milk-550guae-2
2026-09-11,437139,Kikkoman Soy Sauce 1.6L (Singapore),1.6 l,1.6,l,1543.0,1593.0,3.14,JKT01077,MS J.K TRADING,sauces,sauces,49.0,0.0,https://othoba.com/kikkoman-soy-sauce-16l-singapore-2
2026-09-11,437142,Balloon Assortments Fruit Candy - 50 Piece (Thailand),50 pcs,50.0,pcs,357.0,370.0,3.51,JKT01080,MS J.K TRADING,chocolate-candy,chocolate-candy,17.0,0.0,https://othoba.com/balloon-assortments-fruit-candy-50-piece-thailand-2
2026-09-11,437156,Nido Fortified Rice In Fiber Milk Powder 2500g (Dubai),2500 g,2500.0,g,3564.0,3590.0,0.72,JKT01094,MS J.K TRADING,milk-3,milk-3,39.0,0.0,https://othoba.com/nido-fortified-rice-in-fiber-milk-powder-2500g-dubai-2
2026-09-11,437160,Pran Hot Tomato Sauce Plastic Jar - 1kg      product image0  Pran Hot Tomato Sauce Plastic Jar - 1kg,1 kg,1.0,kg,337.0,350.0,3.71,JKT01098,MS J.K TRADING,sauces,sauces,39.0,0.0,https://othoba.com/pran-hot-tomato-sauce-plastic-jar-1kg-product-image0-pran-hot-tomato-sauce-plastic-jar-1kg-2
2026-09-11,437165,Nan pro 3  milk powder 800gm (Switzerland ),800 g,800.0,g,3281.0,3300.0,0.58,JKT01103,MS J.K TRADING,milk-3,milk-3,44.0,0.0,https://othoba.com/nan-pro-3-milk-powder-800gm-switzerland--2
2026-09-11,437166,NAN PRO2 milk powder 800g Switzerland,800 g,800.0,g,3316.0,3500.0,5.26,JKT01104,MS J.K TRADING,milk-3,milk-3,9.0,0.0,https://othoba.com/nan-pro2-milk-powder-800g-switzerland-2
2026-09-11,437167,Nan Pro 1  milk powder 800g Switzerland,800 g,800.0,g,4181.0,4200.0,0.45,JKT01105,MS J.K TRADING,milk-3,milk-3,38.0,0.0,https://othoba.com/nan-pro-1-milk-powder-800g-switzerland-2
2026-09-11,437169,Healthy Boy Brand Thin Soy Sauce 700ml Thailand,700 ml,700.0,ml,527.0,550.0,4.18,JKT01107,MS J.K TRADING,sauces,sauces,34.0,0.0,https://othoba.com/healthy-boy-brand-thin-soy-sauce-700ml-thailand-2
2026-09-11,437172,Amul dark chocolate 125 gm pack of 10,125 g,125.0,g,4480.0,4500.0,0.44,JKT01110,MS J.K TRADING,chocolate-candy,chocolate-candy,32.0,0.0,https://othoba.com/amul-dark-chocolate-125-gm-pack-of-10
2026-09-11,437173,"Complan Chocolate Flavoured Powder Drink, 400g (UAE)",400 g,400.0,g,1274.0,1280.0,0.47,JKT01111,MS J.K TRADING,chocolate-candy,chocolate-candy,41.0,0.0,https://othoba.com/complan-chocolate-flavoured-powder-drink-400g-uae
2026-09-11,437174,Amul Milk Chocolate 125 gm pack of 10pcs,10 pcs,10.0,pcs,5893.0,6000.0,1.78,JKT01112,MS J.K TRADING,chocolate-candy,chocolate-candy,31.0,0.0,https://othoba.com/amul-milk-chocolate-125-gm-pack-of-10pcs
2026-09-11,437175,"Amul Fruit N Nut Dark Chocolate, 125gm(Pack of 10pcs)",10 pcs,10.0,pcs,4790.0,4800.0,0.21,JKT01113,MS J.K TRADING,chocolate-candy,chocolate-candy,33.0,0.0,https://othoba.com/amul-fruit-n-nut-dark-chocolate-125gmpack-of-10pcs
2026-09-11,437178,Love 3 Flavor Candy combo of 3 pac(Prem BD),,,,284.0,300.0,5.33,JKT01116,MS J.K TRADING,chocolate-candy,chocolate-candy,16.0,0.0,https://othoba.com/love-3-flavor-candy-combo-of-3-pacprem-bd-2
2026-09-11,437180,"TIFFANY ECLAIRS, Chocolate Cream, Individually Wrapped, 550 grams(UAE)",550 g,550.0,g,1105.0,1200.0,7.92,JKT01118,MS J.K TRADING,chocolate-candy,chocolate-candy,28.0,0.0,https://othoba.com/tiffany-eclairs-chocolate-cream-individually-wrapped-550-gramsuae
2026-09-11,437184,"KIT KAT Caramel Chocolate Coated Wafer, 50G X 12 Units, 600 gm (indian)",600 g,600.0,g,2543.0,2626.0,3.16,JKT01122,MS J.K TRADING,chocolate-candy,chocolate-candy,19.0,0.0,https://othoba.com/kit-kat-caramel-chocolate-coated-wafer-50g-x-12-units-600-gm-indian
2026-09-11,437187,Orbit Chewing Gum Sugar Free 5 Flavours 5pcs,5 pcs,5.0,pcs,223.0,230.0,3.04,JKT01125,MS J.K TRADING,salt-sugar,salt-sugar,28.0,0.0,https://othoba.com/orbit-chewing-gum-sugar-free-5-flavours-5pcs-2
2026-09-11,437189,Kit Kat 4 Finger  Chocolate Wafer 37g* 21pcs Box (india),21 pcs,21.0,pcs,2158.0,2200.0,1.91,JKT01127,MS J.K TRADING,chocolate-candy,chocolate-candy,34.0,0.0,https://othoba.com/kit-kat-4-finger-chocolate-wafer-37g-21pcs-box-india-2
2026-09-11,437190,Kit kat 3 Finger Chocolate 27.5g* 28Pcs Box- ( Indian ),28 pcs,28.0,pcs,1863.0,1900.0,1.95,JKT01128,MS J.K TRADING,chocolate-candy,chocolate-candy,13.0,0.0,https://othoba.com/kit-kat-3-finger-chocolate-275g-28pcs-box-indian-2
2026-09-11,437198,TWINFISH Nut Crisp Chocolate 500 Gm Packet,500 g,500.0,g,526.0,540.0,2.59,JKT01135,MS J.K TRADING,chocolate-candy,chocolate-candy,34.0,0.0,https://othoba.com/twinfish-nut-crisp-chocolate-500-gm-packet
2026-09-11,437207,Ferrero Nutella Original Chocolate Hazelnut Spread Large Jar-950g,950 g,950.0,g,2789.0,2800.0,0.39,JKT01144,MS J.K TRADING,chocolate-candy,chocolate-candy,49.0,0.0,https://othoba.com/ferrero-nutella-original-chocolate-hazelnut-spread-large-jar-950g
2026-09-11,437213,Sunar Sunflower oil 5L tin (turkey),5 l,5.0,l,2193.0,2400.0,8.62,JKT01150,MS J.K TRADING,daily-cooking,daily-cooking,53.0,0.0,https://othoba.com/sunar-sunflower-oil-5l-tin-turkey-2
2026-09-11,437223,Dairy Milk Roast Almond/Hazelnut Chocolate 1pcs (160g) Malaysian,160 g,160.0,g,505.0,520.0,2.88,JKT01160,MS J.K TRADING,chocolate-candy,chocolate-candy,10.0,0.0,https://othoba.com/dairy-milk-roast-almondhazelnut-chocolate-1pcs-160g-malaysian-ms-jk-trading-437223
2026-09-11,437224,Oat Choco with Chocolate 3in1 mixed Flavor High Quality Good Taste-400g,400 g,400.0,g,558.0,580.0,3.79,JKT01161,MS J.K TRADING,chocolate-candy,chocolate-candy,32.0,0.0,https://othoba.com/oat-choco-with-chocolate-3in1-mixed-flavor-high-quality-good-taste-400g-2
2026-09-11,437225,Heinz Tomato Ketchup 300 gm,300 g,300.0,g,286.0,300.0,4.67,JKT01162,MS J.K TRADING,sauces,sauces,43.0,0.0,https://othoba.com/heinz-tomato-ketchup-300-gm-2
2026-09-11,437228,Fresh Himal@ayan Natural Pink Salt - 1 Kg(Pakistani),1 kg,1.0,kg,432.0,450.0,4.0,JKT01165,MS J.K TRADING,daily-cooking,daily-cooking,45.0,0.0,https://othoba.com/fresh-himalayan-natural-pink-salt-1-kgpakistani-2
2026-09-11,437230,Sugar Free Natura Diet Sugar 220gm | India’s No.1 Sweetner | Sweet like Sugar with Low Calories| Scientifically Proven & Tested,220 g,220.0,g,1966.0,2030.0,3.15,JKT01167,MS J.K TRADING,daily-cooking,daily-cooking,20.0,0.0,https://othoba.com/sugar-free-natura-diet-sugar-220gm-indias-no1-sweetner-sweet-like-sugar-with-low-calories-scientifically-proven-tested-2
2026-09-11,437233,Ensure Complete Vanilla Milk Power -850g (Dubai),850 g,850.0,g,3454.0,3500.0,1.31,JKT01170,MS J.K TRADING,milk-3,milk-3,54.0,0.0,https://othoba.com/ensure-complete-vanilla-milk-power-850g-dubai-2
2026-09-11,437235,Mentos Sugar Free Gum (56g*2 Tubs) 80 Pcs,80 pcs,80.0,pcs,334.0,350.0,4.57,JKT01172,MS J.K TRADING,chocolate-candy,chocolate-candy,53.0,0.0,https://othoba.com/mentos-sugar-free-gum-56g2-tubs-80-pcs-2
2026-09-11,437241,Cowhead Slim Poor Milk (Fat Free) -1 Liter,1 l,1.0,l,1521.0,1571.0,3.18,JKT01178,MS J.K TRADING,milk-3,milk-3,36.0,0.0,https://othoba.com/cowhead-slim-poor-milk-fat-free-1-liter-2
2026-09-11,437242,Cowhead Lactose Free Pure Milk - 1Ltr,1 l,1.0,l,4742.0,5000.0,5.16,JKT01179,MS J.K TRADING,milk-3,milk-3,11.0,0.0,https://othoba.com/cowhead-lactose-free-pure-milk-1ltr-4
2026-09-11,437243,Saporito Strawberry Pie Filling Can 595 gm,595 g,595.0,g,905.0,920.0,1.63,JKT01180,MS J.K TRADING,dessert,dessert,23.0,0.0,https://othoba.com/saporito-strawberry-pie-filling-can-595-gm-2
2026-09-11,437249,Multi-Use Gochujang Sauce-500gm(Korean ),500 g,500.0,g,1152.0,1180.0,2.37,JKT01186,MS J.K TRADING,sauces,sauces,10.0,0.0,https://othoba.com/multi-use-gochujang-sauce-500gmkorean--2
2026-09-11,437250,Ovaltine Original Add Milk 300gm uk,300 g,300.0,g,847.0,850.0,0.35,JKT01187,MS J.K TRADING,milk-3,milk-3,14.0,0.0,https://othoba.com/ovaltine-original-add-milk-300gm-uk-2
2026-09-11,437259,Bertini Olive Oil Blend 1L – Refined Oils & Spanish Extra Virgin,1 l,1.0,l,1294.0,1300.0,0.46,JKT01196,MS J.K TRADING,daily-cooking,daily-cooking,42.0,0.0,https://othoba.com/bertini-olive-oil-blend-1l-refined-oils-spanish-extra-virgin
2026-09-11,437260,Nando's Peri-Peri Sauce - Extra Hot - 250g,250 g,250.0,g,579.0,590.0,1.86,JKT01197,MS J.K TRADING,sauces,sauces,51.0,0.0,https://othoba.com/nandos-peri-peri-sauce-extra-hot-250g-2
2026-09-11,437261,Ceylon Naturals Organic Coconut Vinegar -250ml,250 ml,250.0,ml,716.0,720.0,0.56,JKT01198,MS J.K TRADING,vinegars,vinegars,15.0,0.0,https://othoba.com/ceylon-naturals-organic-coconut-vinegar-250ml-2
2026-09-11,437262,Nando's Creamy Garlic Extra Mild Peri Peri Sauce-250g,250 g,250.0,g,530.0,550.0,3.64,JKT01199,MS J.K TRADING,sauces,sauces,19.0,0.0,https://othoba.com/nandos-creamy-garlic-extra-mild-peri-peri-sauce-250g-ms-jk-trading-437262
2026-09-11,437265,Nestlé Nido Three Plus (3+) Growing Up Milk Powder Tin- 1800g,1800 g,1800.0,g,5490.0,5600.0,1.96,JKT01202,MS J.K TRADING,milk-3,milk-3,53.0,0.0,https://othoba.com/nestl%C3%A9-nido-three-plus-3-growing-up-milk-powder-tin-1800g
2026-09-11,437266,Lactogrow 3 Milk Powder 1800gm (malaysia),1800 g,1800.0,g,6305.0,6500.0,3.0,JKT01203,MS J.K TRADING,milk-3,milk-3,16.0,0.0,https://othoba.com/lactogrow-3-milk-powder-1800gm-malaysia-2
2026-09-11,437269,Savoy Dark Chocolate Bar -1kg,1 kg,1.0,kg,618.0,650.0,4.92,JKT01206,MS J.K TRADING,chocolate-candy,chocolate-candy,8.0,0.0,https://othoba.com/savoy-dark-chocolate-bar-1kg-2
2026-09-11,437275,Amul Super Fruit White Chocolate 125 gm,125 g,125.0,g,428.0,450.0,4.89,JKT01212,MS J.K TRADING,chocolate-candy,chocolate-candy,8.0,0.0,https://othoba.com/amul-super-fruit-white-chocolate-125-gm
2026-09-11,437279,Bit Salt - 500gm  (Bit Lobon),500 g,500.0,g,186.0,209.0,11.0,JKT01216,MS J.K TRADING,daily-cooking,daily-cooking,45.0,0.0,https://othoba.com/bit-salt-500gm-bit-lobon-2
2026-09-11,437299,remia. honey mustard dressing. 500 ml. salata,500 ml,500.0,ml,364.0,380.0,4.21,JKT01236,MS J.K TRADING,sauces,sauces,14.0,0.0,https://othoba.com/remia-honey-mustard-dressing-500-ml-salata-2
2026-09-11,4373,PRAN Mustard Oil 500ml,500 ml,500.0,ml,170.0,,,3500000015,Daily Shopping,daily-cooking,daily-cooking,,5.0,https://othoba.com/pran-mustard-oil-500ml-3500000015
2026-09-11,437300,Oreo Original (11g*16pcs)– 176g ( Denmark),176 g,176.0,g,390.0,411.0,5.11,JKT01237,MS J.K TRADING,biscuit-cookies,biscuit-cookies,9.0,0.0,https://othoba.com/oreo-original-11g16pcs-176g-denmark-2
2026-09-11,437316,Puck Cream Cheese Spread Glass 240g,240 g,240.0,g,500.0,550.0,9.09,JKT01253,MS J.K TRADING,cheese,cheese,17.0,0.0,https://othoba.com/puck-cream-cheese-spread-glass-240g-2
2026-09-11,437317,Kopiko Coffee Candy 175gm( Indonesia),175 g,175.0,g,540.0,550.0,1.82,JKT01254,MS J.K TRADING,chocolate-candy,chocolate-candy,22.0,0.0,https://othoba.com/kopiko-coffee-candy-175gm-indonesia-2
2026-09-11,437320,Maltesers Hot Chocolate 225g( Spain),225 g,225.0,g,683.0,700.0,2.43,JKT01257,MS J.K TRADING,chocolate-candy,chocolate-candy,21.0,0.0,https://othoba.com/maltesers-hot-chocolate-225g-spain-ms-jk-trading-437320
2026-09-11,437321,Kis Mint ASSORTED permen kiss Candy festive kaleng 150gr(Indonesia),,,,551.0,580.0,5.0,JKT01258,MS J.K TRADING,chocolate-candy,chocolate-candy,33.0,0.0,https://othoba.com/kis-mint-assorted-permen-kiss-candy-festive-kaleng-150grindonesia-ms-jk-trading-437321
2026-09-11,437322,Saporito Balsamic Vinegar of Modena - Cuka balsamik saus salad -500 ml,500 ml,500.0,ml,521.0,550.0,5.27,JKT01259,MS J.K TRADING,vinegars,vinegars,8.0,0.0,https://othoba.com/saporito-balsamic-vinegar-of-modena-cuka-balsamik-saus-salad-500-ml-2
2026-09-11,437323,Sis White Icing Sugar 500 gm(Singapore),500 g,500.0,g,284.0,300.0,5.33,JKT01260,MS J.K TRADING,daily-cooking,daily-cooking,34.0,0.0,https://othoba.com/sis-white-icing-sugar-500-gmsingapore-2
2026-09-11,437324,Mdh Kasoori Methi 25g (indian),25 g,25.0,g,106.0,120.0,11.67,JKT01261,MS J.K TRADING,spices,spices,33.0,0.0,https://othoba.com/mdh-kasoori-methi-25g-indian
2026-09-11,437328,Amul Pure Ghee 1L Tin,1 l,1.0,l,1947.0,2011.0,3.18,JKT01265,MS J.K TRADING,ghee-3,ghee-3,31.0,0.0,https://othoba.com/amul-pure-ghee-1l-tin
2026-09-11,437332,"Combo of Dark, Milk, Fruit N Nut Chocolate - 125 gm pack of 3",125 g,125.0,g,1285.0,1300.0,1.15,JKT01269,MS J.K TRADING,chocolate-candy,chocolate-candy,39.0,0.0,https://othoba.com/combo-of-dark-milk-fruit-n-nut-chocolate-125-gm-pack-of-3
2026-09-11,437336,Cadbury Chocolairs 60 Pcs Indian,60 pcs,60.0,pcs,230.0,250.0,8.0,JKT01273,MS J.K TRADING,chocolate-candy,chocolate-candy,20.0,0.0,https://othoba.com/cadbury-chocolairs-60-pcs-indian
2026-09-11,437338,Nestle Nido Fortified Full Cream Milk Powder Pack - 2500g (UAE),2500 g,2500.0,g,3650.0,3769.0,3.16,JKT01275,MS J.K TRADING,milk-3,milk-3,34.0,0.0,https://othoba.com/nestle-nido-fortified-full-cream-milk-powder-pack-2500g-uae
2026-09-11,437342,amul Milk Chocolate-125gm,125 g,125.0,g,386.0,400.0,3.5,JKT01279,MS J.K TRADING,chocolate-candy,chocolate-candy,35.0,0.0,https://othoba.com/amul-milk-chocolate-125gm
2026-09-11,437344,"Amul Fruit N Nut Dark Chocolate, 150Gm",150 g,150.0,g,428.0,440.0,2.73,JKT01281,MS J.K TRADING,chocolate-candy,chocolate-candy,13.0,0.0,https://othoba.com/amul-fruit-n-nut-dark-chocolate-150gm-4
2026-09-11,437349,"Amul Chocomini Chocolate, 250 Gm",250 g,250.0,g,1526.0,1550.0,1.55,JKT01286,MS J.K TRADING,chocolate-candy,chocolate-candy,34.0,0.0,https://othoba.com/amul-chocomini-chocolate-250-gm
2026-09-11,437354,Amul Dark Chocolate 125 gm,125 g,125.0,g,386.0,400.0,3.5,JKT01291,MS J.K TRADING,chocolate-candy,chocolate-candy,10.0,0.0,https://othoba.com/amul-dark-chocolate-125-gm
2026-09-11,437356,Dao Hao Maggi Oyster Sauce 350ml,350 ml,350.0,ml,224.0,250.0,10.4,JKT01293,MS J.K TRADING,sauces,sauces,47.0,0.0,https://othoba.com/dao-hao-maggi-oyster-sauce-350ml
2026-09-11,437360,Amul Special Premium Dairy Whitener Milk Powder 1 kg(indian),1 kg,1.0,kg,979.0,990.0,1.11,JKT01297,MS J.K TRADING,milk-3,milk-3,50.0,0.0,https://othoba.com/amul-special-premium-dairy-whitener-milk-powder-1-kgindian
2026-09-11,437373,YUMMY BISCOTTI 1pcs 60gm,60 g,60.0,g,347.0,350.0,0.86,JKT01309,MS J.K TRADING,biscuit-cookies,biscuit-cookies,42.0,0.0,https://othoba.com/yummy-biscotti-1pcs-60gm-2
2026-09-11,437377,Cadbry Choclairs Toffee Chocolate- 56 Piece India,56 pcs,56.0,pcs,214.0,230.0,6.96,JKT01313,MS J.K TRADING,chocolate-candy,chocolate-candy,49.0,0.0,https://othoba.com/cadbry-choclairs-toffee-chocolate-56-piece-india
2026-09-11,437378,Nestle NIDO Fortified Rich in Fiber Milk Powder 2500gm Pack-Dubai,2500 g,2500.0,g,3950.0,4158.0,5.0,JKT01314,MS J.K TRADING,milk-3,milk-3,10.0,0.0,https://othoba.com/nestle-nido-fortified-rich-in-fiber-milk-powder-2500gm-pack-dubai
2026-09-11,437386,Samyang Hot Chicken Flavor Ramen 2X Spicy Family Pack 700gm,700 g,700.0,g,758.0,790.0,4.05,JKT01322,MS J.K TRADING,noodles,noodles,9.0,0.0,https://othoba.com/samyang-hot-chicken-flavor-ramen-2x-spicy-family-pack-700gm-2
2026-09-11,437387,Samyang Buldak Extremely Spicy Hot Chicken Flavor Sauce 200g,200 g,200.0,g,657.0,680.0,3.38,JKT01323,MS J.K TRADING,sauces,sauces,13.0,0.0,https://othoba.com/samyang-buldak-extremely-spicy-hot-chicken-flavor-sauce-200g
2026-09-11,437396,Remia Dijon Mustardd Sauce -370 gm,370 g,370.0,g,595.0,600.0,0.83,JKT01332,MS J.K TRADING,sauces,sauces,46.0,0.0,https://othoba.com/remia-dijon-mustardd-sauce-370-gm-2
2026-09-11,437397,Cowhead Instant Milk Powder – Full Cream 2.5kg(New Zealand),2.5 kg,2.5,kg,4544.0,4600.0,1.22,JKT01333,MS J.K TRADING,milk-3,milk-3,16.0,0.0,https://othoba.com/cowhead-instant-milk-powder-full-cream-25kgnew-zealand-2
2026-09-11,437399,Butterscotch Emulsion/Paste /Flavour 35gm,35 g,35.0,g,101.0,135.0,25.19,JKT01335,MS J.K TRADING,food-additives,food-additives,26.0,0.0,https://othoba.com/butterscotch-emulsionpaste-flavour-35gm-2
2026-09-11,4374,PRAN Mustard Oil 1000ml,1000 ml,1000.0,ml,340.0,,,3500000019,Daily Shopping,daily-cooking,daily-cooking,,5.0,https://othoba.com/pran-mustard-oil-1000ml-3500000019
2026-09-11,437401,Blueberry  Pie Filling blueberry-595gm,595 g,595.0,g,2032.0,2098.0,3.15,JKT01337,MS J.K TRADING,dessert,dessert,37.0,0.0,https://othoba.com/blueberry-pie-filling-blueberry-595gm-2
2026-09-11,437402,Chef Le Fish Sauce 625ml,625 ml,625.0,ml,1443.0,1450.0,0.48,JKT01338,MS J.K TRADING,sauces,sauces,39.0,0.0,https://othoba.com/chef-le-fish-sauce-625ml-2
2026-09-11,437403,Chef Le Light Soy Sauce -500ml,500 ml,500.0,ml,338.0,355.0,4.79,JKT01339,MS J.K TRADING,sauces,sauces,55.0,0.0,https://othoba.com/chef-le-light-soy-sauce-500ml-2
2026-09-11,437404,Chef Le Dark Soya Sauce 500 ml,500 ml,500.0,ml,335.0,355.0,5.63,JKT01340,MS J.K TRADING,sauces,sauces,32.0,0.0,https://othoba.com/chef-le-dark-soya-sauce-500-ml-2
2026-09-11,437411,"NESTLE KITKAT, 3 Finger Wafer Bar –28.5g, Pack of 28 Units , 798g",798 g,798.0,g,1791.0,1800.0,0.5,JKT01347,MS J.K TRADING,chocolate-candy,chocolate-candy,34.0,0.0,https://othoba.com/nestle-kitkat-3-finger-wafer-bar-285g-pack-of-28-units-798g
2026-09-11,437412,Trident Bubble Gum Combo Pack Of 6,,,,765.0,800.0,4.38,JKT01348,MS J.K TRADING,chocolate-candy,chocolate-candy,39.0,0.0,https://othoba.com/trident-bubble-gum-combo-pack-of-6-2
2026-09-11,437413,Big Whole Snow Fungi Mushroom Dried Tremella for Dessert 50gm,50 g,50.0,g,493.0,500.0,1.4,JKT01349,MS J.K TRADING,dessert,dessert,27.0,0.0,https://othoba.com/big-whole-snow-fungi-mushroom-dried-tremella-for-dessert-50gm-2
2026-09-11,437414,Milk Soft Candy Sweetie Mixed Flavor-50g,50 g,50.0,g,258.0,300.0,14.0,JKT01350,MS J.K TRADING,chocolate-candy,chocolate-candy,52.0,0.0,https://othoba.com/milk-soft-candy-sweetie-mixed-flavor-50g-2
2026-09-11,437454,IMPERIAL SUNFLOWER OIL 5 litre-Turkey,5 l,5.0,l,2579.0,2580.0,0.04,JKT01389,MS J.K TRADING,daily-cooking,daily-cooking,13.0,0.0,https://othoba.com/imperial-sunflower-oil-5-litre-turkey-2
2026-09-11,437491,Clariss Sunflower Oil 5 Litre-Spain,5 l,5.0,l,2390.0,2400.0,0.42,JKT01426,MS J.K TRADING,daily-cooking,daily-cooking,56.0,0.0,https://othoba.com/clariss-sunflower-oil-5-litre-spain-2
2026-09-11,4375,Treat Chocolate Bar,,,,10.0,,,5500000420,Daily Shopping,chocolate-candy,chocolate-candy,,5.0,https://othoba.com/treat-chocolate-bar
2026-09-11,437627,"Heinz  Cereal, Banana Oat Porridge (7m+) - 220g",220 g,220.0,g,1402.0,1580.0,11.27,JKT01562,MS J.K TRADING,cereal,cereal,39.0,0.0,https://othoba.com/heinz-cereal-banana-oat-porridge-7m-220g
2026-09-11,437630,Peanut Crisp Candy Snack 35 Pices X 1 Pack (barmis),1 pack,1.0,pack,390.0,395.0,1.27,JKT01565,MS J.K TRADING,chocolate-candy,chocolate-candy,8.0,0.0,https://othoba.com/peanut-crisp-candy-snack-35-pices-x-1-pack-barmis-2
2026-09-11,437631,Heinz Summer Fruit Porridge  220g,220 g,220.0,g,1452.0,1580.0,8.1,JKT01566,MS J.K TRADING,cereal,cereal,45.0,0.0,https://othoba.com/heinz-summer-fruit-porridge-220g-2
2026-09-11,437638,"OATEO Instant Oats pouch, 1kg ( Sri Lanka)100% Wholegrain Oats: Naturally Gluten Free",1 kg,1.0,kg,736.0,780.0,5.64,JKT01573,MS J.K TRADING,cereal,cereal,36.0,0.0,https://othoba.com/oateo-instant-oats-pouch-1kg-sri-lanka100-wholegrain-oats-naturally-gluten-free
2026-09-11,4377,PRAN Tomato  Sauce- 340gm,340 g,340.0,g,88.0,,,5000000202,Daily Shopping,sauces,sauces,,0.0,https://othoba.com/pran-tomato-sauce-340gm-5000000202
2026-09-11,4378,PRAN Mega Lollipop 12 pcs,12 pcs,12.0,pcs,80.0,100.0,20.0,5500000449,Daily Shopping,chocolate-candy,chocolate-candy,,5.0,https://othoba.com/pran-mega-lollipop-12pcs
2026-09-11,4379,Buddy Chocolate Wafer 12gm,12 g,12.0,g,5.0,,,5500000654,Daily Shopping,chocolate-candy,chocolate-candy,,0.0,https://othoba.com/buddy-chocolate-wafer-12gm-5500000654
2026-09-11,4380,PRAN Chocolla Bread Spread Chocolate 320g,320 g,320.0,g,180.0,,,5500000757,Daily Shopping,chocolate-candy,chocolate-candy,,0.0,https://othoba.com/pran-chocolla-bread-spread-chocolate-320g-5500000757
2026-09-11,4382,Pran 2in1 Éclair Heart Shape 163pcs Box,163 pcs,163.0,pcs,350.0,,,5500000570,Daily Shopping,chocolate-candy,chocolate-candy,,0.0,https://othoba.com/pran-2in1-%C3%A9clair-heart-shape-163pcs-box-5500000570
2026-09-11,43820,Duck (হাঁস) Per Piece 1kg+,1 kg,1.0,kg,944.0,,,DSP01056,Daily Shopping,meat-fish,meat-fish,,5.0,https://othoba.com/duck-per-piece-70063
2026-09-11,43821,Jhatpot Plain Paratha 1600gm,1600 g,1600.0,g,370.0,,,DSP01057,Daily Shopping,bakery-breakfast,bakery-breakfast,,4.5,https://othoba.com/jhatpot-plain-paratha-1600gm-5500001584
2026-09-11,4384,PRAN Coffee Candy 35pcs Pouch 140gm,140 g,140.0,g,120.0,,,5500000568,Daily Shopping,chocolate-candy,chocolate-candy,,5.0,https://othoba.com/pran-coffee-candy-35pcs-pouch-140gm
2026-09-11,4385,PRAN 2in1 Éclair 25pcs PVC Jar Chocolate Box,25 pcs,25.0,pcs,81.0,,,5500000754,Daily Shopping,chocolate-candy,chocolate-candy,,0.0,https://othoba.com/pran-2in1-%C3%A9clair-25pcs-pvc-jar-chocolate-box-5500000754
2026-09-11,438852,Farm Egg 30pcs Combo - Only for Rajshahi,30 pcs,30.0,pcs,300.0,,,DSP004761,Daily Shopping,eggs,eggs,,0.0,https://othoba.com/farm-egg-30pcs-combo-only-for-rajshahi
2026-09-11,4389,PRAN Tomato Ketchup - 340gm,340 g,340.0,g,130.0,,,5000000029,Daily Shopping,sauces,sauces,,5.0,https://othoba.com/pran-tomato-ketchup-340gm-5000000029
2026-09-11,4400,PRAN Potato Cracker 25gm,25 g,25.0,g,10.0,,,5500000039,Daily Shopping,chips,chips,,0.0,https://othoba.com/pran-potato-cracker-25gm-5500000039
2026-09-11,44011,Mithai Gulab Jamun 1kg,1 kg,1.0,kg,468.0,520.0,10.0,TST00119,Mithai,sweetmeat,sweetmeat,,5.0,https://othoba.com/mithai-gulab-jamun-1kg-45012
2026-09-11,4405,PRAN Hot TS Plastic Jar-1000gm,1000 g,1000.0,g,310.0,,,5000000016,Daily Shopping,sauces,sauces,,5.0,https://othoba.com/pran-hot-ts-plastic-jar-1000gm-12pcs-5000000016
2026-09-11,4409,PRAN Hot Tomato Sauce 1000gm,1000 g,1000.0,g,320.0,,,5000000034,Daily Shopping,sauces,sauces,,5.0,https://othoba.com/pran-hot-tomato-sauce-1000gm-5000000034
2026-09-11,4410,PRAN Green Chilli Sauce,,,,65.0,60.0,,5000000059,Daily Shopping,sauces,sauces,,0.0,https://othoba.com/pran-green-chilli-sauce-5000000059
2026-09-11,4411,Canton Chicken Corn Soup Combo Box,,,,140.0,,,5500000836,Daily Shopping,soup-2,soup-2,,0.0,https://othoba.com/canton-chicken-corn-soup-combo-box-5500000836
2026-09-11,4414,Pran Soya Sauce 285ml,285 ml,285.0,ml,95.0,,,5000000188,Daily Shopping,sauces,sauces,,5.0,https://othoba.com/pran-soya-sauce-300ml-5000000188
2026-09-11,4415,PRAN Snacker Potato Classic Masala Chips 22g,22 g,22.0,g,15.0,,,5500000623,Daily Shopping,chips,chips,,0.0,https://othoba.com/pran-snacker-potato-classic-masala-chips-22g-5500000623
2026-09-11,4416,PRAN Snacker Potato Mexican Tomato Chips 22g,22 g,22.0,g,15.0,,,5500000746,Daily Shopping,chips,chips,,0.0,https://othoba.com/pran-snacker-potato-mexican-tomato-chips-22g-5500000746
2026-09-11,4417,PRAN Tom Tom Crackers 30gm,30 g,30.0,g,10.0,,,5500000043,Daily Shopping,chips,chips,,5.0,https://othoba.com/pran-tom-tom-crackers-30gm-5500000043
2026-09-11,4418,Canton Soup,,,,35.0,,,5500000341,Daily Shopping,soup-2,soup-2,,0.0,https://othoba.com/pran-canton-soup-5500000341
2026-09-11,4420,PRAN Chili Sauce 340gm,340 g,340.0,g,150.0,,,5000000036,Daily Shopping,sauces,sauces,,5.0,https://othoba.com/pran-chili-sauce-340gm-5000000036
2026-09-11,442447,PRAN PAPA Chips Maxican BBQ Flavour 21 gm,21 g,21.0,g,20.0,,,DSP004763,Daily Shopping,chips,chips,,0.0,https://othoba.com/pran-papa-chips-maxican-bbq-flavour-21-gm
2026-09-11,4435,PRAN Milk Man Choco. Flav. Milk 200ml,200 ml,200.0,ml,25.0,,,4000000149,Daily Shopping,milk-3,milk-3,,0.0,https://othoba.com/pran-milk-man-choco-flav-milk-200ml-4000000149
2026-09-11,4437,PRAN Mk Milkman Mango Milk Combi 200 ml,200 ml,200.0,ml,25.0,,,4000000012,Daily Shopping,liquid-milk,liquid-milk,,0.0,https://othoba.com/pran-mk-milkman-mango-milk-combi-200-ml-4000000012
2026-09-11,452184,Fresh Moo Flavored Yogurt Drink 3 Pcs Combo (Export Quality),3 pcs,3.0,pcs,30.0,,,OEX00332,Othoba Exclusive,yogurt,yogurt,,5.0,https://othoba.com/fresh-moo-lacchi-3-pcs-combo
2026-09-11,45857,Daily Shopping Mung Dal 1kg,1 kg,1.0,kg,178.0,,,DSP01065,Daily Shopping,daily-cooking,daily-cooking,,5.0,https://othoba.com/mung-dal-1kg-35121
2026-09-11,45858,Daily Shopping Mash Kolai Dal,,,,198.0,,,DSP01066,Daily Shopping,daily-cooking,daily-cooking,,5.0,https://othoba.com/mash-kolai-dal-1kg-35139
2026-09-11,45861,Diamond Potato New,,,,22.0,24.0,8.33,DSP01067,Daily Shopping,fruits-vegetable,fruits-vegetable,,4.6,https://othoba.com/diamond-potato-new-5
2026-09-11,45869,Moha Shoil Fish(মহা শৈল মাছ)  4 kg (100gm±) Per Pc Before Cutting,100 g,100.0,g,1848.0,,,DSP01070,Daily Shopping,meat-fish,meat-fish,,5.0,https://othoba.com/moha-shoil-fish-4kg-per-pcs-70125
2026-09-11,45879,Taki Fish (টাকি মাছ) 1kg,1 kg,1.0,kg,518.0,,,DSP01072,Daily Shopping,meat-fish,meat-fish,,5.0,https://othoba.com/taki-fish-1kg-70142
2026-09-11,45885,kobutor (কবুতর) 150gm+ Per pcs,150 g,150.0,g,180.0,,,DSP01073,Daily Shopping,meat-fish,meat-fish,,5.0,https://othoba.com/kobutor-150gm-per-pcs-70104
2026-09-11,45891,koyel (কোয়েল) 40gm+ Per pcs,40 g,40.0,g,60.0,,,DSP01075,Daily Shopping,meat-fish,meat-fish,,5.0,https://othoba.com/koyel-40gm-per-pcs-70140
2026-09-11,45894,kalabaush Fish (কালিবাউস মাছ) 1.3 kg (50gm±) Per Pc Before Cutting,50 g,50.0,g,567.0,,,DSP01076,Daily Shopping,meat-fish,meat-fish,,5.0,https://othoba.com/kalabaush-fish-1kg-per-pcs-70146
2026-09-11,461242,PRAN THAI Soup 25gm,25 g,25.0,g,50.0,,,DSP004764,Daily Shopping,soup-2,soup-2,,0.0,https://othoba.com/pran-thai-soup-25gm
2026-09-11,461244,PRAN Cream of Mushroom Soup 25gm,25 g,25.0,g,50.0,,,DSP004765,Daily Shopping,soup-2,soup-2,,0.0,https://othoba.com/pran-cream-of-mushroom-soup-25gm
2026-09-11,462478,Noi Salted Peanuts - 110g,110 g,110.0,g,334.0,352.0,5.11,GOS00444,Goalok Online Shopping,daily-cooking,daily-cooking,30.0,0.0,https://othoba.com/noi-salted-peanuts-110g-goalok-online-shopping-462478
2026-09-11,462502,2x Spicy Ramen Noodles 1 pc,1 pcs,1.0,pcs,222.0,235.0,5.53,GOS00468,Goalok Online Shopping,noodles,noodles,20.0,0.0,https://othoba.com/2x-spicy-ramen-noodles-1-pc-goalok-online-shopping-462502
2026-09-11,462505,"3x Spicy Ramen Noodles, Imported From Korea",,,,244.0,258.0,5.43,GOS00471,Goalok Online Shopping,noodles,noodles,35.0,0.0,https://othoba.com/3x-spicy-ramen-noodles-imported-from-korea-goalok-online-shopping-462505
2026-09-11,462508,"6 Flavor Ramen Noodles, Six Flavor Ramen Noodles 3x Spicy Ramen, 2x Spicy Ramen, Hot Chicken Ramen, Ramen CARBONARA, Hot Chicken Cheese, jjajang ramen 6 pice",,,,1329.0,1399.0,5.0,GOS00474,Goalok Online Shopping,noodles,noodles,33.0,0.0,https://othoba.com/6-flavor-ramen-noodles-six-flavor-ramen-noodles-3x-spicy-ramen-2x-spicy-ramen-hot-chicken-ramen-ramen-carbonara-hot-chicken-cheese-jjajang-ramen-6-pice-goalok-online-shopping-462508
2026-09-11,462520,Healthy Breakfast Oats 900gm,900 g,900.0,g,770.0,811.0,5.06,GOS00486,Goalok Online Shopping,cereal,cereal,44.0,0.0,https://othoba.com/healthy-breakfast-oats-900gm-goalok-online-shopping-462520
2026-09-11,462530,"Ajwa Khejur, Dates Jumbo Size / Ajwa Khejur-500 Gm (Saudi Arabia)",500 g,500.0,g,825.0,870.0,5.17,GOS00496,Goalok Online Shopping,fruits-vegetable,fruits-vegetable,27.0,0.0,https://othoba.com/ajwa-khejur-dates-jumbo-size-ajwa-khejur-500-gm-saudi-arabia-goalok-online-shopping-462530
2026-09-11,462531,"Ajwa Khejur, Dates Jumbo Size / Ajwa Khejur-1kg (Saudi Arabia)",1 kg,1.0,kg,1451.0,1529.0,5.1,GOS00497,Goalok Online Shopping,fruits-vegetable,fruits-vegetable,11.0,0.0,https://othoba.com/ajwa-khejur-dates-jumbo-size-ajwa-khejur-1kg-saudi-arabia-goalok-online-shopping-462531
2026-09-11,462532,Premium Ajwa Dates/ Khejur 500g,500 g,500.0,g,815.0,858.0,5.01,GOS00498,Goalok Online Shopping,fruits-vegetable,fruits-vegetable,40.0,0.0,https://othoba.com/premium-ajwa-dates-khejur-500g-goalok-online-shopping-462532
2026-09-11,462533,Moriyom Khejur/ Masruk Dates 1Kg,1 kg,1.0,kg,1228.0,1293.0,5.03,GOS00499,Goalok Online Shopping,fruits-vegetable,fruits-vegetable,47.0,0.0,https://othoba.com/moriyom-khejur-masruk-dates-1kg-goalok-online-shopping-462533
2026-09-11,462534,Moriyom Khejur/ Masruk Dates 1Kg,1 kg,1.0,kg,892.0,940.0,5.11,GOS00500,Goalok Online Shopping,fruits-vegetable,fruits-vegetable,13.0,0.0,https://othoba.com/moriyom-khejur-masruk-dates-1kg-goalok-online-shopping-462534
2026-09-11,462543,Cowhead Baby Rolled Oats 500 gm,500 g,500.0,g,435.0,458.0,5.02,GOS00508,Goalok Online Shopping,cereal,cereal,9.0,0.0,https://othoba.com/cowhead-baby-rolled-oats-500-gm-goalok-online-shopping-462543
2026-09-11,462545,Al Islami Oats with Dates Bar - 200 gm,200 g,200.0,g,356.0,376.0,5.32,GOS00510,Goalok Online Shopping,cereal,cereal,55.0,0.0,https://othoba.com/al-islami-oats-with-dates-bar-200-gm-goalok-online-shopping-462545
2026-09-11,462583,Dr Gram Himalayan Rock Salt 500 gm,500 g,500.0,g,892.0,940.0,5.11,GOS00548,Goalok Online Shopping,daily-cooking,daily-cooking,13.0,0.0,https://othoba.com/dr-gram-himalayan-rock-salt-500-gm-goalok-online-shopping-462583
2026-09-11,462584,Dr Gram Himalayan Pink Crystal Rock Salt-500gm,500 g,500.0,g,892.0,940.0,5.11,GOS00549,Goalok Online Shopping,daily-cooking,daily-cooking,32.0,0.0,https://othoba.com/dr-gram-himalayan-pink-crystal-rock-salt-500gm-goalok-online-shopping-462584
2026-09-11,462586,Quaker White Oats - 500G,500 g,500.0,g,557.0,588.0,5.27,GOS00551,Goalok Online Shopping,cereal,cereal,37.0,0.0,https://othoba.com/quaker-white-oats-500g-goalok-online-shopping-462586
2026-09-11,462592,SIS Icing Sugar 500gm,500 g,500.0,g,781.0,823.0,5.1,GOS00557,Goalok Online Shopping,daily-cooking,daily-cooking,53.0,0.0,https://othoba.com/sis-icing-sugar-500gm-goalok-online-shopping-462592
2026-09-11,462609,Cheese Cup Noodles ramen 70gm - Korea,70 g,70.0,g,244.0,258.0,5.43,GOS00574,Goalok Online Shopping,noodles,noodles,37.0,0.0,https://othoba.com/cheese-cup-noodles-ramen-70gm-korea-goalok-online-shopping-462609
2026-09-11,462610,Hot Chicken Cup Noodles ramen 70Gm - Korea,70 g,70.0,g,244.0,258.0,5.43,GOS00575,Goalok Online Shopping,noodles,noodles,24.0,0.0,https://othoba.com/hot-chicken-cup-noodles-ramen-70gm-korea-goalok-online-shopping-462610
2026-09-11,462615,Healthy Breakfast Oats - 500gm,500 g,500.0,g,445.0,470.0,5.32,GOS00579,Goalok Online Shopping,cereal,cereal,55.0,0.0,https://othoba.com/healthy-breakfast-oats-500gm-goalok-online-shopping-462615
2026-09-11,462618,Quaker Whole Oats 1Kg - UAE,1 kg,1.0,kg,892.0,940.0,5.11,GOS00582,Goalok Online Shopping,cereal,cereal,27.0,0.0,https://othoba.com/quaker-whole-oats-1kg-uae-goalok-online-shopping-462618
2026-09-11,462619,Quaker Whole Oats 1Kg - Dubai,1 kg,1.0,kg,1004.0,1058.0,5.1,GOS00583,Goalok Online Shopping,cereal,cereal,41.0,0.0,https://othoba.com/quaker-whole-oats-1kg-dubai-goalok-online-shopping-462619
2026-09-11,462634,Buldak Carbonara Hot Chicken Flavor Sauce 200g,200 g,200.0,g,669.0,705.0,5.11,GOS00598,Goalok Online Shopping,sauces,sauces,15.0,0.0,https://othoba.com/buldak-carbonara-hot-chicken-flavor-sauce-200g-goalok-online-shopping-462634
2026-09-11,462635,buldak highly spicy-red sauce 200ml-Korea,200 ml,200.0,ml,669.0,705.0,5.11,GOS00599,Goalok Online Shopping,sauces,sauces,56.0,0.0,https://othoba.com/buldak-highly-spicy-red-sauce-200ml-korea-goalok-online-shopping-462635
2026-09-11,462636,Buldak - Black Sauce 200ml Korea,200 ml,200.0,ml,669.0,705.0,5.11,GOS00600,Goalok Online Shopping,sauces,sauces,48.0,0.0,https://othoba.com/buldak-black-sauce-200ml-korea-goalok-online-shopping-462636
2026-09-11,462637,Hot spicy Black en flavor sauce 200g,200 g,200.0,g,669.0,705.0,5.11,GOS00601,Goalok Online Shopping,sauces,sauces,18.0,0.0,https://othoba.com/hot-spicy-black-en-flavor-sauce-200g-goalok-online-shopping-462637
2026-09-11,462638,Buldak Carbonara-Pink Sauce 200Ml-Korea,200 ml,200.0,ml,669.0,705.0,5.11,GOS00602,Goalok Online Shopping,sauces,sauces,43.0,0.0,https://othoba.com/buldak-carbonara-pink-sauce-200ml-korea-goalok-online-shopping-462638
2026-09-11,462640,Buldak Extremely Spicy Sauce - Red,,,,669.0,705.0,5.11,GOS00604,Goalok Online Shopping,sauces,sauces,51.0,0.0,https://othoba.com/buldak-extremely-spicy-sauce-red-goalok-online-shopping-462640
2026-09-11,462662,Nongshim Shin Ramyun Noodle Soup Mee Soup - 5 In 1 Pack - Ramen Noodles,1 pack,1.0,pack,1062.0,1118.0,5.01,GOS00626,Goalok Online Shopping,noodles,noodles,15.0,0.0,https://othoba.com/nongshim-shin-ramyun-noodle-soup-mee-soup-5-in-1-pack-ramen-noodles-goalok-online-shopping-462662
2026-09-11,462663,"Sam_yang Ramen Noodles, 1 X 120 Gm",120 g,120.0,g,222.0,235.0,5.53,GOS00627,Goalok Online Shopping,noodles,noodles,37.0,0.0,https://othoba.com/sam_yang-ramen-noodles-1-x-120-gm-goalok-online-shopping-462663
2026-09-11,462668,"Samy_ang Ramen Noodles, 5 X 120 Gm",120 g,120.0,g,825.0,870.0,5.17,GOS00632,Goalok Online Shopping,noodles,noodles,55.0,0.0,https://othoba.com/samy_ang-ramen-noodles-5-x-120-gm-goalok-online-shopping-462668
2026-09-11,462737,2X Hot Chicken Cup Noodles ramen 70Gm - Korea,70 g,70.0,g,278.0,293.0,5.12,GOS00701,Goalok Online Shopping,noodles,noodles,52.0,0.0,https://othoba.com/2x-hot-chicken-cup-noodles-ramen-70gm-korea-goalok-online-shopping-462737
2026-09-11,462741,Premium Quality Saudi Amber Dates/Khejur - 500gm,500 g,500.0,g,781.0,823.0,5.1,GOS00705,Goalok Online Shopping,fruits-vegetable,fruits-vegetable,15.0,0.0,https://othoba.com/premium-quality-saudi-amber-dateskhejur-500gm-goalok-online-shopping-462741
2026-09-11,462749,Shin Cup Chicken Noodles ramen 68Gm - Korea,68 g,68.0,g,200.0,211.0,5.21,GOS00713,Goalok Online Shopping,noodles,noodles,44.0,0.0,https://othoba.com/shin-cup-chicken-noodles-ramen-68gm-korea-goalok-online-shopping-462749
2026-09-11,462750,Nongshim shin cup ramyun - 68 gm Korean Gourmet cup ramen noodles,68 g,68.0,g,222.0,235.0,5.53,GOS00714,Goalok Online Shopping,noodles,noodles,51.0,0.0,https://othoba.com/nongshim-shin-cup-ramyun-68-gm-korean-gourmet-cup-ramen-noodles-goalok-online-shopping-462750
2026-09-11,462752,Hot Chicken Ramen Carba cup noodles 80gm,80 g,80.0,g,244.0,258.0,5.43,GOS00716,Goalok Online Shopping,noodles,noodles,45.0,0.0,https://othoba.com/hot-chicken-ramen-carba-cup-noodles-80gm-goalok-online-shopping-462752
2026-09-11,462753,Hot Chicken Ramen Carba cup noodles 80gm,80 g,80.0,g,244.0,258.0,5.43,GOS00717,Goalok Online Shopping,noodles,noodles,53.0,0.0,https://othoba.com/hot-chicken-ramen-carba-cup-noodles-80gm-goalok-online-shopping-462753
2026-09-11,462756,Zahidi khejur -1kg,1 kg,1.0,kg,401.0,423.0,5.2,GOS00719,Goalok Online Shopping,fruits-vegetable,fruits-vegetable,17.0,0.0,https://othoba.com/zahidi-khejur-1kg-goalok-online-shopping-462756
2026-09-11,462757,Zahidi khejur 2kg,2 kg,2.0,kg,781.0,823.0,5.1,GOS00720,Goalok Online Shopping,fruits-vegetable,fruits-vegetable,26.0,0.0,https://othoba.com/zahidi-khejur-2kg-goalok-online-shopping-462757
2026-09-11,462777,2x Spicy Ramen Noodles 1 pc,1 pcs,1.0,pcs,222.0,235.0,5.53,GOS00740,Goalok Online Shopping,noodles,noodles,43.0,0.0,https://othoba.com/2x-spicy-ramen-noodles-1-pc-goalok-online-shopping-462777
2026-09-11,462780,2x Spicy Ramen Noodles 1 pc,1 pcs,1.0,pcs,222.0,235.0,5.53,GOS00743,Goalok Online Shopping,noodles,noodles,19.0,0.0,https://othoba.com/2x-spicy-ramen-noodles-1-pc-goalok-online-shopping-462780
2026-09-11,462790,"6 Flavor Ramen Noodles, Six Flavor Ramen Noodles 3x Spicy Ramen, 2x Spicy Ramen, Hot Chicken Ramen, Ramen CARBONARA, Hot Chicken Cheese, jjajang ramen 6 pice",,,,1228.0,1293.0,5.03,GOS00753,Goalok Online Shopping,noodles,noodles,15.0,0.0,https://othoba.com/6-flavor-ramen-noodles-six-flavor-ramen-noodles-3x-spicy-ramen-2x-spicy-ramen-hot-chicken-ramen-ramen-carbonara-hot-chicken-cheese-jjajang-ramen-6-pice-goalok-online-shopping-462790
2026-09-11,462793,Vit's Chicken Flavour Instant Noodles 78g - Pack of 5 (390g) | Imported Malaysian Noodles | Korean Spicy Noodles | Original Chicken Flavour,390 g,390.0,g,485.0,512.0,5.27,GOS00756,Goalok Online Shopping,noodles,noodles,38.0,0.0,https://othoba.com/vits-chicken-flavour-instant-noodles-78g-pack-of-5-390g-imported-malaysian-noodles-korean-spicy-noodles-original-chicken-flavour-goalok-online-shopping-462793
2026-09-11,462795,Vit's Instant Noodles Duck Flavour 78g - Pack of 5 (390g) | Imported Malaysian Noodles | Spicy Korean Noodles | Original Duck Flavour,390 g,390.0,g,485.0,512.0,5.27,GOS00758,Goalok Online Shopping,noodles,noodles,20.0,0.0,https://othoba.com/vits-instant-noodles-duck-flavour-78g-pack-of-5-390g-imported-malaysian-noodles-spicy-korean-noodles-original-duck-flavour-goalok-online-shopping-462795
2026-09-11,462796,Vit's Instant Noodles Tom Yam Flavour (78gm x 5 packets),78 g,78.0,g,485.0,512.0,5.27,GOS00759,Goalok Online Shopping,noodles,noodles,52.0,0.0,https://othoba.com/vits-instant-noodles-tom-yam-flavour-78gm-x-5-packets-goalok-online-shopping-462796
2026-09-11,462799,Vit’s Seafood Instant Noodles। Spicy Ramen Noodles,,,,485.0,512.0,5.27,GOS00762,Goalok Online Shopping,noodles,noodles,12.0,0.0,https://othoba.com/vits-seafood-instant-noodles-spicy-ramen-noodles-goalok-online-shopping-462799
2026-09-11,462809,Cowhead Baby Rolled Oats 500 gm,500 g,500.0,g,445.0,470.0,5.32,GOS00772,Goalok Online Shopping,cereal,cereal,47.0,0.0,https://othoba.com/cowhead-baby-rolled-oats-500-gm-goalok-online-shopping-462809
2026-09-11,462834,Organic Instant Baby Oats 500g (Australia),500 g,500.0,g,591.0,623.0,5.14,GOS00797,Goalok Online Shopping,cereal,cereal,38.0,0.0,https://othoba.com/organic-instant-baby-oats-500g-australia-goalok-online-shopping-462834
2026-09-11,462840,Zahidi khejur 1kg,1 kg,1.0,kg,329.0,348.0,5.46,GOS00803,Goalok Online Shopping,fruits-vegetable,fruits-vegetable,27.0,0.0,https://othoba.com/zahidi-khejur-1kg-goalok-online-shopping-462840
2026-09-11,46572,Khejur Gur per Kg (খেজুরের গুড়),,,,280.0,,,DSP01078,Daily Shopping,daily-cooking,daily-cooking,,5.0,https://othoba.com/khejur-gur-per-kg-55546
2026-09-11,4667,Toast-350gm (6 x1)Pack,350 g,350.0,g,70.0,,,DS32416,Daily Shopping,biscuit-cookies,biscuit-cookies,,0.0,https://othoba.com/toast-350gm-6-x1pack-32416
2026-09-11,4671,PRAN Bs Champion Chocolate Coated Biscuit,,,,10.0,,,DS32489,Daily Shopping,biscuit-cookies,biscuit-cookies,,0.0,https://othoba.com/pran-bs-champion-chocolate-coated-biscuit-32489
2026-09-11,4673,PRAN Bisk Club Stick Biscuit 60gm,60 g,60.0,g,15.0,,,DS32444,Daily Shopping,biscuit-cookies,biscuit-cookies,,0.0,https://othoba.com/pran-bisk-club-stick-biscuit-60gm-32444
2026-09-11,4675,PRAN Bs Pineapple Cream Biscuit 12pcs ctn,12 pcs,12.0,pcs,12.0,,,DS32417,Daily Shopping,biscuit-cookies,biscuit-cookies,,0.0,https://othoba.com/pran-bs-pineapple-cream-biscuit-12pcs-ctn-32417
2026-09-11,467652,All Time Cream Filled Cup Cake Chocolate,,,,10.0,,,DSP004768,Daily Shopping,bakery-snacks,bakery-snacks,,0.0,https://othoba.com/all-time-cream-filled-cup-cake-chocolate
2026-09-11,467654,All Time Cream Filled Cup Cake Vanilla,,,,10.0,,,DSP004769,Daily Shopping,bakery-snacks,bakery-snacks,,0.0,https://othoba.com/all-time-cream-filled-cup-cake-vanilla
2026-09-11,4678,PRAN Bs Europa Strawberry cream biscuit,,,,20.0,,,DS32408,Daily Shopping,biscuit-cookies,biscuit-cookies,,0.0,https://othoba.com/pran-bs-europa-strawberry-cream-biscuit-32408
2026-09-11,46786,Bisk Club Fit Milk Crackers,,,,35.0,,,DSP01079,Daily Shopping,biscuit-cookies,biscuit-cookies,,5.0,https://othoba.com/bisk-club-fit-milk-crackers-5500000099
2026-09-11,46789,PRAN Fit Crackers (Pizza) 40gm,40 g,40.0,g,20.0,,,DSP01080,Daily Shopping,biscuit-cookies,biscuit-cookies,,5.0,https://othoba.com/bisk-club-fit-crackers-masala-small-5500000098
2026-09-11,46795,PRAN Bisk Club Strawberry Cream Biscuit 50gm,50 g,50.0,g,10.0,,,DSP01081,Daily Shopping,biscuit-cookies,biscuit-cookies,,2.9,https://othoba.com/bisk-club-strawberry-cream-biscuit-5500001240
2026-09-11,46797,PRAN Bisk Club Chocolate Cream Biscuit 50gm,50 g,50.0,g,10.0,,,DSP01082,Daily Shopping,biscuit-cookies,biscuit-cookies,,0.0,https://othoba.com/bisk-club-chocolate-cream-biscuit-5500001241
2026-09-11,46799,PRAN Bisk Club Orange Cream Biscuit 50gm,50 g,50.0,g,10.0,,,DSP01083,Daily Shopping,biscuit-cookies,biscuit-cookies,,5.0,https://othoba.com/bisk-club-orange-cream-biscuit-5500001242
2026-09-11,4680,PRAN Potata Biscuit 160(+/-)5gm,5 g,5.0,g,50.0,,,DS32691,Daily Shopping,biscuit-cookies,biscuit-cookies,,0.0,https://othoba.com/pran-potata-biscuit-160-5gm-32691
2026-09-11,46801,Bisk Club Cashew Nut Biscuit,,,,15.0,,,DSP01084,Daily Shopping,biscuit-cookies,biscuit-cookies,,5.0,https://othoba.com/bisk-club-cashew-nut-biscuit-5500001247
2026-09-11,46802,Bisk Club Shero Biscuit,,,,30.0,,,DSP01085,Daily Shopping,biscuit-cookies,biscuit-cookies,,5.0,https://othoba.com/bisk-club-shero-biscuit-5500001250
2026-09-11,46804,PRAN Bisk Club Lexus Vegetable Biscuit 192gm,192 g,192.0,g,100.0,,,DSP01086,Daily Shopping,biscuit-cookies,biscuit-cookies,,5.0,https://othoba.com/bisk-club-lexus-biscuit-5500001251
2026-09-11,46805,Bisk Club Butter Delight Biscuit,,,,15.0,,,DSP01087,Daily Shopping,biscuit-cookies,biscuit-cookies,,0.0,https://othoba.com/bisk-club-butter-delight-biscuit-5500001487
2026-09-11,46807,Bisk Club Butter Delight Family Pack Biscuit,,,,50.0,,,DSP01088,Daily Shopping,biscuit-cookies,biscuit-cookies,,5.0,https://othoba.com/bisk-club-butter-delight-family-pack-biscuit-5500001488
2026-09-11,4681,PRAN Bs Europa Orange cream biscuit 24pcs,24 pcs,24.0,pcs,20.0,,,DS32406,Daily Shopping,biscuit-cookies,biscuit-cookies,,0.0,https://othoba.com/pran-bs-europa-orange-cream-biscuit-24pcs-32406
2026-09-11,4682,Bisk Club Fit Crackers (Pizza) Small,,,,15.0,,,DS32492,Daily Shopping,biscuit-cookies,biscuit-cookies,,0.0,https://othoba.com/bisk-club-fit-crackers-pizza-small-ds32492
2026-09-11,4683,Bisk Club Fit Milk Crackers (Small Pack),,,,15.0,,,DS32485,Daily Shopping,biscuit-cookies,biscuit-cookies,,0.0,https://othoba.com/bisk-club-fit-milk-crackers-small-pack-32485
2026-09-11,4686,PRAN Ts Sweet Toast 200 gm,200 g,200.0,g,35.0,,,DS32470,Daily Shopping,biscuit-cookies,biscuit-cookies,,0.0,https://othoba.com/pran-ts-sweet-toast-200-gm-32470
2026-09-11,4688,PRAN Bisk Club Fruit Fun Pineapple Biscuit 16gm,16 g,16.0,g,7.0,,,DS32697,Daily Shopping,biscuit-cookies,biscuit-cookies,,5.0,https://othoba.com/bisk-club-fruit-fun-3-pair-pineapple-32697
2026-09-11,4690,Bisk Club Fun Crack Biscuits 65gm,65 g,65.0,g,10.0,,,DS32695,Daily Shopping,biscuit-cookies,biscuit-cookies,,5.0,https://othoba.com/bisk-club-fun-crack-biscuits-65gm-32695
2026-09-11,4691,Wonder Custard Cake Vanilla 25gm,25 g,25.0,g,10.0,,,DS32089,Daily Shopping,biscuit-cookies,biscuit-cookies,,0.0,https://othoba.com/wonder-custard-cake-vanilla-25gm-32089
2026-09-11,4693,Bisk Club dry Cake (350 gm),350 g,350.0,g,120.0,,,DS32433,Daily Shopping,biscuit-cookies,biscuit-cookies,,0.0,https://othoba.com/bisk-club-dry-cake-350-gm-32433
2026-09-11,479468,PRAN PAPA Chips Maxican BBQ Flavour 21 gm (10 pcs combo ),10 pcs,10.0,pcs,200.0,,,DSP04841,Daily Shopping,chips,chips,,0.0,https://othoba.com/pran-papa-chips-maxican-bbq-flavour-21-gm-combo
2026-09-11,48548,Kenu Orange 1kg,1 kg,1.0,kg,300.0,,,DSP01089,Daily Shopping,fruits-vegetable,fruits-vegetable,,5.0,https://othoba.com/kenu-orange-1kg-65044
2026-09-11,48684,Bisk Club Cashew Nut Family Pack,,,,40.0,,,DSP01090,Daily Shopping,biscuit-cookies,biscuit-cookies,,5.0,https://othoba.com/bisk-club-cashew-nut-family-pack-5500001686
2026-09-11,48685,PRAN Bisco Dry Cake 30gm 2pcs,2 pcs,2.0,pcs,10.0,,,DSP01091,Daily Shopping,biscuit-cookies,biscuit-cookies,,0.0,https://othoba.com/bisk-club-dry-cake-30-gm-5500000769
2026-09-11,4901,PRAN Fruit Magic 18pcs pouch,18 pcs,18.0,pcs,36.0,,,5500000007,Daily Shopping,bakery-breakfast,bakery-breakfast,,0.0,https://othoba.com/pran-fruit-magic-18pcs-pouch-5500000007
2026-09-11,490238,Quench Tasty Salt 18-gm minipack 5 psc,,,,43.0,50.0,14.0,GNP93477,M/S Greenpack,daily-cooking,daily-cooking,26.0,0.0,https://othoba.com/quench-tasty-salt-18-gm-minipack-5-psc-ms-greenpack-490238
2026-09-11,4903,PRAN Orange Jelly 375gm,375 g,375.0,g,165.0,,,5500000026,Daily Shopping,bakery-breakfast,bakery-breakfast,,5.0,https://othoba.com/pran-orange-jelly-375gm-5500000026
2026-09-11,4904,PRAN Orange Jelly Premium 250gm,250 g,250.0,g,75.0,,,5500000571,Daily Shopping,bakery-breakfast,bakery-breakfast,,0.0,https://othoba.com/pran-orange-jelly-premium-250gm-5500000571
2026-09-11,4906,PRAN Orange Jelly 400gm Mug,400 g,400.0,g,195.0,,,5500000843,Daily Shopping,bakery-breakfast,bakery-breakfast,,0.0,https://othoba.com/pran-orange-jelly-400gm-mug-5500000843
2026-09-11,4908,PRAN Orange Jelly 1kg Jar,1 kg,1.0,kg,300.0,,,5500000622,Daily Shopping,bakery-breakfast,bakery-breakfast,,3.0,https://othoba.com/pran-orange-jelly-1kg-jar-5500000622
2026-09-11,495246,Pink Salt Powder ( পিংক সল্ট গুড়া ) 200gm,200 g,200.0,g,114.0,120.0,5.0,VJA56212,VesojE Agro,daily-cooking,daily-cooking,32.0,0.0,https://othoba.com/pink-salt-powder-%E0%A6%AA%E0%A6%95-%E0%A6%B8%E0%A6%B2%E0%A6%9F-%E0%A6%97%E0%A6%A1-200gm-vesoje-agro-495246
2026-09-11,495247,Pink Salt Powder ( পিংক সল্ট গুড়া ) 500gm,500 g,500.0,g,238.0,250.0,4.8,VJA33821,VesojE Agro,daily-cooking,daily-cooking,13.0,0.0,https://othoba.com/pink-salt-powder-%E0%A6%AA%E0%A6%95-%E0%A6%B8%E0%A6%B2%E0%A6%9F-%E0%A6%97%E0%A6%A1-500gm-vesoje-agro-495247
2026-09-11,49771,Bisco Dry Cake 130gm 6pcs,6 pcs,6.0,pcs,35.0,,,DSP01093,Daily Shopping,biscuit-cookies,biscuit-cookies,,0.0,https://othoba.com/bisco-dry-cake-130gm-6pcs-5500001319
2026-09-11,49907,Hajmola Borhani 100 Tablets,100 tablets,100.0,tablets,100.0,,,DSP01101,Daily Shopping,local-snacks,local-snacks,,5.0,https://othoba.com/hajmola-borhani-100-tablets-5500001398
2026-09-11,49912,Goldmark Pops Biscuits 54mg,54 mg,54.0,mg,10.0,,,DSP01102,Daily Shopping,biscuit-cookies,biscuit-cookies,,5.0,https://othoba.com/goldmark-pops-biscuits-54mg-5500001223
2026-09-11,49914,Goldmark Lexus Biscuit Vegetable Crackers 240gm,240 g,240.0,g,100.0,,,DSP01103,Daily Shopping,biscuit-cookies,biscuit-cookies,,5.0,https://othoba.com/goldmark-lexus-biscuit-vegcrackers-240gm-5500001301
2026-09-11,49917,Tayas Orient Strawberry Luxury Square Box 200gm,200 g,200.0,g,335.0,,,DSP01104,Daily Shopping,macaroni,macaroni,,0.0,https://othoba.com/bambino-instant-pasta-masala-65-gm-5500001446
2026-09-11,49919,Bambino Instant Pasta Tomato 65 gm,65 g,65.0,g,75.0,,,DSP01105,Daily Shopping,macaroni,macaroni,,0.0,https://othoba.com/bambino-instant-pasta-tomato-65-gm-5500001447
2026-09-11,49935,Tayas Orient Hazelnut Luxury Love Box 200gm,200 g,200.0,g,335.0,,,DSP01106,Daily Shopping,macaroni,macaroni,,0.0,https://othoba.com/bambino-instant-pasta-cheese-65-gm-5500001448
2026-09-11,49945,Ifad Eggy Instant Noodles Chicken 260gm,260 g,260.0,g,65.0,,,DSP01107,Daily Shopping,noodles,noodles,,0.0,https://othoba.com/ifad-eggy-instant-noodles-chicken-260gm-5500001715
2026-09-11,49946,Ifad Eggy Instant Noodles Masala 260gm,260 g,260.0,g,65.0,,,DSP01108,Daily Shopping,noodles,noodles,,0.0,https://othoba.com/ifad-eggy-instant-noodles-masala-260gm-5500001716
2026-09-11,49952,Nestle KitKat 28.3 ±3gm Buy 3 Get 1,3 g,3.0,g,160.0,,,DSP01111,Daily Shopping,chocolate-candy,chocolate-candy,,0.0,https://othoba.com/nestle-kitkat-283-3gm-5500001411
2026-09-11,49954,Cadbury Dairy Milk 25gm Buy 3 Get 1,25 g,25.0,g,160.0,,,DSP01112,Daily Shopping,chocolate-candy,chocolate-candy,,0.0,https://othoba.com/cadbury-dairy-milk-25gm-5500001412
2026-09-11,49961,Tropica Mustard Honey 500gm,500 g,500.0,g,500.0,,,DSP01114,Daily Shopping,bakery-breakfast,bakery-breakfast,,0.0,https://othoba.com/tropica-mustard-honey-500gm-5500001613
2026-09-11,49965,Tropica Mustard Honey 250gm,250 g,250.0,g,190.0,,,DSP01115,Daily Shopping,bakery-breakfast,bakery-breakfast,,0.0,https://othoba.com/tropica-mustard-honey-250gm-5500001614
2026-09-11,49971,Tropica Lychee Honey 500gm,500 g,500.0,g,330.0,,,DSP01116,Daily Shopping,bakery-breakfast,bakery-breakfast,,0.0,https://othoba.com/tropica-lychee-honey-500gm-5500001617
2026-09-11,49973,Tropica Lychee Honey 250gm,250 g,250.0,g,190.0,,,DSP01117,Daily Shopping,bakery-breakfast,bakery-breakfast,,0.0,https://othoba.com/tropica-lychee-honey-250gm-5500001618
2026-09-11,505778,Afram Baking Powder (Can) -100G Baking Powder,100 g,100.0,g,61.0,70.0,12.86,RARB61706,Rara bazar,baking-2,baking-2,11.0,0.0,https://othoba.com/afram-baking-powder-can-100g-baking-powder-2
2026-09-11,505781,Afram Chocolate Food Flavour Essence -28ml Chocolate Essence,28 ml,28.0,ml,66.0,80.0,17.5,RARB21358,Rara bazar,baking-2,baking-2,35.0,0.0,https://othoba.com/afram-chocolate-food-flavour-essence-28ml-chocolate-essence-2
2026-09-11,505782,Afram Vanilla Food Flavour Essence -28ml Vanilla Essence,28 ml,28.0,ml,66.0,80.0,17.5,RARB98472,Rara bazar,baking-2,baking-2,25.0,0.0,https://othoba.com/afram-vanilla-food-flavour-essence-28ml-vanilla-essence-2
2026-09-11,505783,Afram Banana Food Flavour Essence -28ml Banana Flavor Essence,28 ml,28.0,ml,66.0,80.0,17.5,RARB40747,Rara bazar,baking-2,baking-2,12.0,0.0,https://othoba.com/afram-banana-food-flavour-essence-28ml-banana-flavor-essence-2
2026-09-11,505784,Afram Mango Food Flavour Essence -28Ml Mango Flavor Essence,28 ml,28.0,ml,66.0,80.0,17.5,RARB51528,Rara bazar,baking-2,baking-2,24.0,0.0,https://othoba.com/afram-mango-food-flavour-essence-28ml-mango-flavor-essence-2
2026-09-11,505785,Afram Biriyani Food Flavour (Essence) -28 ml Biriyani Essence,28 ml,28.0,ml,88.0,100.0,12.0,RARB21507,Rara bazar,baking-2,baking-2,32.0,0.0,https://othoba.com/afram-biriyani-food-flavour-essence-28-ml-biriyani-essence-2
2026-09-11,505786,Strawberry Food Flavour (Essence) -28ml Afram Strawberry Essence,28 ml,28.0,ml,66.0,80.0,17.5,RARB13210,Rara bazar,baking-2,baking-2,31.0,0.0,https://othoba.com/strawberry-food-flavour-essence-28ml-afram-strawberry-essence-2
2026-09-11,505787,Afram Lemon  Flavour Essence -28ml Lemon Flavor Essence,28 ml,28.0,ml,66.0,80.0,17.5,RARB25928,Rara bazar,baking-2,baking-2,15.0,0.0,https://othoba.com/afram-lemon-flavour-essence-28ml-lemon-flavor-essence-2
2026-09-11,505788,Afram Polao Food Flavour - Essence -28ml Polao Essence,28 ml,28.0,ml,88.0,100.0,12.0,RARB82750,Rara bazar,baking-2,baking-2,29.0,0.0,https://othoba.com/afram-polao-food-flavour-essence-28ml-polao-essence-2
2026-09-11,505789,Afram Orange Food Flavour (Essence) -28Ml Orange Flavor Essence,28 ml,28.0,ml,66.0,80.0,17.5,RARB31030,Rara bazar,baking-2,baking-2,48.0,0.0,https://othoba.com/afram-orange-food-flavour-essence-28ml-orange-flavor-essence-2
2026-09-11,505800,Afram Rose Flavour (Essence) -28ml Rose Essence,28 ml,28.0,ml,66.0,80.0,17.5,RARB19215,Rara bazar,baking-2,baking-2,46.0,0.0,https://othoba.com/afram-rose-flavour-essence-28ml-rose-essence-2
2026-09-11,505801,Afram Kewra Food Flavour Essence -28ml Keowa Flavor Essence,28 ml,28.0,ml,66.0,80.0,17.5,RARB59868,Rara bazar,baking-2,baking-2,30.0,0.0,https://othoba.com/afram-kewra-food-flavour-essence-28ml-keowa-flavor-essence-2
2026-09-11,505804,Afram Multi Color Rainbow Sprinkle Cake Decoration Sugar Ball 30gm,30 g,30.0,g,83.0,100.0,17.0,RARB12651,Rara bazar,daily-cooking,daily-cooking,26.0,5.0,https://othoba.com/afram-multi-color-rainbow-sprinkle-cake-decoration-sugar-ball-30gm-rara-bazar-505804
2026-09-11,505805,Bit Salt Powder -100g Afra Bit Salt Gura (Organic),100 g,100.0,g,51.0,60.0,15.0,RARB45927,Rara bazar,daily-cooking,daily-cooking,31.0,5.0,https://othoba.com/bit-salt-powder-100g-afra-bit-salt-gura-organic-rara-bazar-505805
2026-09-11,505809,Afram Food Flavour (Essence) 4pieces Set of Banana + Mango +Rose + Strawberry -28ml,28 ml,28.0,ml,220.0,320.0,31.25,RARB94634,Rara bazar,baking-2,baking-2,42.0,0.0,https://othoba.com/afram-food-flavour-essence-4pieces-set-of-banana-mango-rose-strawberry-28ml-rara-bazar-505809
2026-09-11,505820,Afram Natural Pink Salt  -200g Rock Salt Natural Pink Salt,200 g,200.0,g,133.0,150.0,11.33,RARB72657,Rara bazar,daily-cooking,daily-cooking,46.0,0.0,https://othoba.com/afram-natural-pink-salt-200g-rock-salt-natural-pink-salt-rara-bazar-505820
2026-09-11,505823,Afram 2 Pieces Chocolate + Vanilla Flavour Essence - 28ml,28 ml,28.0,ml,108.0,160.0,32.5,RARB33820,Rara bazar,baking-2,baking-2,51.0,5.0,https://othoba.com/afram-2-pieces-chocolate-vanilla-flavour-essence-28ml-rara-bazar-505823
2026-09-11,505837,Ghee Food Essence -28ml Afram Ghee Food Flavour (Essence),28 ml,28.0,ml,88.0,100.0,12.0,RARB88907,Rara bazar,baking-2,baking-2,27.0,0.0,https://othoba.com/ghee-food-essence-28ml-afram-ghee-food-flavour-essence-rara-bazar-505837
2026-09-11,505839,Afram Natural Pink Salt  -200g Natural Pink Salt Rock Salt Sandhib Salt,200 g,200.0,g,133.0,150.0,11.33,RARB64469,Rara bazar,daily-cooking,daily-cooking,7.0,0.0,https://othoba.com/afram-natural-pink-salt-200g-natural-pink-salt-rock-salt-sandhib-salt-2
2026-09-11,505856,Afram Biriyani Food Flavour -28ml Biriyani Food Flavour Essence,28 ml,28.0,ml,88.0,100.0,12.0,RARB45659,Rara bazar,baking-2,baking-2,22.0,0.0,https://othoba.com/afram-biriyani-food-flavour-28ml-biriyani-food-flavour-essence-rara-bazar-505856
2026-09-11,505857,Afram Polao Food Flavour -28ml Polao Food Flavour Essence,28 ml,28.0,ml,88.0,100.0,12.0,RARB22523,Rara bazar,baking-2,baking-2,53.0,0.0,https://othoba.com/afram-polao-food-flavour-28ml-polao-food-flavour-essence-rara-bazar-505857
2026-09-11,505858,Afram Orange Food Flavour -28ml Orange Food Flavour Essence,28 ml,28.0,ml,64.0,80.0,20.0,RARB81113,Rara bazar,baking-2,baking-2,34.0,0.0,https://othoba.com/afram-orange-food-flavour-28ml-orange-food-flavour-essence-2
2026-09-11,505859,Afram Strawberry Food Flavour -28ml Strawberry Food Flavour Essence,28 ml,28.0,ml,66.0,80.0,17.5,RARB42331,Rara bazar,baking-2,baking-2,47.0,0.0,https://othoba.com/afram-strawberry-food-flavour-28ml-strawberry-food-flavour-essence-2
2026-09-11,505860,Afram Banana Food Flavour -28ml Banana Food Flavour Essence,28 ml,28.0,ml,66.0,80.0,17.5,RARB20396,Rara bazar,baking-2,baking-2,21.0,0.0,https://othoba.com/afram-banana-food-flavour-28ml-banana-food-flavour-essence-2
2026-09-11,505861,Afram Chocolate Food Flavour -28ml Chocolate Food Flavour Essence,28 ml,28.0,ml,66.0,80.0,17.5,RARB12585,Rara bazar,baking-2,baking-2,55.0,0.0,https://othoba.com/afram-chocolate-food-flavour-28ml-chocolate-food-flavour-essence-2
2026-09-11,505862,Afram Mango Food Flavour -28ml Mango Food Flavour Essence,28 ml,28.0,ml,66.0,80.0,17.5,RARB42154,Rara bazar,baking-2,baking-2,28.0,0.0,https://othoba.com/afram-mango-food-flavour-28ml-mango-food-flavour-essence-2
2026-09-11,505863,Afram Lemon Food Flavour -28ml Lemon Food Flavour Essence,28 ml,28.0,ml,56.0,80.0,30.0,RARB29002,Rara bazar,baking-2,baking-2,49.0,0.0,https://othoba.com/afram-lemon-food-flavour-28ml-lemon-food-flavour-essence-rara-bazar-505863
2026-09-11,505864,Afram Kewra Food Flavour -28ml Kewra Food Flavour Essence,28 ml,28.0,ml,60.0,80.0,25.0,RARB37353,Rara bazar,baking-2,baking-2,11.0,0.0,https://othoba.com/afram-kewra-food-flavour-28ml-kewra-food-flavour-essence-rara-bazar-505864
2026-09-11,505865,Afram Rose Food Flavour -28ml Rose Food Flavour Essence,28 ml,28.0,ml,55.0,80.0,31.25,RARB77457,Rara bazar,baking-2,baking-2,46.0,0.0,https://othoba.com/afram-rose-food-flavour-28ml-rose-food-flavour-essence-rara-bazar-505865
2026-09-11,505866,Afram Ghee Food Flavour -28ml Ghee Food Flavour Essence,28 ml,28.0,ml,88.0,100.0,12.0,RARB31567,Rara bazar,baking-2,baking-2,47.0,0.0,https://othoba.com/afram-ghee-food-flavour-28ml-ghee-food-flavour-essence-rara-bazar-505866
2026-09-11,505874,Afram Saffron Flavour -28ml Jafran Essence,28 ml,28.0,ml,133.0,150.0,11.33,RARB81401,Rara bazar,baking-2,baking-2,23.0,0.0,https://othoba.com/afram-saffron-flavour-28ml-jafran-essence-2
2026-09-11,505887,Afram Combo  Set of Baking Powder 200g+ Baking Soda 90g+ Yeast 40g ( 3 pieces),3 pcs,3.0,pcs,231.0,280.0,17.5,RARB30460,Rara bazar,baking-2,baking-2,45.0,0.0,https://othoba.com/afram-combo-set-of-baking-powder-200g-baking-soda-90g-yeast-40g-3-pieces-2
2026-09-11,505888,Afram Combo Set of Cacao Powder 90g + Baking Powder 200g+ Venilla Flavour Essence 28ml+ Chocolate Flavour Essence 28ml( 4 pieces),4 pcs,4.0,pcs,352.0,430.0,18.14,RARB39468,Rara bazar,baking-2,baking-2,35.0,0.0,https://othoba.com/afram-combo-set-of-cacao-powder-90g-baking-powder-200g-venilla-flavour-essence-28ml-chocolate-flavour-essence-28ml-4-pieces-2
2026-09-11,505893,Afram 2 Pieces Food Flavour/ Essence Set of Chocolate+Mango  -28ml Per pieces,28 ml,28.0,ml,132.0,160.0,17.5,RARB92884,Rara bazar,baking-2,baking-2,11.0,0.0,https://othoba.com/afram-2-pieces-food-flavour-essence-set-of-chocolatemango-28ml-per-pieces-2
2026-09-11,505894,Afram 2 Pieces Food Flavour/ Essence Set of Vanilla+Strawberry  -28ml Per pieces,28 ml,28.0,ml,132.0,160.0,17.5,RARB65911,Rara bazar,baking-2,baking-2,53.0,0.0,https://othoba.com/afram-2-pieces-food-flavour-essence-set-of-vanillastrawberry-28ml-per-pieces-2
2026-09-11,505916,Afram Milk Flavor-28ml Milk Essence  Flavour,28 ml,28.0,ml,83.0,100.0,17.0,RARB25078,Rara bazar,baking-2,baking-2,8.0,0.0,https://othoba.com/afram-milk-flavor-28ml-milk-essence-flavour-rara-bazar-505916
2026-09-11,505917,Afram Cake Decoration  Multi Color Rainbow Sprinkle Sugar Ball -30g,30 g,30.0,g,85.0,100.0,15.0,RARB87086,Rara bazar,daily-cooking,daily-cooking,8.0,0.0,https://othoba.com/afram-cake-decoration-multi-color-rainbow-sprinkle-sugar-ball-30g-rara-bazar-505917
2026-09-11,505921,Afram Vanilla Food Flavour Essence -28ml Vanilla Essence 5 pieces,5 pcs,5.0,pcs,330.0,400.0,17.5,RARB54583,Rara bazar,baking-2,baking-2,54.0,0.0,https://othoba.com/afram-vanilla-food-flavour-essence-28ml-vanilla-essence-5-pieces-2
2026-09-11,505924,Afram Food Flavour (Essence) 5pieces Set of  vanilla + chocolate + strawberry + banana + mango,5 pcs,5.0,pcs,330.0,400.0,17.5,RARB42396,Rara bazar,baking-2,baking-2,47.0,0.0,https://othoba.com/afram-food-flavour-essence-5pieces-set-of-vanilla-chocolate-strawberry-banana-mango-2
2026-09-11,505925,Afram 3 Pieces Chocolate + Vanilla Flavour Essence 28ml+Cocoa Powder - 50g,50 g,50.0,g,209.0,245.0,14.69,RARB64327,Rara bazar,baking-2,baking-2,49.0,0.0,https://othoba.com/afram-3-pieces-chocolate-vanilla-flavour-essence-28mlcocoa-powder-50g-2
2026-09-11,505926,Afram 3 Pieces Chocolate + Vanilla + Strawberry  Flavour Essence - 28ml Per piece,28 ml,28.0,ml,198.0,240.0,17.5,RARB74063,Rara bazar,baking-2,baking-2,16.0,0.0,https://othoba.com/afram-3-pieces-chocolate-vanilla-strawberry-flavour-essence-28ml-per-piece-2
2026-09-11,505934,Afram Lychee Food Flavour -28ml Lychee Food Flavour Essence,28 ml,28.0,ml,78.0,100.0,22.0,RARB10351,Rara bazar,baking-2,baking-2,44.0,0.0,https://othoba.com/afram-lychee-food-flavour-28ml-lychee-food-flavour-essence-2
2026-09-11,505935,Afram Pineapple Food Flavour -28ml Pineapple Food Flavour Essence,28 ml,28.0,ml,78.0,100.0,22.0,RARB68803,Rara bazar,baking-2,baking-2,30.0,0.0,https://othoba.com/afram-pineapple-food-flavour-28ml-pineapple-food-flavour-essence-2
2026-09-11,51452,Aair Fish (আইর মাছ) 1.4 kg Local (50gm±) Per Pc Before Cutting,50 g,50.0,g,2538.0,,,DSP01135,Daily Shopping,meat-fish,meat-fish,,5.0,https://othoba.com/aair-fish-700gm-plus-70150
2026-09-11,51455,Katol Fish (কাতল মাছ) 1.7 kg (50gm±)  Per Pc Before Cutting,50 g,50.0,g,592.0,,,DSP01137,Daily Shopping,meat-fish,meat-fish,,5.0,https://othoba.com/katol-fish-15-2kg-70136
2026-09-11,51457,Daily Shopping Khejur Gur Box Per pc (খেজুরের গুড়),,,,290.0,,,DSP01138,Daily Shopping,salt-sugar,salt-sugar,,5.0,https://othoba.com/daily-shopping-khejur-gur-box-per-pc-5500001851
2026-09-11,51460,Papaya Red Lady 1kg Local,1 kg,1.0,kg,168.0,,,DSP01139,Daily Shopping,fruits-vegetable,fruits-vegetable,,5.0,https://othoba.com/papaya-red-lady-1kg-local-65178
2026-09-11,523010,Chocolate Mixed Oat – 200gm (China),200 g,200.0,g,449.0,499.0,10.02,GLBD55655,Glory Collection BD,cereal,cereal,21.0,0.0,https://othoba.com/chocolate-mixed-oat-200gm-china-glory-collection-bd-523010
2026-09-11,523011,Al Islami Oats with Dates Bar-200g,200 g,200.0,g,349.0,499.0,30.06,GLBD95384,Glory Collection BD,cereal,cereal,15.0,0.0,https://othoba.com/al-islami-oats-with-dates-bar-200g-glory-collection-bd-523011
2026-09-11,52437,Cadbury Dairy Milk Silk Oreo Choco. 60gm,60 g,60.0,g,170.0,,,DSP01140,Daily Shopping,chocolate-candy,chocolate-candy,,0.0,https://othoba.com/cadbury-dairy-milk-silk-oreo-choco-60gm-5500001405
2026-09-11,52440,Cadbury Dairy Milk Silk Fruit&Nut 55 ±3gm,3 g,3.0,g,240.0,,,DSP01141,Daily Shopping,chocolate-candy,chocolate-candy,,5.0,https://othoba.com/cadbury-dairymilksilk-fruitnut55gm-5500000179
2026-09-11,52441,7 Bahar Acacia Honey 500gm,500 g,500.0,g,1140.0,,,DSP01142,Daily Shopping,chocolate-candy,chocolate-candy,,0.0,https://othoba.com/tango-almond-chocolate-bar-100gm-5500001633
2026-09-11,52442,7 Bahar Black Forest Honey 500gm,500 g,500.0,g,1300.0,,,DSP01143,Daily Shopping,chocolate-candy,chocolate-candy,,0.0,https://othoba.com/tango-fruit-nut-chocolate-bar-100gm-5500001634
2026-09-11,52443,7 Bahar Honey with Comb 500gm,500 g,500.0,g,1340.0,,,DSP01144,Daily Shopping,chocolate-candy,chocolate-candy,,0.0,https://othoba.com/tango-milk-chocolate-bar-100gm-5500001635
2026-09-11,52444,Gift Chocolate& Toy Love Tin 150gm,150 g,150.0,g,285.0,,,DSP01145,Daily Shopping,chocolate-candy,chocolate-candy,,0.0,https://othoba.com/gift-chocolate-toy-love-tin-150gm-5500001647
2026-09-11,52445,Tayas - Love Long PVC 350 gm,350 g,350.0,g,540.0,,,DSP01146,Daily Shopping,chocolate-candy,chocolate-candy,,0.0,https://othoba.com/tayas-love-long-pvc-350-gm-5500000669
2026-09-11,52446,Cadbury Dairy Milk Silk Roast Almond 143 ±3gm,3 g,3.0,g,580.0,,,DSP01147,Daily Shopping,chocolate-candy,chocolate-candy,,5.0,https://othoba.com/cadbury-dairy-milk-silkroast-almond137gm-5500000180
2026-09-11,52447,Tayas Jess Box 300gm,300 g,300.0,g,500.0,,,DSP01148,Daily Shopping,chocolate-candy,chocolate-candy,,0.0,https://othoba.com/tayas-jess-box-300gm-5500001511
2026-09-11,52449,JB Coin Chocolate 112gm,112 g,112.0,g,340.0,,,DSP01149,Daily Shopping,chocolate-candy,chocolate-candy,,0.0,https://othoba.com/jb-coin-chocolate-112gm5500001536
2026-09-11,52450,Nestle KitKat Chunky White 40gm,40 g,40.0,g,165.0,,,DSP01150,Daily Shopping,chocolate-candy,chocolate-candy,,0.0,https://othoba.com/nestle-kitkat-chunky-white-40-gm-5500001155
2026-09-11,52452,Hersheys Nuggets Chocolate 28 Gm,28 g,28.0,g,110.0,,,DSP01151,Daily Shopping,chocolate-candy,chocolate-candy,,0.0,https://othoba.com/hersheys-nuggets-chocolate-28-gm-5500001152
2026-09-11,52453,Ferrero Rocher chocolate box 200g,200 g,200.0,g,1100.0,,,DSP01152,Daily Shopping,chocolate-candy,chocolate-candy,,0.0,https://othoba.com/ferrero-rocher-chocolate-box-200g-5500000471
2026-09-11,52454,Mentos Chewing Gum Pure Fresh 27gm,27 g,27.0,g,125.0,,,DSP01153,Daily Shopping,chocolate-candy,chocolate-candy,,0.0,https://othoba.com/mentos-chewing-gum-pure-fresh-27-gm-5500000793
2026-09-11,52455,Alpella Wafer 33gm,33 g,33.0,g,62.0,,,DSP01154,Daily Shopping,chocolate-candy,chocolate-candy,,0.0,https://othoba.com/alpella-wafer-33gm-5500001576
2026-09-11,52456,Mentos Pure Fresh Supermint 35 Gm,35 g,35.0,g,195.0,,,DSP01155,Daily Shopping,chocolate-candy,chocolate-candy,,0.0,https://othoba.com/mentos-pure-fresh-supermint-35-gm-5500001486
2026-09-11,52457,Alpella Crispy Bar 28gm,28 g,28.0,g,55.0,,,DSP01156,Daily Shopping,chocolate-candy,chocolate-candy,,0.0,https://othoba.com/alpella-crispy-bar-28gm-5500001577
2026-09-11,52458,Alpella Crispy Rice Bar 30gm,30 g,30.0,g,55.0,,,DSP01157,Daily Shopping,chocolate-candy,chocolate-candy,,0.0,https://othoba.com/alpella-crispy-rice-bar-30gm-5500001578
2026-09-11,52459,Tango Almonds Chocolate 40gm,40 g,40.0,g,80.0,,,DSP01158,Daily Shopping,chocolate-candy,chocolate-candy,,0.0,https://othoba.com/tango-almonds-chocolate-40gm-5500001504
2026-09-11,52460,Amul Dark Chocolate 40gm,40 g,40.0,g,160.0,,,DSP01159,Daily Shopping,chocolate-candy,chocolate-candy,,0.0,https://othoba.com/tango-milk-chocolate-140gm-5500001505
2026-09-11,52479,Pomegranate (ডালিম) 1kg,1 kg,1.0,kg,420.0,,,DSP01160,Daily Shopping,fruits-vegetable,fruits-vegetable,,5.0,https://othoba.com/pomegranate-1kg-65212
2026-09-11,535412,PRAN UHT Milk 1 Ltr,1 l,1.0,l,125.0,140.0,10.71,OED60364,Othoba Exclusive Dhaka,liquid-milk,liquid-milk,,0.0,https://othoba.com/pran-uht-milk-1-ltr-3
2026-09-11,536132,Black Salt (Bit Lobon)  Powder বিট লবন গুড়া 200gm,200 g,200.0,g,81.0,90.0,10.0,ROS88377,Rongdhonu Corporations,daily-cooking,daily-cooking,15.0,0.0,https://othoba.com/black-salt-bit-lobon-powder-%E0%A6%AC%E0%A6%9F-%E0%A6%B2%E0%A6%AC%E0%A6%A8-%E0%A6%97%E0%A7%9C-200gm-rongdhonu-corporations-536132
2026-09-11,536133,"Himaloya Pink Salt Powder (Pakistani), হিমালয়া পিংক সল্ট গুড়া 100gm",100 g,100.0,g,81.0,90.0,10.0,ROS60803,Rongdhonu Corporations,daily-cooking,daily-cooking,37.0,0.0,https://othoba.com/himaloya-pink-salt-powder-pakistani-%E0%A6%B9%E0%A6%AE%E0%A6%B2%E0%A7%9F-%E0%A6%AA%E0%A6%95-%E0%A6%B8%E0%A6%B2%E0%A6%9F-%E0%A6%97%E0%A7%9C-100gm-rongdhonu-corporations-536133
2026-09-11,539942,Epsom Salt - 250 gram Pack (এপসম  সল্ট),250 g,250.0,g,81.0,95.0,14.74,KKS29636,Kicukotha Shop,daily-cooking,daily-cooking,11.0,0.0,https://othoba.com/epsom-salt-250-gram-pack-%E0%A6%8F%E0%A6%AA%E0%A6%B8%E0%A6%AE-%E0%A6%B8%E0%A6%B2%E0%A6%9F-kicukotha-shop-539942
2026-09-11,54123,Bagda Prawn (বাগদা চিংড়ি) 1kg,1 kg,1.0,kg,825.0,949.0,13.07,DSP01161,Daily Shopping,meat-fish,meat-fish,,2.9,https://othoba.com/bagda-prawn-1kg-70158
2026-09-11,541644,Salt: A World History by Mark Kurlansky - Premium - Paperback,,,,368.0,707.0,47.95,MST32007,Manuscript,daily-cooking,daily-cooking,9.0,0.0,https://othoba.com/salt-a-world-history-by-mark-kurlansky-premium-paperback-manuscript-541644
2026-09-11,542203,The Map of Salt and Stars by Zeyn Joukhadar - Premium - Paperback,,,,299.0,506.0,40.91,MST29942,Manuscript,daily-cooking,daily-cooking,27.0,0.0,https://othoba.com/the-map-of-salt-and-stars-by-zeyn-joukhadar-premium-paperback-manuscript-542203
2026-09-11,559152,Internatonal Korean Product 2080 Pure Mountain Salt -160g,160 g,160.0,g,580.0,650.0,10.77,DUBC31447,Dubai collection,daily-cooking,daily-cooking,55.0,0.0,https://othoba.com/internatonal-korean-product-2080-pure-mountain-salt-160g-dubai-collection-559152
2026-09-11,565427,Safa QUICK PREPARE WHITE OATS 500 Grams Dubai,500 g,500.0,g,551.0,700.0,21.29,CTGS55581,Chatga Shop BD,cereal,cereal,10.0,0.0,https://othoba.com/safa-quick-prepare-white-oats-500-grams-dubai-chatga-shop-bd-565427
2026-09-11,565431,"QUAKER White Oats, 500 g",500 g,500.0,g,599.0,850.0,29.53,CTGS17895,Chatga Shop BD,cereal,cereal,46.0,0.0,https://othoba.com/quaker-white-oats-500-g-chatga-shop-bd-565431
2026-09-11,565739,PRAN Cheese Puff,,,,10.0,,,DSP62781,Daily Shopping,cheese,cheese,,0.0,https://othoba.com/cheese-puff
2026-09-11,567193,Premium Quality Mixed Thai Fruits/ Dried Fruits/Dry Fruits 200G Imoprted From Thailand,200 g,200.0,g,516.0,906.0,43.05,BTS11256,Best 1,fruits-vegetable,fruits-vegetable,32.0,0.0,https://othoba.com/premium-quality-mixed-thai-fruits-dried-fruitsdry-fruits-200g-imoprted-from-thailand-best-1-567193
2026-09-11,567232,Treat Chocolate Bar 6.4 gm 24 PCs/Box,24 pcs,24.0,pcs,120.0,,,OED62618,Othoba Exclusive Dhaka,chocolate-candy,chocolate-candy,,0.0,https://othoba.com/treat-chocolate-bar-2
2026-09-11,576636,International London product Health care Organic London Himalyan Pink salt - 200 gm,200 g,200.0,g,680.0,790.0,13.92,BUGZ29137,Beauty Girls Zone,daily-cooking,daily-cooking,15.0,0.0,https://othoba.com/international-london-product-health-care-organic-london-himalyan-pink-salt-200-gm-beauty-girls-zone-576636
2026-09-11,58958,PRAN Kasundi 285gm,285 g,285.0,g,65.0,,,DSP01167,Daily Shopping,sauces,sauces,,5.0,https://othoba.com/pran-kasundi-300gm-5000000039
2026-09-11,59166,Provati Raisins (কিশমিশ) 100 gm,100 g,100.0,g,62.0,,,DSP01168,Daily Shopping,spice-herb,spice-herb,,0.0,https://othoba.com/provati-raisins-100-gm-5000000076
2026-09-11,597853,Khorma khejur 1kg,1 kg,1.0,kg,500.0,550.0,9.09,AMTG54656,Al Maktum Grocery Food,fruits-vegetable,fruits-vegetable,24.0,0.0,https://othoba.com/khorma-khejur-1kg-al-maktum-grocery-food-597853
2026-09-11,597874,Mabrum Dates /Mariyam khejur 1 kg,1 kg,1.0,kg,1013.0,1400.0,27.64,AMTG79977,Al Maktum Grocery Food,fruits-vegetable,fruits-vegetable,33.0,0.0,https://othoba.com/mabrum-dates-mariyam-khejur-1-kg-al-maktum-grocery-food-597874
2026-09-11,597877,Moriyom Dats /Mariyam khejur 500 gm,500 g,500.0,g,468.0,850.0,44.94,AMTG15079,Al Maktum Grocery Food,fruits-vegetable,fruits-vegetable,21.0,0.0,https://othoba.com/moriyom-dats-mariyam-khejur-500-gm-al-maktum-grocery-food-597877
2026-09-11,597878,Dry Dats Slice /Khorma Khejur Slice 1 kg,1 kg,1.0,kg,472.0,800.0,41.0,AMTG46374,Al Maktum Grocery Food,fruits-vegetable,fruits-vegetable,51.0,0.0,https://othoba.com/dry-dats-slice-khorma-khejur-slice-1-kg-al-maktum-grocery-food-597878
2026-09-11,597887,Khorma khejur / Yellow Dry Dates 1Kg,1 kg,1.0,kg,494.0,750.0,34.13,AMTG26471,Al Maktum Grocery Food,fruits-vegetable,fruits-vegetable,10.0,0.0,https://othoba.com/khorma-khejur-yellow-dry-dates-1kg-al-maktum-grocery-food-597887
2026-09-11,597888,Khorma khejur/Dry Dates 500gm,500 g,500.0,g,234.0,450.0,48.0,AMTG14710,Al Maktum Grocery Food,fruits-vegetable,fruits-vegetable,25.0,0.0,https://othoba.com/khorma-khejurdry-dates-500gm-al-maktum-grocery-food-597888
2026-09-11,597891,Ajwa Dates /Ajowa Khejur 1kg Premium quality,1 kg,1.0,kg,1636.0,2000.0,18.2,AMTG56516,Al Maktum Grocery Food,fruits-vegetable,fruits-vegetable,54.0,0.0,https://othoba.com/ajwa-dates-ajowa-khejur-1kg-premium-quality-al-maktum-grocery-food-597891
2026-09-11,597892,Ajwa Dates /Ajowa Khejur 500gm Premium quality,500 g,500.0,g,768.0,1200.0,36.0,AMTG35787,Al Maktum Grocery Food,fruits-vegetable,fruits-vegetable,26.0,0.0,https://othoba.com/ajwa-dates-ajowa-khejur-500gm-premium-quality-al-maktum-grocery-food-597892
2026-09-11,597893,Moriyom Khejur Vip Mabrum Dates 500 gm,500 g,500.0,g,517.0,750.0,31.07,AMTG90703,Al Maktum Grocery Food,fruits-vegetable,fruits-vegetable,12.0,0.0,https://othoba.com/moriyom-khejur-vip-mabrum-dates-500-gm-al-maktum-grocery-food-597893
2026-09-11,597894,Moriyom Khejur Vip Mabrum Dates 1Kg,1 kg,1.0,kg,1054.0,1600.0,34.12,AMTG48154,Al Maktum Grocery Food,fruits-vegetable,fruits-vegetable,27.0,0.0,https://othoba.com/moriyom-khejur-vip-mabrum-dates-1kg-al-maktum-grocery-food-597894
2026-09-11,597905,Moriyom Khejur Mabrum Dates 1 kg,1 kg,1.0,kg,937.0,1500.0,37.53,AMTG89490,Al Maktum Grocery Food,fruits-vegetable,fruits-vegetable,30.0,0.0,https://othoba.com/moriyom-khejur-mabrum-dates-1-kg-al-maktum-grocery-food-597905
2026-09-11,597906,Moriyom Khejur Mabrum Dates 500 gm,500 g,500.0,g,464.0,800.0,42.0,AMTG90812,Al Maktum Grocery Food,fruits-vegetable,fruits-vegetable,7.0,0.0,https://othoba.com/moriyom-khejur-mabrum-dates-500-gm-al-maktum-grocery-food-597906
2026-09-11,597907,Moriyom Khejur Mabrum Dates 250 gm,250 g,250.0,g,202.0,450.0,55.11,AMTG97004,Al Maktum Grocery Food,fruits-vegetable,fruits-vegetable,34.0,0.0,https://othoba.com/moriyom-khejur-mabrum-dates-250-gm-al-maktum-grocery-food-597907
2026-09-11,597908,Mabrum Dates Morium Khejur 1kg Premium Quality,1 kg,1.0,kg,1332.0,2000.0,33.4,AMTG95387,Al Maktum Grocery Food,fruits-vegetable,fruits-vegetable,18.0,0.0,https://othoba.com/mabrum-dates-morium-khejur-1kg-premium-quality-al-maktum-grocery-food-597908
2026-09-11,597909,Mabrum Dates Morium Khejur 500 gm Premium quality,500 g,500.0,g,681.0,1400.0,51.36,AMTG20211,Al Maktum Grocery Food,fruits-vegetable,fruits-vegetable,51.0,0.0,https://othoba.com/mabrum-dates-morium-khejur-500-gm-premium-quality-al-maktum-grocery-food-597909
2026-09-11,597910,Mabrum Dates Morium Khejur 250 gm Premium quality,250 g,250.0,g,253.0,500.0,49.4,AMTG56944,Al Maktum Grocery Food,fruits-vegetable,fruits-vegetable,23.0,0.0,https://othoba.com/mabrum-dates-morium-khejur-250-gm-premium-quality-al-maktum-grocery-food-597910
2026-09-11,597911,Moriyom Khejur Vip Mabrum Dates 500 gm,500 g,500.0,g,456.0,800.0,43.0,AMTG57060,Al Maktum Grocery Food,fruits-vegetable,fruits-vegetable,50.0,0.0,https://othoba.com/moriyom-khejur-vip-mabrum-dates-500-gm-al-maktum-grocery-food-597911
2026-09-11,597912,Moriyom Khejur Vip Mabrum Dates 1kg,1 kg,1.0,kg,1039.0,1600.0,35.06,AMTG24225,Al Maktum Grocery Food,fruits-vegetable,fruits-vegetable,23.0,0.0,https://othoba.com/moriyom-khejur-vip-mabrum-dates-1kg-al-maktum-grocery-food-597912
2026-09-11,600065,Parle Hide & Seek Black Bourbon Vanilla Biscuit (INDIAN) - 100GM (COMBO PACK),100 g,100.0,g,279.0,349.0,20.06,ALBT92151,Alam and brothers (CTG),biscuites-toast,biscuites-toast,42.0,0.0,https://othoba.com/parle-hide-seek-black-bourbon-vanilla-biscuit-indian-100gm-combo-pack-alam-and-brothers-ctg-600065
2026-09-11,600079,SUNFEAST BOUNCE CHOCO CREME BISCUTS (INDIAN) - 12PCS PACK,12 pcs,12.0,pcs,445.0,556.0,19.96,ALBT59066,Alam and brothers (CTG),biscuites-toast,biscuites-toast,43.0,0.0,https://othoba.com/sunfeast-bounce-choco-creme-biscuts-indian-12pcs-pack-alam-and-brothers-ctg-600079
2026-09-11,600081,Sunfeast Bounce Tangy Orange Creme Biscuts (Indian) - 12Pcs Pack,12 pcs,12.0,pcs,409.0,511.0,19.96,ALBT49441,Alam and brothers (CTG),biscuites-toast,biscuites-toast,15.0,0.0,https://othoba.com/sunfeast-bounce-tangy-orange-creme-biscuts-indian-12pcs-pack-alam-and-brothers-ctg-600081
2026-09-11,600108,Munchy’s Oat Krunch Strawberry and Blackcurrant Biscuit - Malaysian - 208gm,208 g,208.0,g,414.0,518.0,20.08,ALBT13915,Alam and brothers (CTG),biscuites-toast,biscuites-toast,11.0,0.0,https://othoba.com/munchys-oat-krunch-strawberry-and-blackcurrant-biscuit-malaysian-208gm-alam-and-brothers-ctg-600108
2026-09-11,600109,Hup Seng Cream Crackers Biscuits - 125 gm,125 g,125.0,g,197.0,246.0,19.92,ALBT15324,Alam and brothers (CTG),biscuites-toast,biscuites-toast,46.0,0.0,https://othoba.com/hup-seng-cream-crackers-biscuits-125-gm-alam-and-brothers-ctg-600109
2026-09-11,600115,Kikkoman Soya Sauce - 500ml,500 ml,500.0,ml,176.0,220.0,20.0,ALBT77931,Alam and brothers (CTG),sauces,sauces,15.0,0.0,https://othoba.com/kikkoman-soya-sauce-500ml-alam-and-brothers-ctg-600115
2026-09-11,600116,Kikkoman Soya Sauce - 1 Liter,1 l,1.0,l,445.0,556.0,19.96,ALBT81778,Alam and brothers (CTG),sauces,sauces,52.0,0.0,https://othoba.com/kikkoman-soya-sauce-1-liter-alam-and-brothers-ctg-600116
2026-09-11,600133,Bournvita Biscuits Chocolatey Cookies 12pcs pack,12 pcs,12.0,pcs,326.0,408.0,20.1,ALBT29683,Alam and brothers (CTG),biscuites-toast,biscuites-toast,56.0,0.0,https://othoba.com/bournvita-biscuits-chocolatey-cookies-12pcs-pack-2
2026-09-11,600501,Parle Hide And Seek Black Bourbon Choco Creme Sandwich Biscuits (INDIAN)- 100GM (CAMBO PACK),100 g,100.0,g,306.0,382.0,19.9,ALBT17268,Alam and brothers (CTG),biscuites-toast,biscuites-toast,13.0,0.0,https://othoba.com/parle-hide-and-seek-black-bourbon-choco-creme-sandwich-biscuits-indian-100gm-cambo-pack-2
2026-09-11,600502,Parle Hide & Seek Black Bourbon Vanilla Biscuit (INDIAN) - 100GM (COMBO PACK),100 g,100.0,g,306.0,382.0,19.9,ALBT50107,Alam and brothers (CTG),biscuites-toast,biscuites-toast,41.0,0.0,https://othoba.com/parle-hide-seek-black-bourbon-vanilla-biscuit-indian-100gm-combo-pack-2
2026-09-11,60103,Pran Chicken Bhuna Khichuri 250gm,250 g,250.0,g,160.0,,,DSP01169,Daily Shopping,ready-mix,ready-mix,,0.0,https://othoba.com/pran-chicken-bhuna-khichuri-250gm-45844
2026-09-11,60104,Pran Chicken Biryani 300gm,300 g,300.0,g,100.0,,,DSP01170,Daily Shopping,ready-mix,ready-mix,,5.0,https://othoba.com/pran-chicken-biryani-250gm-45846
2026-09-11,60106,Pran Meat Masala Mix 100g,100 g,100.0,g,95.0,,,DSP01171,Daily Shopping,ready-mix,ready-mix,,0.0,https://othoba.com/pran-meat-masala-mix-100g-3
2026-09-11,60107,Pran Chatpoti Mix Masala 50g,50 g,50.0,g,35.0,,,DSP01172,Daily Shopping,ready-mix,ready-mix,,0.0,https://othoba.com/pran-chatpoti-mix-masala-50g-45828
2026-09-11,603065,Nestle Nido Fortified Full Cream Milk Powder - 2250g,2250 g,2250.0,g,4529.0,4950.0,8.51,VLCR51176,Velvet Crave,milk-3,milk-3,34.0,0.0,https://othoba.com/nestle-nido-fortified-full-cream-milk-powder-2250g-velvet-crave-603065
2026-09-11,603066,Nestle Nido Fortified Full Cream Milk Powder Pack - 2500g,2500 g,2500.0,g,4529.0,4950.0,8.51,VLCR52413,Velvet Crave,milk-3,milk-3,17.0,0.0,https://othoba.com/nestle-nido-fortified-full-cream-milk-powder-pack-2500g-velvet-crave-603066
2026-09-11,603067,Nido Fortified Full Cream Milk Powder 900gm,900 g,900.0,g,2941.0,3200.0,8.09,VLCR29307,Velvet Crave,milk-3,milk-3,32.0,0.0,https://othoba.com/nido-fortified-full-cream-milk-powder-900gm-velvet-crave-603067
2026-09-11,603069,Nestle Nido Fortified Full Cream Milk Powder 2500gm (Tin),2500 g,2500.0,g,5576.0,5900.0,5.49,VLCR16689,Velvet Crave,milk-3,milk-3,17.0,0.0,https://othoba.com/nestle-nido-fortified-full-cream-milk-powder-2500gm-tin-velvet-crave-603069
2026-09-11,603071,Nido Fortified Rich in Fiber Full Cream Milk Powder (Pack) 2500gm,2500 g,2500.0,g,4318.0,4468.0,3.36,VLCR60301,Velvet Crave,milk-3,milk-3,52.0,0.0,https://othoba.com/nido-fortified-rich-in-fiber-full-cream-milk-powder-pack-2500gm-velvet-crave-603071
2026-09-11,603081,Cowhead Full Cream Milk Powder 900gm,900 g,900.0,g,2294.0,2535.0,9.51,VLCR81873,Velvet Crave,milk-3,milk-3,17.0,0.0,https://othoba.com/cowhead-full-cream-milk-powder-900gm-velvet-crave-603081
2026-09-11,603086,Almarai Full Cream Milk Powder 900gm,900 g,900.0,g,2412.0,2665.0,9.49,VLCR22976,Velvet Crave,milk-3,milk-3,54.0,0.0,https://othoba.com/almarai-full-cream-milk-powder-900gm-velvet-crave-603086
2026-09-11,603087,Almarai Full Cream Milk Powder 2500gm,2500 g,2500.0,g,5118.0,5655.0,9.5,VLCR26204,Velvet Crave,powder-milk,powder-milk,54.0,0.0,https://othoba.com/almarai-full-cream-milk-powder-2500gm-velvet-crave-603087
2026-09-11,60394,PRAN Nawabi Lachchi 150ml,150 ml,150.0,ml,20.0,,,DSP01173,Daily Shopping,yogurt,yogurt,,5.0,https://othoba.com/pran-nawabi-lachchi-4000000371
2026-09-11,604958,Cow Gate 4 Growing Up Baby Milk Powder (2-3Years) - 800g,800 g,800.0,g,3800.0,3950.0,3.8,VLCR35967,Velvet Crave,powder-milk,powder-milk,44.0,0.0,https://othoba.com/cow-gate-4-growing-up-baby-milk-powder-2-3years-800g-velvet-crave-604958
2026-09-11,605350,indian Disano oats 100% whole grain 1kg,1 kg,1.0,kg,849.0,950.0,10.63,SRIN51467,SR International,cereal,cereal,35.0,0.0,https://othoba.com/indian-disano-oats-100-whole-grain-1kg-sr-international-605350
2026-09-11,605538,International UAE product Quaker Whole Oats Dubai 1kg,1 kg,1.0,kg,1247.0,1450.0,14.0,SRIN84976,SR International,cereal,cereal,53.0,0.0,https://othoba.com/international-uae-product-quaker-whole-oats-dubai-1kg-sr-international-605538
2026-09-11,605543,Quaker Instant Oatmeal oats Malaysian 1Kg,1 kg,1.0,kg,1251.0,1450.0,13.72,SRIN76659,SR International,cereal,cereal,11.0,0.0,https://othoba.com/quaker-instant-oatmeal-oats-malaysian-1kg-sr-international-605543
2026-09-11,605808,Dark Fantasy Choco Fills Biscuits - 75G,75 g,75.0,g,162.0,170.0,4.71,VSTM94177,VistaMart,biscuites-toast,biscuites-toast,32.0,0.0,https://othoba.com/dark-fantasy-choco-fills-biscuits-75g-vistamart-605808
2026-09-11,606058,"Dark Fantasy Choco Fills, 75 grams (Pack of 4)",75 g,75.0,g,599.0,650.0,7.85,VSTM33218,VistaMart,biscuites-toast,biscuites-toast,24.0,0.0,https://othoba.com/dark-fantasy-choco-fills-75-grams-pack-of-4-vistamart-606058
2026-09-11,607593,Safa QUICK PREPARE WHITE OATS 500 Grams Dubai,500 g,500.0,g,551.0,700.0,21.29,VSTM30627,VistaMart,cereal,cereal,20.0,0.0,https://othoba.com/safa-quick-prepare-white-oats-500-grams-dubai-vistamart-607593
2026-09-11,607597,"QUAKER White Oats, 500 g",500 g,500.0,g,599.0,850.0,29.53,VSTM16007,VistaMart,cereal,cereal,9.0,0.0,https://othoba.com/quaker-white-oats-500-g-vistamart-607597
2026-09-11,607654,Dubai Product Emirates Pasta Spaghetti-400 Gm,400 g,400.0,g,251.0,350.0,28.29,VSTM44677,VistaMart,pasta-macarony,pasta-macarony,22.0,0.0,https://othoba.com/dubai-product-emirates-pasta-spaghetti-400-gm-vistamart-607654
2026-09-11,607657,Dubai product Emirates Pasta Shell Big-400 Gm,400 g,400.0,g,251.0,350.0,28.29,VSTM92166,VistaMart,pasta-macarony,pasta-macarony,54.0,0.0,https://othoba.com/dubai-product-emirates-pasta-shell-big-400-gm-vistamart-607657
2026-09-11,607663,Dubai Product Emirates Macaroni 400g,400 g,400.0,g,251.0,350.0,28.29,VSTM77598,VistaMart,pasta-macarony,pasta-macarony,48.0,0.0,https://othoba.com/dubai-product-emirates-macaroni-400g-vistamart-607663
2026-09-11,607664,Dubai Product Emirates Macaroni Corni Corrugated 400 gm,400 g,400.0,g,251.0,350.0,28.29,VSTM75607,VistaMart,pasta-macarony,pasta-macarony,49.0,0.0,https://othoba.com/dubai-product-emirates-macaroni-corni-corrugated-400-gm-vistamart-607664
2026-09-11,608085,Cadbury 5 Star Oreo Chocolate Bar 40g,40 g,40.0,g,160.0,,,IDC18876,IDC,chocolate-candy,chocolate-candy,50.0,0.0,https://othoba.com/cadbury-5-star-oreo-chocolate-bar-40g-idc-608085
2026-09-11,608086,Cadbury 5 Star Oreo Chocolate Bar 21g,21 g,21.0,g,80.0,,,IDC30340,IDC,chocolate-candy,chocolate-candy,31.0,0.0,https://othoba.com/cadbury-5-star-oreo-chocolate-bar-21g-idc-608086
2026-09-11,608087,Cadbury Dairy Milk Silk Bubbly Chocolate 46g,46 g,46.0,g,230.0,,,IDC65903,IDC,chocolate-candy,chocolate-candy,31.0,0.0,https://othoba.com/cadbury-dairy-milk-silk-bubbly-chocolate-46g-idc-608087
2026-09-11,608088,Cadbury Dairy Milk Silk Roast Almond Chocolate Bar 52gm,52 g,52.0,g,190.0,,,IDC11081,IDC,chocolate-candy,chocolate-candy,31.0,0.0,https://othoba.com/cadbury-dairy-milk-silk-roast-almond-chocolate-bar-52gm-idc-608088
2026-09-11,608089,Cadbury Dairy Milk Silk Bubbly Chocolate 112g,112 g,112.0,g,550.0,,,IDC45836,IDC,chocolate-candy,chocolate-candy,48.0,0.0,https://othoba.com/cadbury-dairy-milk-silk-bubbly-chocolate-112g-idc-608089
2026-09-11,608090,Cadbury Dairy Milk Silk Mousse Chocolate Bar 48.5gm,48.5 g,48.5,g,230.0,,,IDC94975,IDC,chocolate-candy,chocolate-candy,27.0,0.0,https://othoba.com/cadbury-dairy-milk-silk-mousse-chocolate-bar-485gm-idc-608090
2026-09-11,608091,Cadbury Dairy Milk Celebration Chocolate Gift Pack 88gm,88 g,88.0,g,350.0,,,IDC68650,IDC,chocolate-candy,chocolate-candy,56.0,0.0,https://othoba.com/cadbury-dairy-milk-celebration-chocolate-gift-pack-88gm-idc-608091
2026-09-11,608092,Tic Tac Orange Mouth Freshner 13gm,13 g,13.0,g,50.0,,,IDC64602,IDC,chocolate-candy,chocolate-candy,53.0,0.0,https://othoba.com/tic-tac-orange-mouth-freshner-13gm-idc-608092
2026-09-11,608093,Tic Tac Mint Mouth Freshner 13gm,13 g,13.0,g,50.0,,,IDC25712,IDC,chocolate-candy,chocolate-candy,51.0,0.0,https://othoba.com/tic-tac-mint-mouth-freshner-13gm-idc-608093
2026-09-11,608094,Tic Tac Strawberry Mouth Freshner 13gm,13 g,13.0,g,50.0,,,IDC82640,IDC,chocolate-candy,chocolate-candy,14.0,0.0,https://othoba.com/tic-tac-strawberry-mouth-freshner-13gm-idc-608094
2026-09-11,608121,Kellogg's Chocos Fills Chocolate Breakfast Cereal 250gm,250 g,250.0,g,520.0,,,IDC69207,IDC,cereal,cereal,42.0,0.0,https://othoba.com/kelloggs-chocos-fills-chocolate-breakfast-cereal-250gm-idc-608121
2026-09-11,608122,Kellogg's Chocos Moon & Stars Chocolate Breakfast Cereal 360gm,360 g,360.0,g,580.0,,,IDC11979,IDC,cereal,cereal,10.0,0.0,https://othoba.com/kelloggs-chocos-moon-stars-chocolate-breakfast-cereal-360gm-idc-608122
2026-09-11,608123,Kellogg's Chocos Chocolate Breakfast Cereal 127gm,127 g,127.0,g,180.0,,,IDC31380,IDC,cereal,cereal,53.0,0.0,https://othoba.com/kelloggs-chocos-chocolate-breakfast-cereal-127gm-idc-608123
2026-09-11,608124,Kellogg's Chocos Chocolate Breakfast Cereal 1.1kg,1.1 kg,1.1,kg,1350.0,,,IDC50060,IDC,cereal,cereal,20.0,0.0,https://othoba.com/kelloggs-chocos-chocolate-breakfast-cereal-11kg-idc-608124
2026-09-11,608125,Kellogg's Chocos Chocolate Breakfast Cereal 250gm,250 g,250.0,g,390.0,,,IDC34093,IDC,cereal,cereal,38.0,0.0,https://othoba.com/kelloggs-chocos-chocolate-breakfast-cereal-250gm-idc-608125
2026-09-11,608126,Kellogg's Chocos Chocolate Breakfast Cereal 385gm (Pouch Pack),385 g,385.0,g,490.0,,,IDC43871,IDC,cereal,cereal,15.0,0.0,https://othoba.com/kelloggs-chocos-chocolate-breakfast-cereal-385gm-pouch-pack-idc-608126
2026-09-11,608127,Kellogg's Corn Flakes Original  Breakfast Cereal 1.1kg,1.1 kg,1.1,kg,1290.0,,,IDC55140,IDC,cereal,cereal,21.0,0.0,https://othoba.com/kelloggs-corn-flakes-original-breakfast-cereal-11kg-idc-608127
2026-09-11,608128,Kellogg's Corn Flakes Original Breakfast Cereal 250gm Pouch,250 g,250.0,g,275.0,,,IDC47004,IDC,cereal,cereal,25.0,0.0,https://othoba.com/kelloggs-corn-flakes-original-breakfast-cereal-250gm-pouch-idc-608128
2026-09-11,608129,Kellogg's Corn Flakes Real Almond Honey Breakfast Cereal 300gm,300 g,300.0,g,580.0,,,IDC84736,IDC,cereal,cereal,37.0,0.0,https://othoba.com/kelloggs-corn-flakes-real-almond-honey-breakfast-cereal-300gm-idc-608129
2026-09-11,608130,Kellogg's Froot Loops Crunchy Multigrain Breakfast Cereal 285gm,285 g,285.0,g,570.0,,,IDC79348,IDC,cereal,cereal,53.0,0.0,https://othoba.com/kelloggs-froot-loops-crunchy-multigrain-breakfast-cereal-285gm-idc-608130
2026-09-11,608133,SNICKERS Peanut Chocolate Bar 50gm,50 g,50.0,g,150.0,,,IDC30361,IDC,chocolate-candy,chocolate-candy,32.0,0.0,https://othoba.com/snickers-peanut-chocolate-bar-50gm-idc-608133
2026-09-11,608134,MARS Nougat & Caramel Filled Chocolate Bar 51gm,51 g,51.0,g,160.0,,,IDC96248,IDC,chocolate-candy,chocolate-candy,31.0,0.0,https://othoba.com/mars-nougat-caramel-filled-chocolate-bar-51gm-idc-608134
2026-09-11,608135,BOUNTY Coconut Filled Chocolate Double Bars 57gm,57 g,57.0,g,160.0,,,IDC83451,IDC,chocolate-candy,chocolate-candy,41.0,0.0,https://othoba.com/bounty-coconut-filled-chocolate-double-bars-57gm-idc-608135
2026-09-11,608136,M&M's Milk Chocolate 45gm,45 g,45.0,g,200.0,,,IDC17968,IDC,chocolate-candy,chocolate-candy,14.0,0.0,https://othoba.com/mms-milk-chocolate-45gm-idc-608136
2026-09-11,608137,M&M's Peanut Milk Chocolate 45gm,45 g,45.0,g,200.0,,,IDC35657,IDC,chocolate-candy,chocolate-candy,23.0,0.0,https://othoba.com/mms-peanut-milk-chocolate-45gm-idc-608137
2026-09-11,608138,"Snickers Chocolate Bar 50gm Combo (Buy 2, Get 1 FREE!)",50 g,50.0,g,300.0,,,IDC74301,IDC,chocolate-candy,chocolate-candy,13.0,0.0,https://othoba.com/snickers-chocolate-bar-50gm-combo-buy-2-get-1-free-idc-608138
2026-09-11,608139,"MARS Nougat & Caramel Filled Chocolate Bar 51gm (Buy 2, Save Tk 30)",51 g,51.0,g,290.0,,,IDC54690,IDC,chocolate-candy,chocolate-candy,12.0,0.0,https://othoba.com/mars-nougat-caramel-filled-chocolate-bar-51gm-buy-2-save-tk-30-idc-608139
2026-09-11,608155,Cadbury Dairy Milk Chocolate Flowpack 46gm,46 g,46.0,g,120.0,,,IDC95849,IDC,chocolate-candy,chocolate-candy,46.0,0.0,https://othoba.com/cadbury-dairy-milk-chocolate-flowpack-46gm-idc-608155
2026-09-11,608156,Cadbury Dairy Milk Crispello Chocolate Bar 35gm,35 g,35.0,g,150.0,,,IDC67131,IDC,chocolate-candy,chocolate-candy,7.0,0.0,https://othoba.com/cadbury-dairy-milk-crispello-chocolate-bar-35gm-idc-608156
2026-09-11,608157,Cadbury Dairy Milk Crispello Chocolate Bar 13gm,13 g,13.0,g,45.0,,,IDC38644,IDC,chocolate-candy,chocolate-candy,31.0,0.0,https://othoba.com/cadbury-dairy-milk-crispello-chocolate-bar-13gm-idc-608157
2026-09-11,608158,Cadbury Dairy Milk Silk Chocolate Family pack 105g,105 g,105.0,g,500.0,,,IDC62287,IDC,chocolate-candy,chocolate-candy,15.0,0.0,https://othoba.com/cadbury-dairy-milk-silk-chocolate-family-pack-105g-idc-608158
2026-09-11,608159,Cadbury Fuse Chocolate Bar 21g,21 g,21.0,g,80.0,,,IDC59475,IDC,chocolate-candy,chocolate-candy,20.0,0.0,https://othoba.com/cadbury-fuse-chocolate-bar-21g-idc-608159
2026-09-11,608160,Cadbury Dairy Milk Silk Oreo Chocolate Bar 55gm,55 g,55.0,g,190.0,,,IDC55792,IDC,chocolate-candy,chocolate-candy,37.0,0.0,https://othoba.com/cadbury-dairy-milk-silk-oreo-chocolate-bar-55gm-idc-608160
2026-09-11,608161,Cadbury Dairy Milk Silk Plain Chocolate Bar 140gm,140 g,140.0,g,400.0,,,IDC95265,IDC,chocolate-candy,chocolate-candy,33.0,0.0,https://othoba.com/cadbury-dairy-milk-silk-plain-chocolate-bar-140gm-idc-608161
2026-09-11,608162,Cadbury Dairy Milk Silk Plain Chocolate 55gm,55 g,55.0,g,190.0,,,IDC32436,IDC,chocolate-candy,chocolate-candy,16.0,0.0,https://othoba.com/cadbury-dairy-milk-silk-plain-chocolate-55gm-idc-608162
2026-09-11,608163,Cadbury Dairy Milk Silk Whole Hazelnut Chocolate Bar 143gm,143 g,143.0,g,370.0,,,IDC31093,IDC,chocolate-candy,chocolate-candy,49.0,0.0,https://othoba.com/cadbury-dairy-milk-silk-whole-hazelnut-chocolate-bar-143gm-idc-608163
2026-09-11,608164,Cadbury Dairy Milk Silk Fruit & Nut Chocolate Bar 137gm,137 g,137.0,g,400.0,,,IDC78740,IDC,chocolate-candy,chocolate-candy,21.0,0.0,https://othoba.com/cadbury-dairy-milk-silk-fruit-nut-chocolate-bar-137gm-idc-608164
2026-09-11,608165,Cadbury Dairy Milk Silk Mousse Chocolate Bar 116gm,116 g,116.0,g,400.0,,,IDC62462,IDC,chocolate-candy,chocolate-candy,41.0,0.0,https://othoba.com/cadbury-dairy-milk-silk-mousse-chocolate-bar-116gm-idc-608165
2026-09-11,608166,Cadbury 5 Star Chocolate Bar 22g,22 g,22.0,g,35.0,,,IDC20797,IDC,chocolate-candy,chocolate-candy,8.0,0.0,https://othoba.com/cadbury-5-star-chocolate-bar-22g-idc-608166
2026-09-11,608167,Cadbury 5 Star 3D Chocolate Bar 42gm,42 g,42.0,g,100.0,,,IDC59316,IDC,chocolate-candy,chocolate-candy,53.0,0.0,https://othoba.com/cadbury-5-star-3d-chocolate-bar-42gm-idc-608167
2026-09-11,608168,Cadbury 5 Star Chocolate Bar 40gm,40 g,40.0,g,60.0,,,IDC94373,IDC,chocolate-candy,chocolate-candy,47.0,0.0,https://othoba.com/cadbury-5-star-chocolate-bar-40gm-idc-608168
2026-09-11,608169,Cadbury Bournville 70% Dark Chocolate Bar 75gm,75 g,75.0,g,550.0,,,IDC83717,IDC,chocolate-candy,chocolate-candy,27.0,0.0,https://othoba.com/cadbury-bournville-70-dark-chocolate-bar-75gm-idc-608169
2026-09-11,608170,Cadbury Dairy Milk Chocolate 11g,11 g,11.0,g,30.0,,,IDC33642,IDC,chocolate-candy,chocolate-candy,14.0,0.0,https://othoba.com/cadbury-dairy-milk-chocolate-11g-idc-608170
2026-09-11,608171,Cadbury Dairy Milk Chocolate 21gm,21 g,21.0,g,75.0,,,IDC15944,IDC,chocolate-candy,chocolate-candy,22.0,0.0,https://othoba.com/cadbury-dairy-milk-chocolate-21gm-idc-608171
2026-09-11,608172,Cadbury Dairy Milk Chocolate Flowpack 55gm,55 g,55.0,g,120.0,,,IDC58709,IDC,chocolate-candy,chocolate-candy,33.0,0.0,https://othoba.com/cadbury-dairy-milk-chocolate-flowpack-55gm-idc-608172
2026-09-11,608173,Cadbury Dairy Milk Fruit and Nut Chocolate Bar 75gm,75 g,75.0,g,300.0,,,IDC49373,IDC,chocolate-candy,chocolate-candy,42.0,0.0,https://othoba.com/cadbury-dairy-milk-fruit-and-nut-chocolate-bar-75gm-idc-608173
2026-09-11,608174,Cadbury Dairy Milk Fruit and Nut Chocolate Bar 36gm,36 g,36.0,g,100.0,,,IDC96908,IDC,chocolate-candy,chocolate-candy,55.0,0.0,https://othoba.com/cadbury-dairy-milk-fruit-and-nut-chocolate-bar-36gm-idc-608174
2026-09-11,608175,Cadbury Happy Birthday Chocoalte Gift Pack 132gm,132 g,132.0,g,250.0,,,IDC38405,IDC,chocolate-candy,chocolate-candy,41.0,0.0,https://othoba.com/cadbury-happy-birthday-chocoalte-gift-pack-132gm-idc-608175
2026-09-11,608176,Cadbury Fuse Chocolate Bar 43gm,43 g,43.0,g,100.0,,,IDC59201,IDC,chocolate-candy,chocolate-candy,18.0,0.0,https://othoba.com/cadbury-fuse-chocolate-bar-43gm-idc-608176
2026-09-11,608177,Cadbury Dairy Milk Silk Bubbly Chocolate 120g,120 g,120.0,g,400.0,,,IDC95827,IDC,chocolate-candy,chocolate-candy,29.0,0.0,https://othoba.com/cadbury-dairy-milk-silk-bubbly-chocolate-120g-idc-608177
2026-09-11,608178,Cadbury Dairy Milk Silk Hazelnut Chocolate 58gm,58 g,58.0,g,170.0,,,IDC96724,IDC,chocolate-candy,chocolate-candy,10.0,0.0,https://othoba.com/cadbury-dairy-milk-silk-hazelnut-chocolate-58gm-idc-608178
2026-09-11,608179,Cadbury Dairy Milk Silk Oreo Chocolate Bar 130gm,130 g,130.0,g,400.0,,,IDC93780,IDC,chocolate-candy,chocolate-candy,53.0,0.0,https://othoba.com/cadbury-dairy-milk-silk-oreo-chocolate-bar-130gm-idc-608179
2026-09-11,608180,Cadbury Dairy Milk Silk Plain Chocolate 40gm,40 g,40.0,g,180.0,,,IDC91842,IDC,chocolate-candy,chocolate-candy,10.0,0.0,https://othoba.com/cadbury-dairy-milk-silk-plain-chocolate-40gm-idc-608180
2026-09-11,608182,Cadbury Dairy Milk Silk Fruit & Nut Chocolate Bar 55gm,55 g,55.0,g,190.0,,,IDC59083,IDC,chocolate-candy,chocolate-candy,25.0,0.0,https://othoba.com/cadbury-dairy-milk-silk-fruit-nut-chocolate-bar-55gm-idc-608182
2026-09-11,608183,Cadbury Dairy Milk Silk Chocolate Home Treats 153 gm,153 g,153.0,g,600.0,,,IDC39143,IDC,chocolate-candy,chocolate-candy,43.0,0.0,https://othoba.com/cadbury-dairy-milk-silk-chocolate-home-treats-153-gm-idc-608183
2026-09-11,608184,Cadbury Assorted Mini Treats Chocolate Bars 127.9g,127.9 g,127.9,g,475.0,,,IDC30679,IDC,chocolate-candy,chocolate-candy,53.0,0.0,https://othoba.com/cadbury-assorted-mini-treats-chocolate-bars-1279g-idc-608184
2026-09-11,608185,Kinder Joy Chocolate for Boys 20gm,20 g,20.0,g,120.0,,,IDC33456,IDC,chocolate-candy,chocolate-candy,21.0,0.0,https://othoba.com/kinder-joy-chocolate-for-boys-20gm-idc-608185
2026-09-11,608186,Kinder Joy Chocolate for Girls 20gm,20 g,20.0,g,120.0,,,IDC25062,IDC,chocolate-candy,chocolate-candy,11.0,0.0,https://othoba.com/kinder-joy-chocolate-for-girls-20gm-idc-608186
2026-09-11,608187,Kinder Joy Natoons  Chocolate 20gm,20 g,20.0,g,100.0,,,IDC77896,IDC,chocolate-candy,chocolate-candy,39.0,0.0,https://othoba.com/kinder-joy-natoons-chocolate-20gm-idc-608187
2026-09-11,608188,Kinder Schoko-Bons Crispy 4pcs Milk And Cocoa Flavor 22.4 gm,22.4 g,22.4,g,120.0,,,IDC48608,IDC,chocolate-candy,chocolate-candy,14.0,0.0,https://othoba.com/kinder-schoko-bons-crispy-4pcs-milk-and-cocoa-flavor-224-gm-idc-608188
2026-09-11,608189,Kinder Schoko-Bons Crispy 12pcs Milk And Cocoa Flavor 67.2gm,67.2 g,67.2,g,350.0,,,IDC66174,IDC,chocolate-candy,chocolate-candy,48.0,0.0,https://othoba.com/kinder-schoko-bons-crispy-12pcs-milk-and-cocoa-flavor-672gm-idc-608189
2026-09-11,608190,Nutella Chocolate Hazelnut Bread Spread 350gm,350 g,350.0,g,550.0,,,IDC57426,IDC,chocolate-candy,chocolate-candy,56.0,0.0,https://othoba.com/nutella-chocolate-hazelnut-bread-spread-350gm-idc-608190
2026-09-11,608191,Nutella Chocolate Hazelnut Bread Spread 750gm,750 g,750.0,g,2150.0,,,IDC53679,IDC,chocolate-candy,chocolate-candy,48.0,0.0,https://othoba.com/nutella-chocolate-hazelnut-bread-spread-750gm-idc-608191
2026-09-11,608192,Nutella Chocolate Hazelnut Bread Spread 180gm,180 g,180.0,g,595.0,,,IDC15985,IDC,chocolate-candy,chocolate-candy,26.0,0.0,https://othoba.com/nutella-chocolate-hazelnut-bread-spread-180gm-idc-608192
2026-09-11,608193,Ferrero Rocher Premium Chocolate T3 37.5gm,37.5 g,37.5,g,230.0,,,IDC46561,IDC,chocolate-candy,chocolate-candy,54.0,0.0,https://othoba.com/ferrero-rocher-premium-chocolate-t3-375gm-idc-608193
2026-09-11,608194,Ferrero Rocher Premium Chocolate T16 (200gm),200 g,200.0,g,1100.0,,,IDC92950,IDC,chocolate-candy,chocolate-candy,28.0,0.0,https://othoba.com/ferrero-rocher-premium-chocolate-t16-200gm-idc-608194
2026-09-11,608195,Ferrero Moments Premium Chocolate 69.6gm,69.6 g,69.6,g,550.0,,,IDC28987,IDC,chocolate-candy,chocolate-candy,14.0,0.0,https://othoba.com/ferrero-moments-premium-chocolate-696gm-idc-608195
2026-09-11,608196,Ferrero Rocher Moments 8 pralines Pcs 46.4 gm,46.4 g,46.4,g,350.0,,,IDC35804,IDC,chocolate-candy,chocolate-candy,9.0,0.0,https://othoba.com/ferrero-rocher-moments-8-pralines-pcs-464-gm-idc-608196
2026-09-11,608197,Ferrero Rocher Moments 16 pralines Pcs 92.8 gm,92.8 g,92.8,g,700.0,,,IDC83655,IDC,chocolate-candy,chocolate-candy,51.0,0.0,https://othoba.com/ferrero-rocher-moments-16-pralines-pcs-928-gm-idc-608197
2026-09-11,608198,Tic Tac Saunf Flavour Mouth Freshner 7.2gm,7.2 g,7.2,g,30.0,,,IDC96211,IDC,chocolate-candy,chocolate-candy,44.0,0.0,https://othoba.com/tic-tac-saunf-flavour-mouth-freshner-72gm-idc-608198
2026-09-11,608199,Tic Tac Red Apple Mouth Freshner 7.2gm,7.2 g,7.2,g,30.0,,,IDC97550,IDC,chocolate-candy,chocolate-candy,55.0,0.0,https://othoba.com/tic-tac-red-apple-mouth-freshner-72gm-idc-608199
2026-09-11,608200,Tic Tac Mint Mouth Freshner 7.2gm,7.2 g,7.2,g,30.0,,,IDC36783,IDC,chocolate-candy,chocolate-candy,24.0,0.0,https://othoba.com/tic-tac-mint-mouth-freshner-72gm-idc-608200
2026-09-11,608201,Tic Tac Spear Mint Mouth Freshner 7.2gm,7.2 g,7.2,g,30.0,,,IDC38112,IDC,chocolate-candy,chocolate-candy,27.0,0.0,https://othoba.com/tic-tac-spear-mint-mouth-freshner-72gm-idc-608201
2026-09-11,608202,Tic Tac Strawberry Mouth Freshner 7.2gm,7.2 g,7.2,g,30.0,,,IDC64757,IDC,chocolate-candy,chocolate-candy,16.0,0.0,https://othoba.com/tic-tac-strawberry-mouth-freshner-72gm-idc-608202
2026-09-11,608203,Tic Tac Coca Cola Mouth Freshner 9.7g,9.7 g,9.7,g,40.0,,,IDC54933,IDC,chocolate-candy,chocolate-candy,29.0,0.0,https://othoba.com/tic-tac-coca-cola-mouth-freshner-97g-idc-608203
2026-09-11,608204,Tic Tac Seeds Elaichi & Ginger Flavoured Mouth Freshner 7.2g,7.2 g,7.2,g,30.0,,,IDC71820,IDC,chocolate-candy,chocolate-candy,32.0,0.0,https://othoba.com/tic-tac-seeds-elaichi-ginger-flavoured-mouth-freshner-72g-idc-608204
2026-09-11,608205,Tic Tac Orange Mouth Freshner 7.2gm,7.2 g,7.2,g,30.0,,,IDC69842,IDC,chocolate-candy,chocolate-candy,47.0,0.0,https://othoba.com/tic-tac-orange-mouth-freshner-72gm-idc-608205
2026-09-11,608212,Clean & Clear Morning Energy Berry Blast Face Wash 50 ml,50 ml,50.0,ml,186.0,,,IDC13931,IDC,chocolate-candy,chocolate-candy,54.0,0.0,https://othoba.com/clean-clear-morning-energy-berry-blast-face-wash-50-ml-idc-608212
2026-09-11,608253,Kellogg's Chocos Fills Chocolate Breakfast Cereal 153gm,153 g,153.0,g,315.0,,,IDC71021,IDC,chocolate-candy,chocolate-candy,56.0,0.0,https://othoba.com/kelloggs-chocos-fills-chocolate-breakfast-cereal-153gm-idc-608253
2026-09-11,608254,Kellogg's Corn Flakes Original Breakfast Cereal 250gm,250 g,250.0,g,370.0,,,IDC57840,IDC,cereal,cereal,13.0,0.0,https://othoba.com/kelloggs-corn-flakes-original-breakfast-cereal-250gm-idc-608254
2026-09-11,608255,"(Buy1, Get 1 FREE )Kellogg's Corn Flakes Original Breakfast Cereal 475gm",475 g,475.0,g,995.0,,,IDC43160,IDC,cereal,cereal,56.0,0.0,https://othoba.com/buy1-get-1-free-kelloggs-corn-flakes-original-breakfast-cereal-475gm-idc-608255
2026-09-11,608256,Kellogg's Corn Flakes Original Breakfast Cereal 475gm,475 g,475.0,g,498.0,,,IDC20357,IDC,cereal,cereal,45.0,0.0,https://othoba.com/kelloggs-corn-flakes-original-breakfast-cereal-475gm-idc-608256
2026-09-11,608257,Kellogg's Corn Flakes Real Almond Honey Breakfast Cereal 168gm,168 g,168.0,g,270.0,,,IDC15446,IDC,cereal,cereal,42.0,0.0,https://othoba.com/kelloggs-corn-flakes-real-almond-honey-breakfast-cereal-168gm-idc-608257
2026-09-11,608258,Kellogg's Corn Flakes Real Almond Honey Breakfast Cereal 300gm,300 g,300.0,g,580.0,,,IDC43037,IDC,cereal,cereal,10.0,0.0,https://othoba.com/kelloggs-corn-flakes-real-almond-honey-breakfast-cereal-300gm-idc-608258
2026-09-11,608259,Kellogg's Corn Flakes with Real Honey Breakfast Cereal 300gm,300 g,300.0,g,580.0,,,IDC48027,IDC,cereal,cereal,18.0,0.0,https://othoba.com/kelloggs-corn-flakes-with-real-honey-breakfast-cereal-300gm-idc-608259
2026-09-11,608260,Kellogg's Muesli 0% Added Sugar Breakfast Cereal 500gm,500 g,500.0,g,999.0,,,IDC19938,IDC,cereal,cereal,50.0,0.0,https://othoba.com/kelloggs-muesli-0-added-sugar-breakfast-cereal-500gm-idc-608260
2026-09-11,608261,Kellogg's Millet Muesli Breakfast Cereal 500gm,500 g,500.0,g,1099.0,,,IDC32685,IDC,cereal,cereal,40.0,0.0,https://othoba.com/kelloggs-millet-muesli-breakfast-cereal-500gm-idc-608261
2026-09-11,608262,Kellogg's Muesli Fruit Magic Breakfast Cereal 500gm,500 g,500.0,g,999.0,,,IDC92521,IDC,cereal,cereal,53.0,0.0,https://othoba.com/kelloggs-muesli-fruit-magic-breakfast-cereal-500gm-idc-608262
2026-09-11,608263,"Kellogg's Muesli Fruit, Nut & Seed Breakfast Cereal 240gm",240 g,240.0,g,499.0,,,IDC82098,IDC,cereal,cereal,24.0,0.0,https://othoba.com/kelloggs-muesli-fruit-nut-seed-breakfast-cereal-240gm-idc-608263
2026-09-11,608264,Kellogg's Muesli Nut Delight Breakfast Cereal 500gm,500 g,500.0,g,999.0,,,IDC74508,IDC,cereal,cereal,51.0,0.0,https://othoba.com/kelloggs-muesli-nut-delight-breakfast-cereal-500gm-idc-608264
2026-09-11,608265,Kellogg's Oats Breakfast Cereal 1.5kg,1.5 kg,1.5,kg,1200.0,,,IDC67828,IDC,cereal,cereal,44.0,0.0,https://othoba.com/kelloggs-oats-breakfast-cereal-15kg-idc-608265
2026-09-11,608266,Kellogg's Oats Breakfast Cereal 900gm,900 g,900.0,g,750.0,,,IDC66468,IDC,cereal,cereal,23.0,0.0,https://othoba.com/kelloggs-oats-breakfast-cereal-900gm-idc-608266
2026-09-11,608267,Kellogg's Oats Breakfast Cereal 400gm,400 g,400.0,g,360.0,,,IDC23899,IDC,cereal,cereal,35.0,0.0,https://othoba.com/kelloggs-oats-breakfast-cereal-400gm-idc-608267
2026-09-11,608268,Kellogg's Chocos Duet Chocolate Breakfast Cereal 20gm,20 g,20.0,g,20.0,,,IDC39072,IDC,cereal,cereal,48.0,0.0,https://othoba.com/kelloggs-chocos-duet-chocolate-breakfast-cereal-20gm-idc-608268
2026-09-11,608269,Pringles Sour Cream & Onion Potato Chips 42gm,42 g,42.0,g,150.0,,,IDC50856,IDC,chips,chips,12.0,0.0,https://othoba.com/pringles-sour-cream-onion-potato-chips-42gm-idc-608269
2026-09-11,608270,Pringles Sour Cream & Onion Potato Chips 134gm,134 g,134.0,g,350.0,,,IDC37837,IDC,chips,chips,47.0,0.0,https://othoba.com/pringles-sour-cream-onion-potato-chips-134gm-idc-608270
2026-09-11,608271,Pringles Saucy BBQ Potato Chips 134gm,134 g,134.0,g,350.0,,,IDC50778,IDC,chips,chips,39.0,0.0,https://othoba.com/pringles-saucy-bbq-potato-chips-134gm-idc-608271
2026-09-11,608272,Pringles Original Potato Chips 134gm,134 g,134.0,g,350.0,,,IDC70763,IDC,chips,chips,54.0,0.0,https://othoba.com/pringles-original-potato-chips-134gm-idc-608272
2026-09-11,608273,Pringles Hot & Spicy Potato Chips 102gm,102 g,102.0,g,280.0,,,IDC57563,IDC,chips,chips,22.0,0.0,https://othoba.com/pringles-hot-spicy-potato-chips-102gm-idc-608273
2026-09-11,608274,Kellogg's Chocos Chocolate Breakfast Cereal 22gm,22 g,22.0,g,20.0,,,IDC90482,IDC,cereal,cereal,35.0,0.0,https://othoba.com/kelloggs-chocos-chocolate-breakfast-cereal-22gm-idc-608274
2026-09-11,608275,Kellogg's Moon & Stars Chocolate Breakfast Cereal 22gm,22 g,22.0,g,20.0,,,IDC93199,IDC,cereal,cereal,15.0,0.0,https://othoba.com/kelloggs-moon-stars-chocolate-breakfast-cereal-22gm-idc-608275
2026-09-11,608276,Kellogg's Chocos Chocolate Breakfast Cereal Variety Pack,,,,100.0,,,IDC75707,IDC,cereal,cereal,30.0,0.0,https://othoba.com/kelloggs-chocos-chocolate-breakfast-cereal-variety-pack-idc-608276
2026-09-11,608277,Kellogg's Chocos Crunchy Bites Chocolate Breakfast Cereal 375gm,375 g,375.0,g,580.0,,,IDC43053,IDC,cereal,cereal,32.0,0.0,https://othoba.com/kelloggs-chocos-crunchy-bites-chocolate-breakfast-cereal-375gm-idc-608277
2026-09-11,608372,Mamy Rice Pasta Fusilli 500gm,500 g,500.0,g,480.0,,,IDC54398,IDC,pasta-macaroni,pasta-macaroni,26.0,0.0,https://othoba.com/mamy-rice-pasta-fusilli-500gm-idc-608372
2026-09-11,608384,Mamy Rice Pasta Penne Regate 250gm,250 g,250.0,g,250.0,,,IDC57251,IDC,pasta-macaroni,pasta-macaroni,40.0,0.0,https://othoba.com/mamy-rice-pasta-penne-regate-250gm-idc-608384
2026-09-11,608386,Mama Instant Cup Noodles Shrimp Tom Yum Flavour 70gm,70 g,70.0,g,190.0,,,IDC78866,IDC,noodles,noodles,28.0,0.0,https://othoba.com/mama-instant-cup-noodles-shrimp-tom-yum-flavour-70gm-idc-608386
2026-09-11,60894,Pran Chili Powder (মরিচ গুঁড়া) 200gm,200 g,200.0,g,145.0,,,DSP01174,Daily Shopping,spice-herb,spice-herb,,5.0,https://othoba.com/pran-chili-powder-200gm-5000000019
2026-09-11,60977,Daily Shopping Loose Chola Boot 1kg,1 kg,1.0,kg,105.0,,,DSP01175,Daily Shopping,daily-cooking,daily-cooking,,5.0,https://othoba.com/daily-shopping-loose-chola-boot-1-kg-35158
2026-09-11,60983,DS Garden Fresh Gobindobhog Mango 1 kg,1 kg,1.0,kg,96.0,,,DSP01176,Daily Shopping,fruits-vegetable,fruits-vegetable,,2.9,https://othoba.com/ds-garden-fresh-gobindobhog-mango-1-kg-65129
2026-09-11,60989,Dates (খেজুর) Algerian Imported  250 gm,250 g,250.0,g,130.0,,,DSP01177,Daily Shopping,fruits-vegetable,fruits-vegetable,,5.0,https://othoba.com/dates-algerian-imported-250-gm-65001
2026-09-11,60990,Al-Qassim Premium Mariyum Dates Loose 1 Kg,1 kg,1.0,kg,1100.0,,,DSP01178,Daily Shopping,fruits-vegetable,fruits-vegetable,,5.0,https://othoba.com/al-qassim-premium-mariyum-dates-loose-1-kg-65219
2026-09-11,60991,Al-Qassim Premium Mariyum Dates 500gm,500 g,500.0,g,650.0,,,DSP01179,Daily Shopping,fruits-vegetable,fruits-vegetable,,5.0,https://othoba.com/al-qassim-premium-mariyum-dates-430-gm-6500000165
2026-09-11,61313,Mr. Noodles Cup Noodles Magic Masala 40gm,40 g,40.0,g,35.0,,,DSP01182,Daily Shopping,noodles,noodles,,5.0,https://othoba.com/mr-noodles-cup-noodles-magic-masala-40gm-5500001001
2026-09-11,61341,PRAN Muri 5500000022,,,,40.0,,,DSP01184,Daily Shopping,local-snacks,local-snacks,,0.0,https://othoba.com/pran-muri-5500000022
2026-09-11,61342,PRAN Muri,,,,74.0,75.0,1.33,DSP01185,Daily Shopping,local-snacks,local-snacks,,0.0,https://othoba.com/pran-muri-5500000023
2026-09-11,6142,Wonder Fruit Slice Cake 100gm,100 g,100.0,g,35.0,,,5500000888,Daily Shopping,biscuit-cookies,biscuit-cookies,,0.0,https://othoba.com/wonder-fruit-slice-cake-100gm-5500000888
2026-09-11,62417,Jhatpot Samosa (Vegetable) 10pcs,10 pcs,10.0,pcs,145.0,,,DSP01199,Daily Shopping,breakfast-products,breakfast-products,,5.0,https://othoba.com/jhatpot-samosa-vegetable-10pcs-5500000350
2026-09-11,624522,💥PURE GREE সাতক্ষীরার দেশী গাওয়া ঘি 500Gm,500 g,500.0,g,699.0,1299.0,46.19,ZNGR35635,Zingerbd,ghee-3,ghee-3,39.0,0.0,https://othoba.com/pure-gree-%E0%A6%B8%E0%A6%A4%E0%A6%95%E0%A6%B7%E0%A6%B0%E0%A6%B0-%E0%A6%A6%E0%A6%B6-%E0%A6%97%E0%A6%93%E0%A7%9F-%E0%A6%98-500gm-zingerbd-624522
2026-09-11,624873,"6 Flavor Ramen Noodles, Six Flavor Ramen Noodles 3x Spicy Ramen, 2x Spicy Ramen, Hot Chicken Ramen, Ramen CARBONARA, Hot Chicken Cheese, jjajang ramen 6 pice |",,,,1500.0,1600.0,6.25,ZNGR80263,Zingerbd,noodles,noodles,18.0,0.0,https://othoba.com/6-flavor-ramen-noodles-six-flavor-ramen-noodles-3x-spicy-ramen-2x-spicy-ramen-hot-chicken-ramen-ramen-carbonara-hot-chicken-cheese-jjajang-ramen-6-pice-zingerbd-624873
2026-09-11,62531,PRAN Mk UHT Milk 1 Ltr,1 l,1.0,l,120.0,,,DSP01203,Daily Shopping,milk-3,milk-3,,4.7,https://othoba.com/pran-uht-milk-1-ltr-4000000001
2026-09-11,628043,Epsom Salt - 100 gram Pack,100 g,100.0,g,50.0,,,SEDW30610,Seeds World,daily-cooking,daily-cooking,37.0,0.0,https://othoba.com/epsom-salt-100-gram-pack-seeds-world-628043
2026-09-11,628100,Stainless Steel Soup & Lunch Box with Spoon and Spoon Holder (530 ml),530 ml,530.0,ml,980.0,1089.0,10.01,DYLG52827,Deyalghori,soup-2,soup-2,38.0,0.0,https://othoba.com/stainless-steel-soup-lunch-box-with-spoon-and-spoon-holder-530-ml
2026-09-11,63403,Pran Chicken Roast Masala 35g,35 g,35.0,g,65.0,,,DSP01204,Daily Shopping,spice-herb,spice-herb,,5.0,https://othoba.com/pran-paper-pack-roast-masala-35g
2026-09-11,63405,PRAN Paya Masala 50g,50 g,50.0,g,65.0,,,DSP01205,Daily Shopping,ready-mix,ready-mix,,0.0,https://othoba.com/pran-paya-masala-50g
2026-09-11,63406,PRAN Sheekh Kabab BBQ Mix 50g,50 g,50.0,g,85.0,,,DSP01206,Daily Shopping,ready-mix,ready-mix,,5.0,https://othoba.com/pran-sheekh-kabab-bbq-mix-50g
2026-09-11,635759,Besan/Gram Flour - 100gm,100 g,100.0,g,84.0,150.0,44.0,OGHB51677,Organic Hat Bazar,daily-cooking,daily-cooking,45.0,0.0,https://othoba.com/besangram-flour-100gm-organic-hat-bazar-635759
2026-09-11,637557,Farm Egg 30pcs Combo(Only for Rajshahi),30 pcs,30.0,pcs,265.0,,,DSP51898,Daily Shopping,eggs,eggs,,0.0,https://othoba.com/farm-egg-30pcs-comboonly-for-rajshahi
2026-09-11,638204,Fish Masala 100gm,100 g,100.0,g,70.0,,,DSP66649,Daily Shopping,eggs,eggs,,0.0,https://othoba.com/fish-masala-100gm
2026-09-11,64065,Lemon ELACHI 100gm Per Piece,100 g,100.0,g,5.0,,,DSP01207,Daily Shopping,fruits-vegetable,fruits-vegetable,,5.0,https://othoba.com/vegetable-lemon-elachi-100gm-per-piece
2026-09-11,64550,PRAN Naples Mayonnaise 200gm,200 g,200.0,g,175.0,,,DSP01209,Daily Shopping,bakery-breakfast,bakery-breakfast,,4.0,https://othoba.com/mayonnaise-170-ml
2026-09-11,64552,Mango Jam 350gm,350 g,350.0,g,110.0,,,DSP01210,Daily Shopping,bakery-breakfast,bakery-breakfast,,0.0,https://othoba.com/mango-jam-350gm
2026-09-11,64554,PRAN Honey 400gm,400 g,400.0,g,280.0,,,DSP01211,Daily Shopping,bakery-breakfast,bakery-breakfast,,5.0,https://othoba.com/pran-honey-400gm
2026-09-11,64682,Chocolord Bar 12.5gm,12.5 g,12.5,g,10.0,,,DSP01212,Daily Shopping,chocolate-candy,chocolate-candy,,0.0,https://othoba.com/chocolord-bar-125gm
2026-09-11,64969,PRAN Mango Bar Per Pc,,,,10.0,,,DSP01213,Daily Shopping,local-snacks,local-snacks,,5.0,https://othoba.com/pran-mango-bar-5500000019
2026-09-11,656308,Pran Coriander Powder 200 gm pouch,200 g,200.0,g,110.0,,,DSP92092,Daily Shopping,spices,spices,,0.0,https://othoba.com/pran-coriander-powder-200-gm-pouch-2
2026-09-11,65743,Mr. Noodles Shahi Masala 8pcs Family Pack,8 pcs,8.0,pcs,180.0,,,DSP01216,Daily Shopping,noodles,noodles,421.0,5.0,https://othoba.com/mr-noodles-shahi-masala-8pcs
2026-09-11,65907,Apple Gala,,,,380.0,,,DSP01217,Daily Shopping,fruits-vegetable,fruits-vegetable,,5.0,https://othoba.com/apple-gala-65907
2026-09-11,67208,PRAN Ginger Paste (আদা বাটা ) 250gm,250 g,250.0,g,150.0,,,DSP01218,Daily Shopping,spice-herb,spice-herb,,5.0,https://othoba.com/pran-garlic-paste-250gm-5000000352
2026-09-11,67212,PRAN Garlic Paste (রসুন বাটা ) 250gm,250 g,250.0,g,220.0,,,DSP01219,Daily Shopping,spice-herb,spice-herb,68.0,5.0,https://othoba.com/pran-garlic-paste-250gm-5000000234
2026-09-11,67701,Chocobean Ball Toffee 20 gm,20 g,20.0,g,50.0,,,DSP01222,Daily Shopping,chocolate-candy,chocolate-candy,,5.0,https://othoba.com/chocobean-ball-toffee-23-gm
2026-09-11,67704,Mugal Lachcha Semai 200 gm,200 g,200.0,g,50.0,,,DSP01223,Daily Shopping,vermicellies,vermicellies,,0.0,https://othoba.com/mugal-lachcha-semai-200-gm
2026-09-11,67705,Mr. Lachcha Semai 200 gm,200 g,200.0,g,50.0,,,DSP01224,Daily Shopping,vermicellies,vermicellies,,0.0,https://othoba.com/mr-lachcha-semai-200-gm
2026-09-11,679664,3 Pcs Lihama Combo Food Colour Sets Of Blue + Pink + Orange - 28ml (3 Pieces),3 pcs,3.0,pcs,165.0,210.0,21.43,AMBA679664,Amuzecart Bangladesh,food-additives,food-additives,12.0,0.0,https://othoba.com/3-pcs-lihama-combo-food-colour-sets-of-blue-pink-orange-28ml-3-pieces-amuzecart-bangladesh-679664
2026-09-11,679714,5 Pcs Lihama Organic Combo Food Flavouring Essence Set ( Mango + Chocolate + Strawberry + Pineapple + Lemon ) - 32 ml x 5 Pcs,5 pcs,5.0,pcs,276.0,450.0,38.67,AMBA679714,Amuzecart Bangladesh,food-additives,food-additives,14.0,0.0,https://othoba.com/5-pcs-lihama-organic-combo-food-flavouring-essence-set-mango-chocolate-strawberry-pineapple-lemon-32-ml-x-5-pcs-amuzecart-bangladesh-679714
2026-09-11,679715,8 Pcs Lihama Organic Combo Food Flavor Essence Set ( Mango + Strawberry + Lemon + Orange + Chocolate + Vanilla + Rose + Banana ) - 28ml Per Piece x 8 Pieces,8 pcs,8.0,pcs,465.0,560.0,16.96,AMBA679715,Amuzecart Bangladesh,food-additives,food-additives,53.0,0.0,https://othoba.com/8-pcs-lihama-organic-combo-food-flavor-essence-set-mango-strawberry-lemon-orange-chocolate-vanilla-rose-banana-28ml-per-piece-x-8-pieces-amuzecart-bangladesh-679715
2026-09-11,679716,Lihama Organic Food Flavour (Essence) Orange - 32 ml x 1 Pcs,1 pcs,1.0,pcs,65.0,90.0,27.78,AMBA679716,Amuzecart Bangladesh,food-additives,food-additives,16.0,0.0,https://othoba.com/lihama-organic-food-flavour-essence-orange-32-ml-x-1-pcs-amuzecart-bangladesh-679716
2026-09-11,679717,Lihama Organic Food Flavour (Essence) Strawberry - 36 ml,36 ml,36.0,ml,65.0,70.0,7.14,AMBA679717,Amuzecart Bangladesh,food-additives,food-additives,44.0,0.0,https://othoba.com/lihama-organic-food-flavour-essence-strawberry-36-ml-amuzecart-bangladesh-679717
2026-09-11,679718,Lihama Organic Food Flavouring Essence Pineapple - 28 ml x 1 Pcs,1 pcs,1.0,pcs,65.0,70.0,7.14,AMBA679718,Amuzecart Bangladesh,food-additives,food-additives,16.0,0.0,https://othoba.com/lihama-organic-food-flavouring-essence-pineapple-28-ml-x-1-pcs-amuzecart-bangladesh-679718
2026-09-11,679719,Lihama Organic Food Flavour (Essence) Kewra - 28 ml,28 ml,28.0,ml,65.0,70.0,7.14,AMBA679719,Amuzecart Bangladesh,food-additives,food-additives,44.0,0.0,https://othoba.com/lihama-organic-food-flavour-essence-kewra-28-ml-amuzecart-bangladesh-679719
2026-09-11,679720,Lihama Organic Food Flavour (Essence) Rose - 28 ml x 1 Pcs,1 pcs,1.0,pcs,59.0,70.0,15.71,AMBA679720,Amuzecart Bangladesh,food-additives,food-additives,16.0,0.0,https://othoba.com/lihama-organic-food-flavour-essence-rose-28-ml-x-1-pcs-amuzecart-bangladesh-679720
2026-09-11,679721,Lihama Organic Food Flavour (Essence) Milk - 28 ml x 1 Pcs,1 pcs,1.0,pcs,65.0,70.0,7.14,AMBA679721,Amuzecart Bangladesh,food-additives,food-additives,40.0,0.0,https://othoba.com/lihama-organic-food-flavour-essence-milk-28-ml-x-1-pcs-amuzecart-bangladesh-679721
2026-09-11,679762,Lihama Organic Food Flavour (Essence) GHEE - 28 ml,28 ml,28.0,ml,85.0,100.0,15.0,AMBA679762,Amuzecart Bangladesh,food-additives,food-additives,20.0,0.0,https://othoba.com/lihama-organic-food-flavour-essence-ghee-28-ml-amuzecart-bangladesh-679762
2026-09-11,679786,Lihama Ready Mix Ice Cream Powder Vanilla [Vanilla Flavor ) - 100gm,100 g,100.0,g,115.0,120.0,4.17,AMBA679786,Amuzecart Bangladesh,food-additives,food-additives,20.0,0.0,https://othoba.com/lihama-ready-mix-ice-cream-powder-vanilla-vanilla-flavor-100gm-amuzecart-bangladesh-679786
2026-09-11,679787,3 Pcs Lihama Combo Ready Mix Ice Cream Powder Chocolate + Vanilla + Strawberry ( Organic Ice Cream Powder ) - 100gmX3 (3 in 1) =300gm,300 g,300.0,g,312.0,360.0,13.33,AMBA679787,Amuzecart Bangladesh,food-additives,food-additives,27.0,0.0,https://othoba.com/3-pcs-lihama-combo-ready-mix-ice-cream-powder-chocolate-vanilla-strawberry-organic-ice-cream-powder-100gmx3-3-in-1-300gm-amuzecart-bangladesh-679787
2026-09-11,679817,3 Pcs Lihama Combo Flavor Set ( GHEE + BIRYANI + POLAO ) - 3 Pieces / 28ml,28 ml,28.0,ml,258.0,300.0,14.0,AMBA679817,Amuzecart Bangladesh,ghee-butter,ghee-butter,35.0,0.0,https://othoba.com/3-pcs-lihama-combo-flavor-set-ghee-biryani-polao-3-pieces-28ml-amuzecart-bangladesh-679817
2026-09-11,679839,Lihama Organic Food Colour Red - 28 ml,28 ml,28.0,ml,65.0,70.0,7.14,AMBA679839,Amuzecart Bangladesh,food-additives,food-additives,49.0,0.0,https://othoba.com/lihama-organic-food-colour-red-28-ml-amuzecart-bangladesh-679839
2026-09-11,679840,Lihama Organic Food Colour Purple - 28 ml,28 ml,28.0,ml,65.0,70.0,7.14,AMBA679840,Amuzecart Bangladesh,food-additives,food-additives,29.0,0.0,https://othoba.com/lihama-organic-food-colour-purple-28-ml-amuzecart-bangladesh-679840
2026-09-11,679841,Lihama Organic Food Colour Orange - 28 ml,28 ml,28.0,ml,65.0,70.0,7.14,AMBA679841,Amuzecart Bangladesh,food-additives,food-additives,18.0,0.0,https://othoba.com/lihama-organic-food-colour-orange-28-ml-amuzecart-bangladesh-679841
2026-09-11,679842,5 Pcs Lihama Combo Food Flavour Essence ORANGE + MANGO + CHOCOLATE + STRAWBERRY + LEMON - 32 ml x 5 Pcs,5 pcs,5.0,pcs,276.0,450.0,38.67,AMBA679842,Amuzecart Bangladesh,food-additives,food-additives,26.0,0.0,https://othoba.com/5-pcs-lihama-combo-food-flavour-essence-orange-mango-chocolate-strawberry-lemon-32-ml-x-5-pcs-amuzecart-bangladesh-679842
2026-09-11,679843,7 Pcs Lihama Combo Food Flavour Essence MANGO + ORANGE + BANANA + CHOCOLATE + STRAWBERRY + LEMON + PINEAPPLE - 28 ml x 7 Pcs,7 pcs,7.0,pcs,350.0,490.0,28.57,AMBA679843,Amuzecart Bangladesh,food-additives,food-additives,8.0,0.0,https://othoba.com/7-pcs-lihama-combo-food-flavour-essence-mango-orange-banana-chocolate-strawberry-lemon-pineapple-28-ml-x-7-pcs-amuzecart-bangladesh-679843
2026-09-11,679844,5 Pcs Lihama Combo Food Flavor Essence POLAO + GHEE + BIRYANI + ZAFRAN + HALEEM - 28 ml x 5 Pcs,5 pcs,5.0,pcs,432.0,500.0,13.6,AMBA679844,Amuzecart Bangladesh,food-additives,food-additives,53.0,0.0,https://othoba.com/5-pcs-lihama-combo-food-flavor-essence-polao-ghee-biryani-zafran-haleem-28-ml-x-5-pcs-amuzecart-bangladesh-679844
2026-09-11,679845,5 Pcs Lihama Combo Food Flavuor Essence MILK + CHOCOLATE + STRAWBERRY +  NENNILA + MANGO - 28 ml x 5 Pcs,5 pcs,5.0,pcs,276.0,350.0,21.14,AMBA679845,Amuzecart Bangladesh,food-additives,food-additives,48.0,0.0,https://othoba.com/5-pcs-lihama-combo-food-flavuor-essence-milk-chocolate-strawberry-nennila-mango-28-ml-x-5-pcs-amuzecart-bangladesh-679845
2026-09-11,679846,3 Pcs Lihama Combo Food Flavour Essence MANGO + ORANGE + BANANA - 28 ml x 3 Pcs,3 pcs,3.0,pcs,165.0,210.0,21.43,AMBA679846,Amuzecart Bangladesh,food-additives,food-additives,26.0,0.0,https://othoba.com/3-pcs-lihama-combo-food-flavour-essence-mango-orange-banana-28-ml-x-3-pcs-amuzecart-bangladesh-679846
2026-09-11,679847,3 Pcs Lihama Combo Food Flavor Essence POLAO + BIRYANI + GHEE - 36 ml x 3 Pcs,3 pcs,3.0,pcs,265.0,300.0,11.67,AMBA679847,Amuzecart Bangladesh,food-additives,food-additives,14.0,0.0,https://othoba.com/3-pcs-lihama-combo-food-flavor-essence-polao-biryani-ghee-36-ml-x-3-pcs-amuzecart-bangladesh-679847
2026-09-11,679848,3 Pcs Lihama Combo Food Flavour Essence PINEAPPLE + LICHI + ROSE - 28 ml x 3 Pcs,3 pcs,3.0,pcs,179.0,210.0,14.76,AMBA679848,Amuzecart Bangladesh,food-additives,food-additives,36.0,0.0,https://othoba.com/3-pcs-lihama-combo-food-flavour-essence-pineapple-lichi-rose-28-ml-x-3-pcs-amuzecart-bangladesh-679848
2026-09-11,679849,3 Pcs Lihama Combo Food Flavour Essence CHOCOLATE + STRAWBERRY + LEMON - 28 ml x 3 Pcs,3 pcs,3.0,pcs,179.0,210.0,14.76,AMBA679849,Amuzecart Bangladesh,food-additives,food-additives,8.0,0.0,https://othoba.com/3-pcs-lihama-combo-food-flavour-essence-chocolate-strawberry-lemon-28-ml-x-3-pcs-amuzecart-bangladesh-679849
2026-09-11,679850,Lihama Organic Food Colour BLUE  - 28 ml,28 ml,28.0,ml,65.0,70.0,7.14,AMBA679850,Amuzecart Bangladesh,food-additives,food-additives,46.0,0.0,https://othoba.com/lihama-organic-food-colour-blue-28-ml-amuzecart-bangladesh-679850
2026-09-11,679851,Lihama Organic Food Flavour Essence ( লিচি ) LICHI - 28 ml x 1 Pcs,1 pcs,1.0,pcs,65.0,70.0,7.14,AMBA679851,Amuzecart Bangladesh,food-additives,food-additives,50.0,0.0,https://othoba.com/lihama-organic-food-flavour-essence-%E0%A6%B2%E0%A6%9A-lichi-28-ml-x-1-pcs-amuzecart-bangladesh-679851
2026-09-11,679852,Lihama Organic Food Flavour (Essence) ZAFRAN - 28 ml x 1 Pcs,1 pcs,1.0,pcs,85.0,100.0,15.0,AMBA679852,Amuzecart Bangladesh,food-additives,food-additives,27.0,0.0,https://othoba.com/lihama-organic-food-flavour-essence-zafran-28-ml-x-1-pcs-amuzecart-bangladesh-679852
2026-09-11,679875,Lihama Ready Mix Ice Cream Powder Chocolate ( Chocolate Flavor ) - 100gm,100 g,100.0,g,115.0,120.0,4.17,AMBA679875,Amuzecart Bangladesh,food-additives,food-additives,29.0,0.0,https://othoba.com/lihama-ready-mix-ice-cream-powder-chocolate-chocolate-flavor-100gm-amuzecart-bangladesh-679875
2026-09-11,679883,Lihama Redy Mix Combo ( 4 Ps ) Organics Ice Cream Powder Chocolate + Vanilla + Strawberry + Mango = 100gn,,,,399.0,480.0,16.88,AMBA679883,Amuzecart Bangladesh,food-additives,food-additives,25.0,0.0,https://othoba.com/lihama-redy-mix-combo-4-ps-organics-ice-cream-powder-chocolate-vanilla-strawberry-mango-100gn-amuzecart-bangladesh-679883
2026-09-11,679884,Lihama Ready Mix Ice Cream Powder Strawberry ( Organic Ice Cream Powder ) - 100g,100 g,100.0,g,115.0,120.0,4.17,AMBA679884,Amuzecart Bangladesh,food-additives,food-additives,53.0,0.0,https://othoba.com/lihama-ready-mix-ice-cream-powder-strawberry-organic-ice-cream-powder-100g-amuzecart-bangladesh-679884
2026-09-11,679885,Lihama Ready Mix Ice Cream Powder Mango ( Organic Ice Cream Powder ) - 100g -  Ready Mix Ice Cream Powder Mango,100 g,100.0,g,115.0,120.0,4.17,AMBA679885,Amuzecart Bangladesh,food-additives,food-additives,25.0,0.0,https://othoba.com/lihama-ready-mix-ice-cream-powder-mango-organic-ice-cream-powder-100g-ready-mix-ice-cream-powder-mango-amuzecart-bangladesh-679885
2026-09-11,679900,3 Pcs Lihama Brand Combo Items Corn Flower + Baking Powder + Custard Powder - 300gm [100gm Per Container x3=300gm],300 g,300.0,g,215.0,240.0,10.42,AMBA679900,Amuzecart Bangladesh,food-additives,food-additives,20.0,0.0,https://othoba.com/3-pcs-lihama-brand-combo-items-corn-flower-baking-powder-custard-powder-300gm-100gm-per-container-x3300gm-amuzecart-bangladesh-679900
2026-09-11,679902,Lihama Baking Powder ( Baking Powder ) - 100gm,100 g,100.0,g,72.0,80.0,10.0,AMBA679902,Amuzecart Bangladesh,food-additives,food-additives,18.0,0.0,https://othoba.com/lihama-baking-powder-baking-powder-100gm-amuzecart-bangladesh-679902
2026-09-11,679950,LIHAMA Venilla Powder ( Venilla Powder  ) Recipe - 50gm,50 g,50.0,g,112.0,120.0,6.67,AMBA679950,Amuzecart Bangladesh,food-additives,food-additives,44.0,0.0,https://othoba.com/lihama-venilla-powder-venilla-powder-recipe-50gm-amuzecart-bangladesh-679950
2026-09-11,679965,REDMAN ( BLACK ) Soft Gel Paste Food Colour BLACK  - 36ml,36 ml,36.0,ml,110.0,120.0,8.33,AMBA679965,Amuzecart Bangladesh,food-additives,food-additives,25.0,0.0,https://othoba.com/redman-black-soft-gel-paste-food-colour-black-36ml-amuzecart-bangladesh-679965
2026-09-11,679966,REDMAN ( PURPLE ) Soft Gel Paste Food Color PURPLE - 36ml Food Color PURPLE,36 ml,36.0,ml,110.0,120.0,8.33,AMBA679966,Amuzecart Bangladesh,food-additives,food-additives,28.0,0.0,https://othoba.com/redman-purple-soft-gel-paste-food-color-purple-36ml-food-color-purple-amuzecart-bangladesh-679966
2026-09-11,679967,REDMAN ( ROSE PINK ) Soft Gel Paste Base Food Colour ROSE PINK - 36ml,36 ml,36.0,ml,110.0,120.0,8.33,AMBA679967,Amuzecart Bangladesh,food-additives,food-additives,47.0,0.0,https://othoba.com/redman-rose-pink-soft-gel-paste-base-food-colour-rose-pink-36ml-amuzecart-bangladesh-679967
2026-09-11,679968,REDMAN ( WHITE ) Soft Gel Paste Food Colour WHITE  - 36ml,36 ml,36.0,ml,110.0,120.0,8.33,AMBA679968,Amuzecart Bangladesh,food-additives,food-additives,11.0,0.0,https://othoba.com/redman-white-soft-gel-paste-food-colour-white-36ml-amuzecart-bangladesh-679968
2026-09-11,679969,REDMAN ( RASPBERRY RED ) Soft Gel Paste Base Food Colour RASPBERRY RED - 36ml,36 ml,36.0,ml,110.0,120.0,8.33,AMBA679969,Amuzecart Bangladesh,food-additives,food-additives,54.0,0.0,https://othoba.com/redman-raspberry-red-soft-gel-paste-base-food-colour-raspberry-red-36ml-amuzecart-bangladesh-679969
2026-09-11,679970,REDMAN ( LEMON YELLOW ) Soft Gel Paste Base Food Color LEMON YELLOW - 36ml,36 ml,36.0,ml,110.0,120.0,8.33,AMBA679970,Amuzecart Bangladesh,food-additives,food-additives,11.0,0.0,https://othoba.com/redman-lemon-yellow-soft-gel-paste-base-food-color-lemon-yellow-36ml-amuzecart-bangladesh-679970
2026-09-11,679971,REDMAN {( SKY BLUE )} Soft Gel Paste Base Food Colour SKY BLUE - 36ml,36 ml,36.0,ml,110.0,120.0,8.33,AMBA679971,Amuzecart Bangladesh,food-additives,food-additives,50.0,0.0,https://othoba.com/redman-sky-blue-soft-gel-paste-base-food-colour-sky-blue-36ml-amuzecart-bangladesh-679971
2026-09-11,679972,REDMAN ( APPLE GREEN ) Soft Gel Paste Base Food Colour APPLE GREEN - 36ml,36 ml,36.0,ml,110.0,120.0,8.33,AMBA679972,Amuzecart Bangladesh,food-additives,food-additives,25.0,0.0,https://othoba.com/redman-apple-green-soft-gel-paste-base-food-colour-apple-green-36ml-amuzecart-bangladesh-679972
2026-09-11,679979,"REDMAN ( 4 Pcs ) Soft Gel Paste Base Food Color Combo RASPBERRY RED, APPLE GREEN, CHOCOLATE, LEMON YELLOW - 4 Pcs x 36ml",36 ml,36.0,ml,439.0,480.0,8.54,AMBA679979,Amuzecart Bangladesh,food-additives,food-additives,18.0,0.0,https://othoba.com/redman-4-pcs-soft-gel-paste-base-food-color-combo-raspberry-red-apple-green-chocolate-lemon-yellow-4-pcs-x-36ml-amuzecart-bangladesh-679979
2026-09-11,679980,"REDMAN ( 4 Pcs ) Soft Gel Paste Food Colour Combo BLUE, PINK, ORANGE, CHOCOLATE - 4 Pcs x 36ml Redman Food Colour",36 ml,36.0,ml,430.0,480.0,10.42,AMBA679980,Amuzecart Bangladesh,food-additives,food-additives,42.0,0.0,https://othoba.com/redman-4-pcs-soft-gel-paste-food-colour-combo-blue-pink-orange-chocolate-4-pcs-x-36ml-redman-food-colour-amuzecart-bangladesh-679980
2026-09-11,679981,"REDMAN ( 5 Pcs ) Soft Gel Paste Food Colour Combo RASPBERRY RED, APPLE GREEN, LEMON YELLOW, SKY BLUE, ROSE PINK - 5 Pcs x 36ml",36 ml,36.0,ml,530.0,600.0,11.67,AMBA679981,Amuzecart Bangladesh,food-additives,food-additives,35.0,0.0,https://othoba.com/redman-5-pcs-soft-gel-paste-food-colour-combo-raspberry-red-apple-green-lemon-yellow-sky-blue-rose-pink-5-pcs-x-36ml-amuzecart-bangladesh-679981
2026-09-11,679984,LIHAMA ( Hing Gura ) Compounded Hing powder - 30g Hing Gura,30 g,30.0,g,110.0,120.0,8.33,AMBA679984,Amuzecart Bangladesh,food-additives,food-additives,38.0,0.0,https://othoba.com/lihama-hing-gura-compounded-hing-powder-30g-hing-gura-amuzecart-bangladesh-679984
2026-09-11,679986,LIHAMA Agar Agar Powder - 30g Agar Agar Powder Mfg: 2025  Exp: 2027,30 g,30.0,g,118.0,130.0,9.23,AMBA679986,Amuzecart Bangladesh,food-additives,food-additives,44.0,0.0,https://othoba.com/lihama-agar-agar-powder-30g-agar-agar-powder-mfg-2025-exp-2027-amuzecart-bangladesh-679986
2026-09-11,679990,LIHAMA BAKING SODA - 100gm {Baking Soda},100 g,100.0,g,63.0,70.0,10.0,AMBA679990,Amuzecart Bangladesh,food-additives,food-additives,32.0,0.0,https://othoba.com/lihama-baking-soda-100gm-baking-soda-amuzecart-bangladesh-679990
2026-09-11,679995,Hasan's Testing Salt Seasoning - 50gm x 3 Pack= 150gm Tasting Salt (3 in 1 Pack),1 pack,1.0,pack,59.0,70.0,15.71,AMBA679995,Amuzecart Bangladesh,food-additives,food-additives,45.0,0.0,https://othoba.com/hasans-testing-salt-seasoning-50gm-x-3-pack-150gm-tasting-salt-3-in-1-pack-amuzecart-bangladesh-679995
2026-09-11,679996,( 6 Pcs ) Lihama Organic Food Color Combo Red + Green + Yellow + Sky Blue + Rose Pink + Orange = 36ml x 6 Pcs,6 pcs,6.0,pcs,359.0,450.0,20.22,AMBA679996,Amuzecart Bangladesh,food-additives,food-additives,54.0,0.0,https://othoba.com/-6-pcs-lihama-organic-food-color-combo-red-green-yellow-sky-blue-rose-pink-orange-36ml-x-6-pcs-amuzecart-bangladesh-679996
2026-09-11,679997,( 3 Pcs ) Lihama Organic Food Color Combo Red + Green + Yellow = 28ml x 3 Pcs,3 pcs,3.0,pcs,199.0,225.0,11.56,AMBA679997,Amuzecart Bangladesh,food-additives,food-additives,40.0,0.0,https://othoba.com/-3-pcs-lihama-organic-food-color-combo-red-green-yellow-28ml-x-3-pcs-amuzecart-bangladesh-679997
2026-09-11,679998,( 3 pcs) Lihama Organic Food Color Combo Blue + Pink + Orange = 28ml x 3 Pcs,3 pcs,3.0,pcs,199.0,225.0,11.56,AMBA679998,Amuzecart Bangladesh,food-additives,food-additives,48.0,0.0,https://othoba.com/-3-pcs-lihama-organic-food-color-combo-blue-pink-orange-28ml-x-3-pcs-amuzecart-bangladesh-679998
2026-09-11,679999,Lihama Organic Food Colour Rose Pink = 28ml,28 ml,28.0,ml,65.0,90.0,27.78,AMBA679999,Amuzecart Bangladesh,food-additives,food-additives,47.0,0.0,https://othoba.com/lihama-organic-food-colour-rose-pink-28ml-amuzecart-bangladesh-679999
2026-09-11,680000,Lihama Organic Food Color Combo Red + Green + Yellow + Blue + Pink = 28ml x 5 Pcs,5 pcs,5.0,pcs,299.0,375.0,20.27,AMBA680000,Amuzecart Bangladesh,food-additives,food-additives,42.0,0.0,https://othoba.com/lihama-organic-food-color-combo-red-green-yellow-blue-pink-28ml-x-5-pcs-amuzecart-bangladesh-680000
2026-09-11,680001,Lihama Organic Food Colour Yellow = 28ml,28 ml,28.0,ml,65.0,90.0,27.78,AMBA680001,Amuzecart Bangladesh,food-additives,food-additives,24.0,0.0,https://othoba.com/lihama-organic-food-colour-yellow-28ml-amuzecart-bangladesh-680001
2026-09-11,680002,Lihama Organic Food Colour Raspberry Red = 28ml,28 ml,28.0,ml,65.0,90.0,27.78,AMBA680002,Amuzecart Bangladesh,food-additives,food-additives,28.0,0.0,https://othoba.com/lihama-organic-food-colour-raspberry-red-28ml-amuzecart-bangladesh-680002
2026-09-11,680003,Lihama Organic Food Colour Green = 28ml,28 ml,28.0,ml,65.0,90.0,27.78,AMBA680003,Amuzecart Bangladesh,food-additives,food-additives,40.0,0.0,https://othoba.com/lihama-organic-food-colour-green-28ml-amuzecart-bangladesh-680003
2026-09-11,680004,Lihama Organic Food Colour Blue = 28ml,28 ml,28.0,ml,65.0,90.0,27.78,AMBA680004,Amuzecart Bangladesh,food-additives,food-additives,50.0,0.0,https://othoba.com/lihama-organic-food-colour-blue-28ml-amuzecart-bangladesh-680004
2026-09-11,680005,Lihama Organic Food Colour Orange = 28ml,28 ml,28.0,ml,65.0,90.0,27.78,AMBA680005,Amuzecart Bangladesh,food-additives,food-additives,13.0,0.0,https://othoba.com/lihama-organic-food-colour-orange-28ml-amuzecart-bangladesh-680005
2026-09-11,680009,Overhead Video Stand  ( মোবাইল মাউন্ট - With Mobile Mount ) Phone Holder Articulating Arm Phone Mount Table Top ChromLives Scissor Boom Arm Articulating Phone Stand Tablet Phone Holder for Streaming Phone Baking Crafting,,,,799.0,1000.0,20.1,AMBA680009,Amuzecart Bangladesh,food-additives,food-additives,42.0,0.0,https://othoba.com/overhead-video-stand-%E0%A6%AE%E0%A6%AC%E0%A6%87%E0%A6%B2-%E0%A6%AE%E0%A6%89%E0%A6%A8%E0%A6%9F-with-mobile-mount-phone-holder-articulating-arm-phone-mount-table-top-chromlives-scissor-boom-arm-articulating-phone-stand-tablet-phone-holder-for-streaming-phone-baking
2026-09-11,680010,Lihama Combo ( 5 Pcs ) Sets Emulsion Strawberry + Chocolate + Mango + Orange + Lemon = 36  ml  ( কালার এবং স্বাদ এক সাথে ),36 ml,36.0,ml,499.0,600.0,16.83,AMBA680010,Amuzecart Bangladesh,food-additives,food-additives,35.0,0.0,https://othoba.com/lihama-combo-5-pcs-sets-emulsion-strawberry-chocolate-mango-orange-lemon-36-ml-%E0%A6%95%E0%A6%B2%E0%A6%B0-%E0%A6%8F%E0%A6%AC-%E0%A6%B8%E0%A6%AC%E0%A6%A6-%E0%A6%8F%E0%A6%95-%E0%A6%B8%E0%A6%A5-amuzecart-bangladesh-680010
2026-09-11,680011,Lihama Combo Sets Of Emulsion LEMON + STRAWBERRY + MANGO - 36 ml x 3 ( কালার এবং স্বাদ একসাথে ) = 3 Pcs,3 pcs,3.0,pcs,319.0,360.0,11.39,AMBA680011,Amuzecart Bangladesh,food-additives,food-additives,37.0,0.0,https://othoba.com/lihama-combo-sets-of-emulsion-lemon-strawberry-mango-36-ml-x-3-%E0%A6%95%E0%A6%B2%E0%A6%B0-%E0%A6%8F%E0%A6%AC-%E0%A6%B8%E0%A6%AC%E0%A6%A6-%E0%A6%8F%E0%A6%95%E0%A6%B8%E0%A6%A5-3-pcs-amuzecart-bangladesh-680011
2026-09-11,680012,Lihama Combo Sets Of Emulsion Strawberry + Chocolate + Orange = 36 ml x 3 ( কালার এবং স্বাদ একসাথে ) = 3 Pcs,3 pcs,3.0,pcs,319.0,360.0,11.39,AMBA680012,Amuzecart Bangladesh,food-additives,food-additives,33.0,0.0,https://othoba.com/lihama-combo-sets-of-emulsion-strawberry-chocolate-orange-36-ml-x-3-%E0%A6%95%E0%A6%B2%E0%A6%B0-%E0%A6%8F%E0%A6%AC-%E0%A6%B8%E0%A6%AC%E0%A6%A6-%E0%A6%8F%E0%A6%95%E0%A6%B8%E0%A6%A5-3-pcs-amuzecart-bangladesh-680012
2026-09-11,680013,Lihama ( Food Colour + Food Flavour ) Emulsion STRAWBERRY Flavor + Color = 36 ml Strawberry Flavor + Color,36 ml,36.0,ml,115.0,120.0,4.17,AMBA680013,Amuzecart Bangladesh,food-additives,food-additives,52.0,0.0,https://othoba.com/lihama-food-colour-food-flavour-emulsion-strawberry-flavor-color-36-ml-strawberry-flavor-color-amuzecart-bangladesh-680013
2026-09-11,680014,Lihama Emulsion Mango Flavor + Color = 60 ml ( কালার এবং স্বাদ একসাথে ) - 1 Pcs,1 pcs,1.0,pcs,115.0,120.0,4.17,AMBA680014,Amuzecart Bangladesh,food-additives,food-additives,35.0,0.0,https://othoba.com/lihama-emulsion-mango-flavor-color-60-ml-%E0%A6%95%E0%A6%B2%E0%A6%B0-%E0%A6%8F%E0%A6%AC-%E0%A6%B8%E0%A6%AC%E0%A6%A6-%E0%A6%8F%E0%A6%95%E0%A6%B8%E0%A6%A5-1-pcs-amuzecart-bangladesh-680014
2026-09-11,680015,Lihama Emulsion Chocolate Flavor + Color = 60 ml ( কালার এবং স্বাদ একসাথে ) - 1 Pcs,1 pcs,1.0,pcs,115.0,120.0,4.17,AMBA680015,Amuzecart Bangladesh,food-additives,food-additives,36.0,0.0,https://othoba.com/lihama-emulsion-chocolate-flavor-color-60-ml-%E0%A6%95%E0%A6%B2%E0%A6%B0-%E0%A6%8F%E0%A6%AC-%E0%A6%B8%E0%A6%AC%E0%A6%A6-%E0%A6%8F%E0%A6%95%E0%A6%B8%E0%A6%A5-1-pcs-amuzecart-bangladesh-680015
2026-09-11,680016,Lihama Emulsion Orange Flavor + Color = 36 ml ( কালার এবং স্বাদ একসাথে ) - 1 Pcs,1 pcs,1.0,pcs,115.0,120.0,4.17,AMBA680016,Amuzecart Bangladesh,food-additives,food-additives,25.0,0.0,https://othoba.com/lihama-emulsion-orange-flavor-color-36-ml-%E0%A6%95%E0%A6%B2%E0%A6%B0-%E0%A6%8F%E0%A6%AC-%E0%A6%B8%E0%A6%AC%E0%A6%A6-%E0%A6%8F%E0%A6%95%E0%A6%B8%E0%A6%A5-1-pcs-amuzecart-bangladesh-680016
2026-09-11,680017,Lihama Emulsion Lemon Flavor + Color = 36  ml ( কালার এবং স্বাদ একসাথে ) = 1 Pcs,1 pcs,1.0,pcs,115.0,120.0,4.17,AMBA680017,Amuzecart Bangladesh,food-additives,food-additives,9.0,0.0,https://othoba.com/lihama-emulsion-lemon-flavor-color-36-ml-%E0%A6%95%E0%A6%B2%E0%A6%B0-%E0%A6%8F%E0%A6%AC-%E0%A6%B8%E0%A6%AC%E0%A6%A6-%E0%A6%8F%E0%A6%95%E0%A6%B8%E0%A6%A5-1-pcs-amuzecart-bangladesh-680017
2026-09-11,680027,Redman ( Dubai ) Organic Food Flavor Essence Combo Sets - Strawberry + Vanilla + Mango + Orange + Banana = 32 ml X 5 Pcs,5 pcs,5.0,pcs,530.0,600.0,11.67,AMBA680027,Amuzecart Bangladesh,food-additives,food-additives,30.0,0.0,https://othoba.com/redman-dubai-organic-food-flavor-essence-combo-sets-strawberry-vanilla-mango-orange-banana-32-ml-x-5-pcs-amuzecart-bangladesh-680027
2026-09-11,680030,"( 2 PCS Glass) Samsung Galaxy A54 5G/4G 11D/21D Full Glue Tempered Glass Edge to Edge Protection Screen Protector ( 6.4"" ) - 2 Pcs",2 pcs,2.0,pcs,130.0,200.0,35.0,AMBA680030,Amuzecart Bangladesh,food-additives,food-additives,20.0,0.0,https://othoba.com/-2-pcs-glass-samsung-galaxy-a54-5g4g-11d21d-full-glue-tempered-glass-edge-to-edge-protection-screen-protector-64-2-pcs-amuzecart-bangladesh-680030
2026-09-11,680034,"Samsung Galaxy A34 5G 11D/21D Full Glue Tempered Glass Edge to Edge Protection Screen Protector ( 6.6"") - Black",5 g,5.0,g,76.0,100.0,24.0,AMBA680034,Amuzecart Bangladesh,food-additives,food-additives,30.0,0.0,https://othoba.com/samsung-galaxy-a34-5g-11d21d-full-glue-tempered-glass-edge-to-edge-protection-screen-protector-66-black-amuzecart-bangladesh-680034
2026-09-11,680039,Lihama Ready Mix Ice Cream Powder Strawberry ( Strawberry Flavor ) - 100gm X 1,100 g,100.0,g,116.0,120.0,3.33,AMBA680039,Amuzecart Bangladesh,food-additives,food-additives,17.0,0.0,https://othoba.com/lihama-ready-mix-ice-cream-powder-strawberry-strawberry-flavor-100gm-x-1-amuzecart-bangladesh-680039
2026-09-11,680040,( 100gm ) Lihama Ready Mix Ice Cream Powder VANILLA ( VANILLA Flavor ) - 100gm,100 g,100.0,g,116.0,120.0,3.33,AMBA680040,Amuzecart Bangladesh,food-additives,food-additives,51.0,0.0,https://othoba.com/-100gm-lihama-ready-mix-ice-cream-powder-vanilla-vanilla-flavor-100gm-amuzecart-bangladesh-680040
2026-09-11,680056,3 Pcs Lihama  Combo Organic Food Colour Set Of  BLUE + PINK + ORANGE = 28 ml x 3 Pcs,3 pcs,3.0,pcs,185.0,225.0,17.78,AMBA680056,Amuzecart Bangladesh,food-additives,food-additives,52.0,0.0,https://othoba.com/3-pcs-lihama-combo-organic-food-colour-set-of-blue-pink-orange-28-ml-x-3-pcs-amuzecart-bangladesh-680056
2026-09-11,680063,Lihama স্বাদের ম্যাজিক বিট লবণ - ৮০ গ্রাম ম্যাজিক বিট লবণ,,,,72.0,80.0,10.0,AMBA680063,Amuzecart Bangladesh,food-additives,food-additives,30.0,0.0,https://othoba.com/lihama-%E0%A6%B8%E0%A6%AC%E0%A6%A6%E0%A6%B0-%E0%A6%AE%E0%A6%AF%E0%A6%9C%E0%A6%95-%E0%A6%AC%E0%A6%9F-%E0%A6%B2%E0%A6%AC%E0%A6%A3-%E0%A7%AE%E0%A7%A6-%E0%A6%97%E0%A6%B0%E0%A6%AE-%E0%A6%AE%E0%A6%AF%E0%A6%9C%E0%A6%95-%E0%A6%AC%E0%A6%9F-%E0%A6%B2%E0%A6%AC%E0%A6%A3-amuzecart-bangladesh-680063
2026-09-11,680068,Iso 9002 Certified Dia Sugar German Technology Specially Made for Diabetes Patients and A Healthy Choice to Stay Slim & Fit Sugar Substitute for family - 170 Gm,170 g,170.0,g,399.0,490.0,18.57,AMBA680068,Amuzecart Bangladesh,food-additives,food-additives,15.0,0.0,https://othoba.com/iso-9002-certified-dia-sugar-german-technology-specially-made-for-diabetes-patients-and-a-healthy-choice-to-stay-slim-fit-sugar-substitute-for-family-170-gm-amuzecart-bangladesh-680068
2026-09-11,680099,Lihama Refreshing & Repacking Kashmiri Morich ( Chili Powder ) - 50gm,50 g,50.0,g,112.0,120.0,6.67,AMBA680099,Amuzecart Bangladesh,food-additives,food-additives,34.0,0.0,https://othoba.com/lihama-refreshing-repacking-kashmiri-morich-chili-powder-50gm-amuzecart-bangladesh-680099
2026-09-11,680103,Lihama Silver + Golden Combo { 2 Pcs } Pearls / Sprinkle / Cake Decoration / Sugar Ball - 30gm x 2 Pcs,2 pcs,2.0,pcs,283.0,320.0,11.56,AMBA680103,Amuzecart Bangladesh,food-additives,food-additives,37.0,0.0,https://othoba.com/lihama-silver-golden-combo-2-pcs-pearls-sprinkle-cake-decoration-sugar-ball-30gm-x-2-pcs-amuzecart-bangladesh-680103
2026-09-11,680106,LIHMA REDYMIX CHICKEN POWDER - 100 gm CHICKEN POWDER,100 g,100.0,g,130.0,160.0,18.75,AMBA680106,Amuzecart Bangladesh,food-additives,food-additives,28.0,0.0,https://othoba.com/lihma-redymix-chicken-powder-100-gm-chicken-powder-amuzecart-bangladesh-680106
2026-09-11,680110,Lihama Pink + White Combo { 2 Pcs } Pearls / Sprinkle / Cake Decoration / Sugar Ball - 30gm x 2 Pcs,2 pcs,2.0,pcs,285.0,320.0,10.94,AMBA680110,Amuzecart Bangladesh,food-additives,food-additives,12.0,0.0,https://othoba.com/lihama-pink-white-combo-2-pcs-pearls-sprinkle-cake-decoration-sugar-ball-30gm-x-2-pcs-amuzecart-bangladesh-680110
2026-09-11,680112,Lihama Multi Colour Combo Sugar Ball ( 2 Pcs ) Pearls / Sprinkle / Cake Decoration / Sugar Ball - 30gm x 2 Pcs,2 pcs,2.0,pcs,285.0,320.0,10.94,AMBA680112,Amuzecart Bangladesh,food-additives,food-additives,44.0,0.0,https://othoba.com/lihama-multi-colour-combo-sugar-ball-2-pcs-pearls-sprinkle-cake-decoration-sugar-ball-30gm-x-2-pcs-amuzecart-bangladesh-680112
2026-09-11,680116,Lihama Multi Colour Sugar Balls Combo { 2 Pcs } Pearls / Sprinkle / Cake Decoration / Sugar Ball - 30gm x 2 Pcs,2 pcs,2.0,pcs,185.0,200.0,7.5,AMBA680116,Amuzecart Bangladesh,food-additives,food-additives,12.0,0.0,https://othoba.com/lihama-multi-colour-sugar-balls-combo-2-pcs-pearls-sprinkle-cake-decoration-sugar-ball-30gm-x-2-pcs-amuzecart-bangladesh-680116
2026-09-11,680133,nillkin1,,,,685.0,800.0,14.37,AMBA680133,Amuzecart Bangladesh,food-additives,food-additives,56.0,0.0,https://othoba.com/nillkin1-amuzecart-bangladesh-680133
2026-09-11,680143,PUBG Dropbox Double Tap [ Firing Trigger ] Pubg Trigger,,,,190.0,300.0,36.67,AMBA680143,Amuzecart Bangladesh,food-additives,food-additives,44.0,0.0,https://othoba.com/pubg-dropbox-double-tap-firing-trigger-pubg-trigger-amuzecart-bangladesh-680143
2026-09-11,680162,Redman ( 6 Pcs ) REDMAN Combo Food Flavour / Essence Set ( Mango + Strawbrry + Lemon + Chocolate + Vanilla + Banana - 6 Pieces / 28ml Per Piece,28 ml,28.0,ml,619.0,720.0,14.03,AMBA680162,Amuzecart Bangladesh,food-additives,food-additives,15.0,0.0,https://othoba.com/redman-6-pcs-redman-combo-food-flavour-essence-set-mango-strawbrry-lemon-chocolate-vanilla-banana-6-pieces-28ml-per-piece-amuzecart-bangladesh-680162
2026-09-11,680163,Redman ( 4 Pcs ) REDMAN Combo Food Flavour / Essence Set ( Mango + Strawbrry + Chocolate + Vanilla - 4 Pieces / 28ml Per Piece,28 ml,28.0,ml,430.0,480.0,10.42,AMBA680163,Amuzecart Bangladesh,food-additives,food-additives,54.0,0.0,https://othoba.com/redman-4-pcs-redman-combo-food-flavour-essence-set-mango-strawbrry-chocolate-vanilla-4-pieces-28ml-per-piece-amuzecart-bangladesh-680163
2026-09-11,680164,Redman ( 5 Pcs ) Combo Food Flavour / Essence Set ( Mango + Strawbrry + Lemon + Chocolate + Vanilla - 5 Pieces / 28ml Per Piece REDMAN,28 ml,28.0,ml,519.0,600.0,13.5,AMBA680164,Amuzecart Bangladesh,food-additives,food-additives,9.0,0.0,https://othoba.com/redman-5-pcs-combo-food-flavour-essence-set-mango-strawbrry-lemon-chocolate-vanilla-5-pieces-28ml-per-piece-redman-amuzecart-bangladesh-680164
2026-09-11,680165,Redman ( BANANA ) Food Flavouring Essence Banana - 1 Pieces / 28ml,28 ml,28.0,ml,110.0,120.0,8.33,AMBA680165,Amuzecart Bangladesh,food-additives,food-additives,24.0,0.0,https://othoba.com/redman-banana-food-flavouring-essence-banana-1-pieces-28ml-amuzecart-bangladesh-680165
2026-09-11,680166,Redman ( LEMON ) Food Flavouring Essence Lemon - 1 Pieces / 28ml,28 ml,28.0,ml,110.0,120.0,8.33,AMBA680166,Amuzecart Bangladesh,food-additives,food-additives,26.0,0.0,https://othoba.com/redman-lemon-food-flavouring-essence-lemon-1-pieces-28ml-amuzecart-bangladesh-680166
2026-09-11,680167,Redman ( CHOCOLATE ) Food Flavouring Essence Chocolate - 1 Pieces / 28ml,28 ml,28.0,ml,110.0,120.0,8.33,AMBA680167,Amuzecart Bangladesh,food-additives,food-additives,44.0,0.0,https://othoba.com/redman-chocolate-food-flavouring-essence-chocolate-1-pieces-28ml-amuzecart-bangladesh-680167
2026-09-11,680168,Redman Food ( VANILLA ) Flavouring Essence Vanilla - 1 Pieces / 28ml,28 ml,28.0,ml,110.0,120.0,8.33,AMBA680168,Amuzecart Bangladesh,food-additives,food-additives,46.0,0.0,https://othoba.com/redman-food-vanilla-flavouring-essence-vanilla-1-pieces-28ml-amuzecart-bangladesh-680168
2026-09-11,680169,Redman ( STRAWBERRY ) Food Flavouring Essence STRAWBERRY - 1 Pieces / 28ml,28 ml,28.0,ml,110.0,120.0,8.33,AMBA680169,Amuzecart Bangladesh,food-additives,food-additives,56.0,0.0,https://othoba.com/redman-strawberry-food-flavouring-essence-strawberry-1-pieces-28ml-amuzecart-bangladesh-680169
2026-09-11,680170,Redman ( MANGO ) Food Flavouring Essence MANGO - 1 Pieces / 28ml /Essence,28 ml,28.0,ml,110.0,120.0,8.33,AMBA680170,Amuzecart Bangladesh,food-additives,food-additives,27.0,0.0,https://othoba.com/redman-mango-food-flavouring-essence-mango-1-pieces-28ml-essence-amuzecart-bangladesh-680170
2026-09-11,680181,"Redman Emulsions, Food Color + Food Flavored  Essence + Color STRAWBERRY + CHOCOLATE + MANGO + ORANGE +LEMON  COMBO - 5 PCS X 36 ML",36 ml,36.0,ml,619.0,700.0,11.57,AMBA680181,Amuzecart Bangladesh,food-additives,food-additives,26.0,0.0,https://othoba.com/redman-emulsions-food-color-food-flavored-essence-color-strawberry-chocolate-mango-orange-lemon-combo-5-pcs-x-36-ml-amuzecart-bangladesh-680181
2026-09-11,680182,"Lihama Emulsions, Food Color + Food Flavored  Essence + Color STRAWBERRY + CHOCOLATE + MANGO + ORANGE +LEMON  COMBO - 5 PCS X 36 ML",36 ml,36.0,ml,550.0,600.0,8.33,AMBA680182,Amuzecart Bangladesh,food-additives,food-additives,35.0,0.0,https://othoba.com/lihama-emulsions-food-color-food-flavored-essence-color-strawberry-chocolate-mango-orange-lemon-combo-5-pcs-x-36-ml-amuzecart-bangladesh-680182
2026-09-11,680183,"Lihama Ready Mix Special Ice Cream Powder For Business Pack With Combo  Chocolate, Strawberry , Venially  - 500gm x 3 = 1.5 Kg",1.5 kg,1.5,kg,1599.0,2400.0,33.38,AMBA680183,Amuzecart Bangladesh,food-additives,food-additives,24.0,0.0,https://othoba.com/lihama-ready-mix-special-ice-cream-powder-for-business-pack-with-combo-chocolate-strawberry-venially-500gm-x-3-15-kg-amuzecart-bangladesh-680183
2026-09-11,680185,"[ 5 Pcs ] Pack Compass Radius 30 Cm Compass Engineering Student Professional Drawing Stationery Office, Cultural",5 pcs,5.0,pcs,380.0,500.0,24.0,AMBA680185,Amuzecart Bangladesh,food-additives,food-additives,8.0,0.0,https://othoba.com/-5-pcs-pack-compass-radius-30-cm-compass-engineering-student-professional-drawing-stationery-office-cultural-amuzecart-bangladesh-680185
2026-09-11,680186,Baseus Cafule Cable Fast Charging Data Cable  USB To Type-C  20W 2m - Black,,,,580.0,700.0,17.14,AMBA680186,Amuzecart Bangladesh,food-additives,food-additives,42.0,0.0,https://othoba.com/baseus-cafule-cable-fast-charging-data-cable-usb-to-type-c-20w-2m-black-amuzecart-bangladesh-680186
2026-09-11,680209,Nillkin2,,,,685.0,900.0,23.89,AMBA680209,Amuzecart Bangladesh,food-additives,food-additives,37.0,0.0,https://othoba.com/nillkin2-amuzecart-bangladesh-680209
2026-09-11,680256,Doms Water Colour Paint 12 Color Tubes box 1pc Brush 1pc Palette for Water Painting,1 pcs,1.0,pcs,239.0,300.0,20.33,AMBA680256,Amuzecart Bangladesh,food-additives,food-additives,52.0,0.0,https://othoba.com/doms-water-colour-paint-12-color-tubes-box-1pc-brush-1pc-palette-for-water-painting-amuzecart-bangladesh-680256
2026-09-11,680286,Lihama Custard Powder ( Custard Powder ) - 1x 100gm,100 g,100.0,g,77.0,80.0,3.75,AMBA680286,Amuzecart Bangladesh,food-additives,food-additives,39.0,0.0,https://othoba.com/lihama-custard-powder-custard-powder-1x-100gm-amuzecart-bangladesh-680286
2026-09-11,680308,লিহামা বিটরুট গুঁড়া ( Bitrut Gura ) - 120 gm বিটরুট গুঁড়া Brand Lihama,120 g,120.0,g,185.0,200.0,7.5,AMBA680308,Amuzecart Bangladesh,food-additives,food-additives,25.0,0.0,https://othoba.com/%E0%A6%B2%E0%A6%B9%E0%A6%AE-%E0%A6%AC%E0%A6%9F%E0%A6%B0%E0%A6%9F-%E0%A6%97%E0%A6%A1-bitrut-gura-120-gm-%E0%A6%AC%E0%A6%9F%E0%A6%B0%E0%A6%9F-%E0%A6%97%E0%A6%A1-brand-lihama-amuzecart-bangladesh-680308
2026-09-11,680309,লিহামা সজনে পাতার গুঁড়া ( Sajna Pata Gura  )  - 120 gm ( ন্যাচারাল পাতা ),120 g,120.0,g,179.0,280.0,36.07,AMBA680309,Amuzecart Bangladesh,food-additives,food-additives,49.0,0.0,https://othoba.com/%E0%A6%B2%E0%A6%B9%E0%A6%AE-%E0%A6%B8%E0%A6%9C%E0%A6%A8-%E0%A6%AA%E0%A6%A4%E0%A6%B0-%E0%A6%97%E0%A6%A1-sajna-pata-gura-120-gm-%E0%A6%A8%E0%A6%AF%E0%A6%9A%E0%A6%B0%E0%A6%B2-%E0%A6%AA%E0%A6%A4-amuzecart-bangladesh-680309
2026-09-11,680312,Xundd1,,,,437.0,600.0,27.17,AMBA680312,Amuzecart Bangladesh,food-additives,food-additives,16.0,0.0,https://othoba.com/xundd1-amuzecart-bangladesh-680312
2026-09-11,680333,LIHAMA TEMPURA FLOUR - 250 gm,250 g,250.0,g,116.0,120.0,3.33,AMBA680333,Amuzecart Bangladesh,food-additives,food-additives,25.0,0.0,https://othoba.com/lihama-tempura-flour-250-gm-amuzecart-bangladesh-680333
2026-09-11,680338,LIHAMA ICING SUGAR - 125 gm,125 g,125.0,g,72.0,80.0,10.0,AMBA680338,Amuzecart Bangladesh,food-additives,food-additives,13.0,0.0,https://othoba.com/lihama-icing-sugar-125-gm-amuzecart-bangladesh-680338
2026-09-11,680339,LIHAMA CHOCILATE CHIPS - 100gm,100 g,100.0,g,150.0,160.0,6.25,AMBA680339,Amuzecart Bangladesh,chips,chips,32.0,0.0,https://othoba.com/lihama-chocilate-chips-100gm-amuzecart-bangladesh-680339
2026-09-11,680351,Redman Emulsions ( Color + Flavor ) STRAWBERRY + CHOCOLATE + MANGO + ORANGE +LEMON + VENILLA = 36 ml Per পছন্দমত আইটেম সিলেক্ট করে অর্ডার করুন,36 ml,36.0,ml,130.0,140.0,7.14,AMBA680351,Amuzecart Bangladesh,food-additives,food-additives,14.0,0.0,https://othoba.com/redman-emulsions-color-flavor-strawberry-chocolate-mango-orange-lemon-venilla-36-ml-per-%E0%A6%AA%E0%A6%9B%E0%A6%A8%E0%A6%A6%E0%A6%AE%E0%A6%A4-%E0%A6%86%E0%A6%87%E0%A6%9F%E0%A6%AE-%E0%A6%B8%E0%A6%B2%E0%A6%95%E0%A6%9F-%E0%A6%95%E0%A6%B0-%E0%A6%85%E0%A6%B0%E0%A6%A1%E0%A6%B0-%E0%A6%95%E0%A6%B0%E0%A6%A8-amuzecart-bangladesh-680351
2026-09-11,680355,Redman Emulsions ( Color + Flavor ) STRAWBERRY + CHOCOLATE + MANGO + ORANGE +LEMON + VENILLA = 36 ml Per পছন্দমত আইটেম সিলেক্ট করে অর্ডার করুন,36 ml,36.0,ml,130.0,140.0,7.14,AMBA680355,Amuzecart Bangladesh,food-additives,food-additives,29.0,0.0,https://othoba.com/redman-emulsions-color-flavor-strawberry-chocolate-mango-orange-lemon-venilla-36-ml-per-%E0%A6%AA%E0%A6%9B%E0%A6%A8%E0%A6%A6%E0%A6%AE%E0%A6%A4-%E0%A6%86%E0%A6%87%E0%A6%9F%E0%A6%AE-%E0%A6%B8%E0%A6%B2%E0%A6%95%E0%A6%9F-%E0%A6%95%E0%A6%B0-%E0%A6%85%E0%A6%B0%E0%A6%A1%E0%A6%B0-%E0%A6%95%E0%A6%B0%E0%A6%A8-amuzecart-bangladesh-680355
2026-09-11,680358,Redman Emulsions ( Color + Flavor ) STRAWBERRY + CHOCOLATE + MANGO + ORANGE +LEMON + VENILLA = 36 ml Per পছন্দমত আইটেম সিলেক্ট করে অর্ডার করুন,36 ml,36.0,ml,130.0,140.0,7.14,AMBA680358,Amuzecart Bangladesh,food-additives,food-additives,26.0,0.0,https://othoba.com/redman-emulsions-color-flavor-strawberry-chocolate-mango-orange-lemon-venilla-36-ml-per-%E0%A6%AA%E0%A6%9B%E0%A6%A8%E0%A6%A6%E0%A6%AE%E0%A6%A4-%E0%A6%86%E0%A6%87%E0%A6%9F%E0%A6%AE-%E0%A6%B8%E0%A6%B2%E0%A6%95%E0%A6%9F-%E0%A6%95%E0%A6%B0-%E0%A6%85%E0%A6%B0%E0%A6%A1%E0%A6%B0-%E0%A6%95%E0%A6%B0%E0%A6%A8-amuzecart-bangladesh-680358
2026-09-11,680360,Redman Emulsions ( Color + Flavor ) STRAWBERRY + CHOCOLATE + MANGO + ORANGE +LEMON + VENILLA = 36 ml Per পছন্দমত আইটেম সিলেক্ট করে অর্ডার করুন,36 ml,36.0,ml,130.0,140.0,7.14,AMBA680360,Amuzecart Bangladesh,food-additives,food-additives,31.0,0.0,https://othoba.com/redman-emulsions-color-flavor-strawberry-chocolate-mango-orange-lemon-venilla-36-ml-per-%E0%A6%AA%E0%A6%9B%E0%A6%A8%E0%A6%A6%E0%A6%AE%E0%A6%A4-%E0%A6%86%E0%A6%87%E0%A6%9F%E0%A6%AE-%E0%A6%B8%E0%A6%B2%E0%A6%95%E0%A6%9F-%E0%A6%95%E0%A6%B0-%E0%A6%85%E0%A6%B0%E0%A6%A1%E0%A6%B0-%E0%A6%95%E0%A6%B0%E0%A6%A8-amuzecart-bangladesh-680360
2026-09-11,680363,Redman Emulsions ( Color + Flavor ) STRAWBERRY + CHOCOLATE + MANGO + ORANGE +LEMON + VENILLA = 36 ml Per পছন্দমত আইটেম সিলেক্ট করে অর্ডার করুন,36 ml,36.0,ml,130.0,140.0,7.14,AMBA680363,Amuzecart Bangladesh,food-additives,food-additives,46.0,0.0,https://othoba.com/redman-emulsions-color-flavor-strawberry-chocolate-mango-orange-lemon-venilla-36-ml-per-%E0%A6%AA%E0%A6%9B%E0%A6%A8%E0%A6%A6%E0%A6%AE%E0%A6%A4-%E0%A6%86%E0%A6%87%E0%A6%9F%E0%A6%AE-%E0%A6%B8%E0%A6%B2%E0%A6%95%E0%A6%9F-%E0%A6%95%E0%A6%B0-%E0%A6%85%E0%A6%B0%E0%A6%A1%E0%A6%B0-%E0%A6%95%E0%A6%B0%E0%A6%A8-amuzecart-bangladesh-680363
2026-09-11,680367,Redman Emulsions ( Color + Flavored ) LEMON - 1 PCS X 36ml,36 ml,36.0,ml,130.0,140.0,7.14,AMBA680367,Amuzecart Bangladesh,food-additives,food-additives,22.0,0.0,https://othoba.com/redman-emulsions-color-flavored-lemon-1-pcs-x-36ml-amuzecart-bangladesh-680367
2026-09-11,680369,Redman Emulsions ( Color + Flavored ) STRAWBERRY - 1 PCS X 36ml,36 ml,36.0,ml,130.0,140.0,7.14,AMBA680369,Amuzecart Bangladesh,food-additives,food-additives,43.0,0.0,https://othoba.com/redman-emulsions-color-flavored-strawberry-1-pcs-x-36ml-amuzecart-bangladesh-680369
2026-09-11,680371,Redman Emulsions ( Color + Flavored ) MANGO - 1 PCS X 36ml,36 ml,36.0,ml,130.0,140.0,7.14,AMBA680371,Amuzecart Bangladesh,food-additives,food-additives,14.0,0.0,https://othoba.com/redman-emulsions-color-flavored-mango-1-pcs-x-36ml-amuzecart-bangladesh-680371
2026-09-11,680374,Redman Emulsions ( Color + Flavored ) CHOCOLATE - 1 PCS X 36ml,36 ml,36.0,ml,130.0,140.0,7.14,AMBA680374,Amuzecart Bangladesh,food-additives,food-additives,32.0,0.0,https://othoba.com/redman-emulsions-color-flavored-chocolate-1-pcs-x-36ml-amuzecart-bangladesh-680374
2026-09-11,680376,Redman Emulsions ( Color + Flavored ) ORANGE - 1 PCS X 36ml,36 ml,36.0,ml,130.0,140.0,7.14,AMBA680376,Amuzecart Bangladesh,food-additives,food-additives,21.0,0.0,https://othoba.com/redman-emulsions-color-flavored-orange-1-pcs-x-36ml-amuzecart-bangladesh-680376
2026-09-11,680428,"100% Fresh Lihama Brand Himalayan Natural Pink Salt, Rock Salt 120 gm (Pakistani)",120 g,120.0,g,117.0,120.0,2.5,AMBA680428,Amuzecart Bangladesh,food-additives,food-additives,9.0,0.0,https://othoba.com/100-fresh-lihama-brand-himalayan-natural-pink-salt-rock-salt-120-gm-pakistani-amuzecart-bangladesh-680428
2026-09-11,680433,"Redman ( 3 PCS COMBO )  Emulsions, Food Color + Food Flavored  Essence + Color STRAWBERRY + MANGO + LEMON  COMBO - 3 PCS X 36 ML",36 ml,36.0,ml,299.0,420.0,28.81,AMBA680433,Amuzecart Bangladesh,food-additives,food-additives,45.0,0.0,https://othoba.com/redman-3-pcs-combo-emulsions-food-color-food-flavored-essence-color-strawberry-mango-lemon-combo-3-pcs-x-36-ml-amuzecart-bangladesh-680433
2026-09-11,680435,"Redman ( 3 PCS COMBO ) Emulsions, Food Color + Food Flavored  Essence + Color STRAWBERRY + CHOCOLATE + ORANGE  COMBO - 3 PCS X 36 ML",36 ml,36.0,ml,399.0,420.0,5.0,AMBA680435,Amuzecart Bangladesh,food-additives,food-additives,17.0,0.0,https://othoba.com/redman-3-pcs-combo-emulsions-food-color-food-flavored-essence-color-strawberry-chocolate-orange-combo-3-pcs-x-36-ml-amuzecart-bangladesh-680435
2026-09-11,680438,REDMAN ( CHOCOLATE ) Soft Gel Paste Food Color CHOCOLATE - 36ml Food Color CHOCOLATE,36 ml,36.0,ml,110.0,120.0,8.33,AMBA680438,Amuzecart Bangladesh,food-additives,food-additives,49.0,0.0,https://othoba.com/redman-chocolate-soft-gel-paste-food-color-chocolate-36ml-food-color-chocolate-amuzecart-bangladesh-680438
2026-09-11,680440,REDMAN ( ORANGE ) Soft Gel Paste Food Color ORANGE - 36ml Food Color ORANGE,36 ml,36.0,ml,110.0,120.0,8.33,AMBA680440,Amuzecart Bangladesh,food-additives,food-additives,49.0,0.0,https://othoba.com/redman-orange-soft-gel-paste-food-color-orange-36ml-food-color-orange-amuzecart-bangladesh-680440
2026-09-11,680442,REDMAN {( 3 Pcs )} Soft Gel Paste Food Colour Combo RASPBERRY RED + GREEN + YELLOW - 3 Pcs x 36ml,36 ml,36.0,ml,330.0,360.0,8.33,AMBA680442,Amuzecart Bangladesh,food-additives,food-additives,46.0,0.0,https://othoba.com/redman-3-pcs-soft-gel-paste-food-colour-combo-raspberry-red-green-yellow-3-pcs-x-36ml-amuzecart-bangladesh-680442
2026-09-11,680444,REDMAN ( 7 Pcs ) Soft Gel Paste Food Colour Combo RASPBERRY RED + GREEN + YELLOW +  BLUE + PINK + ORANGE + CHOCOLATE - 7 Pcs x 36ml,36 ml,36.0,ml,699.0,840.0,16.79,AMBA680444,Amuzecart Bangladesh,food-additives,food-additives,13.0,0.0,https://othoba.com/redman-7-pcs-soft-gel-paste-food-colour-combo-raspberry-red-green-yellow-blue-pink-orange-chocolate-7-pcs-x-36ml-amuzecart-bangladesh-680444
2026-09-11,680446,REDMAN ( ORANGE ) Soft Gel Paste Base Food Colour ORANGE - 36ml,36 ml,36.0,ml,106.0,109.0,2.75,AMBA680446,Amuzecart Bangladesh,food-additives,food-additives,46.0,0.0,https://othoba.com/redman-orange-soft-gel-paste-base-food-colour-orange-36ml-amuzecart-bangladesh-680446
2026-09-11,680449,REDMAN {( 3 Pcs )} Soft Gel Paste Food Colour Combo BLUE + PINK + ORANGE - 3 Pcs x 36ml,36 ml,36.0,ml,330.0,360.0,8.33,AMBA680449,Amuzecart Bangladesh,food-additives,food-additives,54.0,0.0,https://othoba.com/redman-3-pcs-soft-gel-paste-food-colour-combo-blue-pink-orange-3-pcs-x-36ml-amuzecart-bangladesh-680449
2026-09-11,680451,REDMAN [( 3 Pcs )} Soft Gel Paste Food Colour Combo BLACK + WHITE + PURPLE - 3 Pcs x 36ml,36 ml,36.0,ml,330.0,360.0,8.33,AMBA680451,Amuzecart Bangladesh,food-additives,food-additives,20.0,0.0,https://othoba.com/redman-3-pcs-soft-gel-paste-food-colour-combo-black-white-purple-3-pcs-x-36ml-amuzecart-bangladesh-680451
2026-09-11,680947,PRAN Snack Bar (Rice Crisp),,,,10.0,,,DSP680947,Daily Shopping,chocolate-candy,chocolate-candy,,0.0,https://othoba.com/pran-snack-bar-rice-crisp
2026-09-11,680949,PRAN Snack Bar (White Chocolate & Peanut),,,,20.0,,,DSP680949,Daily Shopping,chocolate-candy,chocolate-candy,,0.0,https://othoba.com/pran-snack-bar-white-chocolate-peanut
2026-09-11,681436,Himalayan Natural Pink Salt  500 Grm,,,,188.0,350.0,46.29,TEDE681436,techdealbd,daily-cooking,daily-cooking,44.0,0.0,https://othoba.com/himalayan-natural-pink-salt-500-grm-techdealbdcom-681436
2026-09-11,681452,Himalayan Pink Salt 160gm,160 g,160.0,g,76.0,200.0,62.0,TEDE681452,techdealbd,daily-cooking,daily-cooking,12.0,0.0,https://othoba.com/himalayan-pink-salt-160gm-techdealbdcom-681452
2026-09-11,681548,Vanilla Essence Natural - 28ml,28 ml,28.0,ml,57.0,100.0,43.0,TEDE681548,techdealbd,baking-2,baking-2,13.0,0.0,https://othoba.com/vanilla-essence-natural-28ml-techdealbdcom-681548
2026-09-11,681586,Orange Essence Natural - 28ml,28 ml,28.0,ml,56.0,60.0,6.67,TEDE681586,techdealbd,baking-2,baking-2,27.0,0.0,https://othoba.com/orange-essence-natural-28ml-techdealbdcom-681586
2026-09-11,681589,Himalayan Natural Pink Salt সৈন্ধব লবণ 1kg,1 kg,1.0,kg,243.0,300.0,19.0,TEDE681589,techdealbd,daily-cooking,daily-cooking,12.0,0.0,https://othoba.com/himalayan-natural-pink-salt-%E0%A6%B8%E0%A6%A8%E0%A6%A7%E0%A6%AC-%E0%A6%B2%E0%A6%AC%E0%A6%A3-1kg-techdealbdcom-681589
2026-09-11,681740,Baking Powder 1kg,1 kg,1.0,kg,332.0,450.0,26.22,TEDE681740,techdealbd,baking-2,baking-2,29.0,0.0,https://othoba.com/baking-powder-1kg-techdealbdcom-681740
2026-09-11,681790,Dark Chocolate Chips 250Gm,250 g,250.0,g,218.0,250.0,12.8,TEDE681790,techdealbd,chips,chips,32.0,0.0,https://othoba.com/dark-chocolate-chips-250gm-techdealbdcom-681790
2026-09-11,682447,Growing Up Formula Three Plus Advanced Protein 3-5 Years,,,,6600.0,,,FATR682447,M/S FARUK Traders,cereal,cereal,36.0,0.0,https://othoba.com/growing-up-formula-three-plus-advanced-protein-3-5-years-ms-faruk-traders-682447
2026-09-11,682462,Growing up formula three plus advanced protein 3-5 years,,,,1800.0,,,FATR682462,M/S FARUK Traders,cereal,cereal,8.0,0.0,https://othoba.com/growing-up-formula-three-plus-advanced-protein-3-5-years-ms-faruk-traders-682462
2026-09-11,682523,Quality Quaker Oats Jar,,,,670.0,,,FATR682523,M/S FARUK Traders,cereal,cereal,11.0,0.0,https://othoba.com/quality-quaker-oats-jar-ms-faruk-traders-682523
2026-09-11,682540,HORLICKS LIGHT HOT MALTY GOODNESS 500G (UK),500 g,500.0,g,900.0,,,FATR682540,M/S FARUK Traders,cereal,cereal,51.0,0.0,https://othoba.com/horlicks-light-hot-malty-goodness-500g-uk-ms-faruk-traders-682540
2026-09-11,682592,Cowhead Baby Oats Instant Organic Rolled Oats-500gm,500 g,500.0,g,760.0,,,FATR682592,M/S FARUK Traders,cereal,cereal,9.0,0.0,https://othoba.com/cowhead-baby-oats-instant-organic-rolled-oats-500gm-ms-faruk-traders-682592
2026-09-11,682594,Quaker Instant Oatmeal - 1kg (Malaysia),1 kg,1.0,kg,1499.0,,,FATR682594,M/S FARUK Traders,cereal,cereal,55.0,0.0,https://othoba.com/quaker-instant-oatmeal-1kg-malaysia-ms-faruk-traders-682594
2026-09-11,682604,Oat Choco Orzinal 400gm,400 g,400.0,g,999.0,,,FATR682604,M/S FARUK Traders,cereal,cereal,45.0,0.0,https://othoba.com/oat-choco-orzinal-400gm-ms-faruk-traders-682604
2026-09-11,682626,Quaker Oats Jar 500 gm,500 g,500.0,g,450.0,,,FATR682626,M/S FARUK Traders,cereal,cereal,23.0,0.0,https://othoba.com/quaker-oats-jar-500-gm-ms-faruk-traders-682626
2026-09-11,682641,Quaker White Oats - 500g,500 g,500.0,g,440.0,,,FATR682641,M/S FARUK Traders,cereal,cereal,36.0,0.0,https://othoba.com/quaker-white-oats-500g-ms-faruk-traders-682641
2026-09-11,682643,Quaker Oats Jar 500gm,500 g,500.0,g,440.0,,,FATR682643,M/S FARUK Traders,cereal,cereal,31.0,0.0,https://othoba.com/quaker-oats-jar-500gm-ms-faruk-traders-682643
2026-09-11,682655,Dr Gram Premium Grade Organic Instant Baby Oats - 500g,500 g,500.0,g,999.0,,,FATR682655,M/S FARUK Traders,cereal,cereal,27.0,0.0,https://othoba.com/dr-gram-premium-grade-organic-instant-baby-oats-500g-ms-faruk-traders-682655
2026-09-11,682744,Quaker Whole Oats 1kg   Dubai,1 kg,1.0,kg,1799.0,,,FATR682744,M/S FARUK Traders,cereal,cereal,29.0,0.0,https://othoba.com/quaker-whole-oats-1kg-dubai-ms-faruk-traders-682744
2026-09-11,682745,Calsome Nutritious Cereal Drink 750g,750 g,750.0,g,1100.0,,,FATR682745,M/S FARUK Traders,cereal,cereal,35.0,0.0,https://othoba.com/calsome-nutritious-cereal-drink-750g-ms-faruk-traders-682745
2026-09-11,682749,Oats Bar White 400gm Oats Bar,400 g,400.0,g,699.0,,,FATR682749,M/S FARUK Traders,cereal,cereal,7.0,0.0,https://othoba.com/oats-bar-white-400gm-oats-bar-ms-faruk-traders-682749
2026-09-11,682751,Quaker Whole Oats 1Kg -,1 kg,1.0,kg,1000.0,,,FATR682751,M/S FARUK Traders,cereal,cereal,26.0,0.0,https://othoba.com/quaker-whole-oats-1kg-ms-faruk-traders-682751
2026-09-11,682773,TWINFISH OATS CHOCO - 80 gm,80 g,80.0,g,200.0,,,FATR682773,M/S FARUK Traders,cereal,cereal,43.0,0.0,https://othoba.com/twinfish-oats-choco-80-gm-ms-faruk-traders-682773
2026-09-11,682793,HEALTH PARADISE ORGANIC BABY OATS  500 gm,500 g,500.0,g,799.0,,,FATR682793,M/S FARUK Traders,cereal,cereal,10.0,0.0,https://othoba.com/health-paradise-organic-baby-oats-500-gm-ms-faruk-traders-682793
2026-09-11,682795,Health Paradise Organic instant Rolled Oats 500g,500 g,500.0,g,888.0,,,FATR682795,M/S FARUK Traders,cereal,cereal,49.0,0.0,https://othoba.com/health-paradise-organic-instant-rolled-oats-500g-ms-faruk-traders-682795
2026-09-11,682804,Quaker Oats Jar 900g Quaker oats is made from 100 % wholegrain oats Quaker Oats Jar 900g Quaker oats is made from 100 % wholegrain oats,900 g,900.0,g,799.0,,,FATR682804,M/S FARUK Traders,cereal,cereal,41.0,0.0,https://othoba.com/quaker-oats-jar-900g-quaker-oats-is-made-from-100-wholegrain-oats-quaker-oats-jar-900g-quaker-oats-is-made-from-100-wholegrain-oats-ms-faruk-traders-682804
2026-09-11,682811,Healthy Breakfast White Oats 500gm,500 g,500.0,g,620.0,,,FATR682811,M/S FARUK Traders,cereal,cereal,10.0,0.0,https://othoba.com/healthy-breakfast-white-oats-500gm-ms-faruk-traders-682811
2026-09-11,682856,Healthy Breakfast Quakers Oats 450 gm,450 g,450.0,g,390.0,,,FATR682856,M/S FARUK Traders,cereal,cereal,44.0,0.0,https://othoba.com/healthy-breakfast-quakers-oats-450-gm-ms-faruk-traders-682856
2026-09-11,682857,AL ISLAMI OATS BAR- 200gm,200 g,200.0,g,499.0,,,FATR682857,M/S FARUK Traders,cereal,cereal,55.0,0.0,https://othoba.com/al-islami-oats-bar-200gm-ms-faruk-traders-682857
2026-09-11,682862,Oat Choco Strawberry Flavor Oats 400 G G,400 g,400.0,g,670.0,,,FATR682862,M/S FARUK Traders,cereal,cereal,10.0,0.0,https://othoba.com/oat-choco-strawberry-flavor-oats-400-g-g-ms-faruk-traders-682862
2026-09-11,682896,Samyang 2X Spicy Hot Sauce 200gm,200 g,200.0,g,999.0,,,FATR682896,M/S FARUK Traders,sauces,sauces,12.0,0.0,https://othoba.com/samyang-2x-spicy-hot-sauce-200gm-ms-faruk-traders-682896
2026-09-11,682897,Samyang Hot Chicken Sauce Original 200gm,200 g,200.0,g,999.0,,,FATR682897,M/S FARUK Traders,sauces,sauces,33.0,0.0,https://othoba.com/samyang-hot-chicken-sauce-original-200gm-ms-faruk-traders-682897
2026-09-11,682913,Heinz Pumpkin Carrot & Sweetcorn Cereal For Babies - 200g 7+ Months,200 g,200.0,g,1299.0,,,FATR682913,M/S FARUK Traders,cereal,cereal,10.0,0.0,https://othoba.com/heinz-pumpkin-carrot-sweetcorn-cereal-for-babies-200g-7-months-ms-faruk-traders-682913
2026-09-11,682934,Nutcandy Wasabi Coated Green Peas 180gm,180 g,180.0,g,777.0,,,FATR682934,M/S FARUK Traders,cereal,cereal,27.0,0.0,https://othoba.com/nutcandy-wasabi-coated-green-peas-180gm-ms-faruk-traders-682934
2026-09-11,682978,Oats Bar White 200gm Oats Bar,200 g,200.0,g,350.0,,,FATR682978,M/S FARUK Traders,cereal,cereal,33.0,0.0,https://othoba.com/oats-bar-white-200gm-oats-bar-ms-faruk-traders-682978
2026-09-11,682994,Noi Wasabi Coated Green Peas- 45gm (pack of 6 ),45 g,45.0,g,999.0,,,FATR682994,M/S FARUK Traders,cereal,cereal,39.0,0.0,https://othoba.com/noi-wasabi-coated-green-peas-45gm-pack-of-6-ms-faruk-traders-682994
2026-09-11,683054,Quaker Whole Oats Jar 900 GM  - Pack of 1- UAE,900 g,900.0,g,1500.0,,,FATR683054,M/S FARUK Traders,cereal,cereal,18.0,0.0,https://othoba.com/quaker-whole-oats-jar-900-gm-pack-of-1-uae-ms-faruk-traders-683054
2026-09-11,683057,Oat & Apple Baby Food Porridge 6+ Months 220g,220 g,220.0,g,1399.0,,,FATR683057,M/S FARUK Traders,cereal,cereal,12.0,0.0,https://othoba.com/oat-apple-baby-food-porridge-6-months-220g-ms-faruk-traders-683057
2026-09-11,683059,Heinz Baby oat Porridge 6+ Months 220g,220 g,220.0,g,1399.0,,,FATR683059,M/S FARUK Traders,cereal,cereal,53.0,0.0,https://othoba.com/heinz-baby-oat-porridge-6-months-220g-ms-faruk-traders-683059
2026-09-11,683107,Kellogg's Oats Rolled Oats High in Protein and Fibre Low in Sodium 400g Pack,400 g,400.0,g,399.0,,,FATR683107,M/S FARUK Traders,cereal,cereal,46.0,0.0,https://othoba.com/kelloggs-oats-rolled-oats-high-in-protein-and-fibre-low-in-sodium-400g-pack-ms-faruk-traders-683107
2026-09-11,683108,NHF Gluten Free Organic Instant Baby Oat 500g,500 g,500.0,g,999.0,,,FATR683108,M/S FARUK Traders,cereal,cereal,29.0,0.0,https://othoba.com/nhf-gluten-free-organic-instant-baby-oat-500g-ms-faruk-traders-683108
2026-09-11,683109,NHF I Am Organic Regular Rolled Oats 500g,500 g,500.0,g,980.0,,,FATR683109,M/S FARUK Traders,cereal,cereal,50.0,0.0,https://othoba.com/nhf-i-am-organic-regular-rolled-oats-500g-ms-faruk-traders-683109
2026-09-11,683111,Oateo Instant Oats Pouch - 1kg - Srlankan,1 kg,1.0,kg,750.0,,,FATR683111,M/S FARUK Traders,cereal,cereal,19.0,0.0,https://othoba.com/oateo-instant-oats-pouch-1kg-srlankan-ms-faruk-traders-683111
2026-09-11,683152,Captain Rolled Oats 1 kg  ( MALAYSIA ),1 kg,1.0,kg,1555.0,,,FATR683152,M/S FARUK Traders,cereal,cereal,46.0,0.0,https://othoba.com/captain-rolled-oats-1-kg-malaysia-ms-faruk-traders-683152
2026-09-11,683153,Captain Oats Instant Oatmeal 1KG  Malaysia,1 kg,1.0,kg,1500.0,,,FATR683153,M/S FARUK Traders,cereal,cereal,42.0,0.0,https://othoba.com/captain-oats-instant-oatmeal-1kg-malaysia-ms-faruk-traders-683153
2026-09-11,683177,Strepsils Honey & Lemon Sore Throat Fast Acting Relief Lozenges 24 pcs,24 pcs,24.0,pcs,888.0,,,FATR683177,M/S FARUK Traders,cereal,cereal,10.0,0.0,https://othoba.com/strepsils-honey-lemon-sore-throat-fast-acting-relief-lozenges-24-pcs-ms-faruk-traders-683177
2026-09-11,683218,Oateo Instant Oats in Pouch - 400g Sri Lankan,400 g,400.0,g,390.0,,,FATR683218,M/S FARUK Traders,cereal,cereal,49.0,0.0,https://othoba.com/oateo-instant-oats-in-pouch-400g-sri-lankan-ms-faruk-traders-683218
2026-09-11,685031,Zerocal Sugar Substitute Tablet 100 Tablets,100 tablets,100.0,tablets,140.0,,,DSP685031,Daily Shopping,daily-cooking,daily-cooking,,0.0,https://othoba.com/zerocal-sugar-substitute-tablet-100-tablets-daily-shopping-685031
2026-09-11,685032,Zerocal Sugar Substitute Sachet 150 Sachets,,,,400.0,,,DSP685032,Daily Shopping,daily-cooking,daily-cooking,,0.0,https://othoba.com/zerocal-sugar-substitute-sachet-150-sachets-daily-shopping-685032
2026-09-11,686229,"Pure Khejur Jhola Gur, Organic Khejurer Jhola Gur (Premium Quality)-1KG",1 kg,1.0,kg,448.0,590.0,24.07,PAKB686229,Pakkhik Bazar,sweetmeat,sweetmeat,31.0,0.0,https://othoba.com/pure-khejur-jhola-gur-organic-khejurer-jhola-gur-premium-quality-1kg-pakkhik-bazar-686229
2026-09-11,686230,"Pure Khejur Jhola Gur, Organic Khejurer Jhola Gur (Premium Quality)-2.5KG",2.5 kg,2.5,kg,1000.0,1299.0,23.02,PAKB686230,Pakkhik Bazar,sweetmeat,sweetmeat,22.0,0.0,https://othoba.com/pure-khejur-jhola-gur-organic-khejurer-jhola-gur-premium-quality-25kg-pakkhik-bazar-686230
2026-09-11,686231,Pure Khejur Chocolate Gur - (1 KG),1 kg,1.0,kg,548.0,750.0,26.93,PAKB686231,Pakkhik Bazar,sweetmeat,sweetmeat,23.0,0.0,https://othoba.com/pure-khejur-chocolate-gur-1-kg-pakkhik-bazar-686231
2026-09-11,686232,Pure Khejur Chocolate Gur - (2 KG),2 kg,2.0,kg,996.0,1200.0,17.0,PAKB686232,Pakkhik Bazar,sweetmeat,sweetmeat,20.0,0.0,https://othoba.com/pure-khejur-chocolate-gur-2-kg-pakkhik-bazar-686232
2026-09-11,686233,Pure Khejur-er Patali Gur – 1 KG,1 kg,1.0,kg,421.0,690.0,38.99,PAKB686233,Pakkhik Bazar,sweetmeat,sweetmeat,12.0,0.0,https://othoba.com/pure-khejur-er-patali-gur-1-kg-pakkhik-bazar-686233
2026-09-11,686234,Pure Khejur-er Patali Gur – 5 KG,5 kg,5.0,kg,1760.0,2200.0,20.0,PAKB686234,Pakkhik Bazar,sweetmeat,sweetmeat,24.0,0.0,https://othoba.com/pure-khejur-er-patali-gur-5-kg-pakkhik-bazar-686234
2026-09-11,686235,Pure Khejur-er Patali Gur – 2.5 KG,2.5 kg,2.5,kg,996.0,1200.0,17.0,PAKB686235,Pakkhik Bazar,sweetmeat,sweetmeat,32.0,0.0,https://othoba.com/pure-khejur-er-patali-gur-25-kg-pakkhik-bazar-686235
2026-09-11,686474,Al Islami Oats Bar 200g,200 g,200.0,g,600.0,,,EOD686474,EXPORT ORIENTED BD,cereal,cereal,10.0,0.0,https://othoba.com/al-islami-oats-bar-200g-export-oriented-bd-686474
2026-09-11,686477,CANDY Mango Flavour 96g,96 g,96.0,g,400.0,,,EOD686477,EXPORT ORIENTED BD,chocolate-candy,chocolate-candy,50.0,0.0,https://othoba.com/candy-mango-flavour-96g-export-oriented-bd-686477
2026-09-11,686478,CELEBEST 1988 Soft Candy Yogurt Flavor 360g,360 g,360.0,g,850.0,,,EOD686478,EXPORT ORIENTED BD,chocolate-candy,chocolate-candy,28.0,0.0,https://othoba.com/celebest-1988-soft-candy-yogurt-flavor-360g-export-oriented-bd-686478
2026-09-11,686482,Celebest Mango Flavor Soft Candy 360g,360 g,360.0,g,950.0,,,EOD686482,EXPORT ORIENTED BD,chocolate-candy,chocolate-candy,23.0,0.0,https://othoba.com/celebest-mango-flavor-soft-candy-360g-export-oriented-bd-686482
2026-09-11,686490,La Vache Qui Rit (The Laughing Cow) Original Cheese - 8 Portions (120Gm),120 g,120.0,g,500.0,,,EOD686490,EXPORT ORIENTED BD,cheese,cheese,56.0,0.0,https://othoba.com/la-vache-qui-rit-the-laughing-cow-original-cheese-8-portions-120gm-export-oriented-bd-686490
2026-09-11,686515,Indian Imported Amul Pasteurised Butter 200gm,200 g,200.0,g,550.0,,,EOD686515,EXPORT ORIENTED BD,ghee-butter,ghee-butter,47.0,0.0,https://othoba.com/indian-imported-amul-pasteurised-butter-200gm-export-oriented-bd-686515
2026-09-11,686558,Fox's Crystal Clear Candy Canister (Fruity Mints) 180g,180 g,180.0,g,315.0,350.0,10.0,EOD686558,EXPORT ORIENTED BD,chocolate-candy,chocolate-candy,19.0,0.0,https://othoba.com/foxs-crystal-clear-candy-canister-fruity-mints-180g-export-oriented-bd-686558
2026-09-11,686577,Samyang Korean Buldak Hot Chicken Flavor Ramen 2X Spicy Noodles 140 gm,140 g,140.0,g,450.0,500.0,10.0,EOD686577,EXPORT ORIENTED BD,noodles,noodles,40.0,0.0,https://othoba.com/samyang-korean-buldak-hot-chicken-flavor-ramen-2x-spicy-noodles-140-gm-export-oriented-bd-686577
2026-09-11,686589,Ceylon Naturals Organic Extra Virgin Coconut Oil 300ml,300 ml,300.0,ml,1305.0,1450.0,10.0,EOD686589,EXPORT ORIENTED BD,ghee-butter,ghee-butter,35.0,0.0,https://othoba.com/ceylon-naturals-organic-extra-virgin-coconut-oil-300ml-export-oriented-bd-686589
2026-09-11,686730,Noodles Samyang Buldak Cheese Hot Chicken Flavour Ramen - Pack of 5 (140gm*5),140 g,140.0,g,1665.0,1850.0,10.0,EOD686730,EXPORT ORIENTED BD,noodles,noodles,25.0,0.0,https://othoba.com/noodles-samyang-buldak-cheese-hot-chicken-flavour-ramen-pack-of-5-140gm5-export-oriented-bd-686730
2026-09-11,686760,Al Islami Oats Bar 200g,200 g,200.0,g,540.0,600.0,10.0,EOD686760,EXPORT ORIENTED BD,cereal,cereal,14.0,0.0,https://othoba.com/al-islami-oats-bar-200g-export-oriented-bd-686760
2026-09-11,686784,Celebest Mango Flavor Soft Candy 360g,360 g,360.0,g,855.0,950.0,10.0,EOD686784,EXPORT ORIENTED BD,chocolate-candy,chocolate-candy,43.0,0.0,https://othoba.com/celebest-mango-flavor-soft-candy-360g-export-oriented-bd-686784
2026-09-11,686789,Indian Imported Amul Pasteurised Butter 200gm,200 g,200.0,g,495.0,550.0,10.0,EOD686789,EXPORT ORIENTED BD,butter-3,butter-3,48.0,0.0,https://othoba.com/indian-imported-amul-pasteurised-butter-200gm-export-oriented-bd-686789
2026-09-11,686794,CELEBEST 1988 Soft Candy Yogurt Flavor 360g,360 g,360.0,g,765.0,850.0,10.0,EOD686794,EXPORT ORIENTED BD,chocolate-candy,chocolate-candy,24.0,0.0,https://othoba.com/celebest-1988-soft-candy-yogurt-flavor-360g-export-oriented-bd-686794
2026-09-11,686820,CANDY Mango Flavour 96g,96 g,96.0,g,360.0,400.0,10.0,EOD686820,EXPORT ORIENTED BD,chocolate-candy,chocolate-candy,39.0,0.0,https://othoba.com/candy-mango-flavour-96g-export-oriented-bd-686820
2026-09-11,686827,Samyang buldak noodles hot chicken flavor ramen 2xspicy 140g *5 piece,5 pcs,5.0,pcs,1620.0,1800.0,10.0,EOD686827,EXPORT ORIENTED BD,noodles,noodles,9.0,0.0,https://othoba.com/samyang-buldak-noodles-hot-chicken-flavor-ramen-2xspicy-140g-5-piece-export-oriented-bd-686827
2026-09-11,686829,"QUAKER White Oats, 500 g",500 g,500.0,g,765.0,850.0,10.0,EOD686829,EXPORT ORIENTED BD,cereal,cereal,53.0,0.0,https://othoba.com/quaker-white-oats-500-g-export-oriented-bd-686829
2026-09-11,686851,Dubai Product Emirates Macaroni 400g,400 g,400.0,g,315.0,350.0,10.0,EOD686851,EXPORT ORIENTED BD,pasta-macarony,pasta-macarony,20.0,0.0,https://othoba.com/dubai-product-emirates-macaroni-400g-export-oriented-bd-686851
2026-09-11,686856,Dubai Product Emirates Macaroni Corni Corrugated 400 gm,400 g,400.0,g,315.0,350.0,10.0,EOD686856,EXPORT ORIENTED BD,pasta-macarony,pasta-macarony,8.0,0.0,https://othoba.com/dubai-product-emirates-macaroni-corni-corrugated-400-gm-export-oriented-bd-686856
2026-09-11,686861,Dubai product Emirates Pasta Shell Big-400 Gm,400 g,400.0,g,315.0,350.0,10.0,EOD686861,EXPORT ORIENTED BD,pasta-macarony,pasta-macarony,14.0,0.0,https://othoba.com/dubai-product-emirates-pasta-shell-big-400-gm-export-oriented-bd-686861
2026-09-11,686927,La Vache Qui Rit (The Laughing Cow) Original Cheese - 8 Portions (120Gm),120 g,120.0,g,450.0,500.0,10.0,EOD686927,EXPORT ORIENTED BD,cheese,cheese,53.0,0.0,https://othoba.com/la-vache-qui-rit-the-laughing-cow-original-cheese-8-portions-120gm-export-oriented-bd-686927
2026-09-11,686943,Dubai Product Emirates Pasta Spaghetti-400 Gm,400 g,400.0,g,315.0,350.0,10.0,EOD686943,EXPORT ORIENTED BD,pasta-macarony,pasta-macarony,38.0,0.0,https://othoba.com/dubai-product-emirates-pasta-spaghetti-400-gm-export-oriented-bd-686943
2026-09-11,687065,"Quaker Oats 500gm Rolled Oats Natural Wholegrain, Nutritious Breakfast Cereals, Dalia Porridge, Easy to Cook",500 g,500.0,g,540.0,600.0,10.0,EOD687065,EXPORT ORIENTED BD,cereal,cereal,12.0,0.0,https://othoba.com/quaker-oats-500gm-rolled-oats-natural-wholegrain-nutritious-breakfast-cereals-dalia-porridge-easy-to-cook-export-oriented-bd-687065
2026-09-11,687242,Ceylon Naturals Organic Extra Virgin Coconut Oil 200ml,200 ml,200.0,ml,900.0,1000.0,10.0,EOD687242,EXPORT ORIENTED BD,ghee-butter,ghee-butter,21.0,0.0,https://othoba.com/ceylon-naturals-organic-extra-virgin-coconut-oil-200ml-export-oriented-bd-687242
2026-09-11,687282,Samyang Buldak Carbonara Hot Chicken Ramen Noodles HALAL 650 g 130 g x 5,130 g,130.0,g,1620.0,1800.0,10.0,EOD687282,EXPORT ORIENTED BD,noodles,noodles,20.0,0.0,https://othoba.com/samyang-buldak-carbonara-hot-chicken-ramen-noodles-halal-650-g-130-g-x-5-export-oriented-bd-687282
2026-09-11,687333,China MAY Mushroom Flavor Noodles 400gm,400 g,400.0,g,540.0,600.0,10.0,EOD687333,EXPORT ORIENTED BD,noodles,noodles,21.0,0.0,https://othoba.com/china-may-mushroom-flavor-noodles-400gm-export-oriented-bd-687333
2026-09-11,687556,Veet Professional Wax Strips with Shea Butter & Acal Berry Scent – 20 Strips,,,,765.0,850.0,10.0,EOD687556,EXPORT ORIENTED BD,ghee-butter,ghee-butter,12.0,0.0,https://othoba.com/veet-professional-wax-strips-with-shea-butter-acal-berry-scent-20-strips-export-oriented-bd-687556
2026-09-11,687559,"Quaker Oats 1kg, Rolled Oats Natural Wholegrain, Nutritious Breakfast Cereals, Dalia Porridge, Easy to Cook",1 kg,1.0,kg,900.0,1000.0,10.0,EOD687559,EXPORT ORIENTED BD,cereal,cereal,35.0,0.0,https://othoba.com/quaker-oats-1kg-rolled-oats-natural-wholegrain-nutritious-breakfast-cereals-dalia-porridge-easy-to-cook-export-oriented-bd-687559
2026-09-11,687597,Safa QUICK PREPARE WHITE OATS 500 Grams Dubai,500 g,500.0,g,630.0,700.0,10.0,EOD687597,EXPORT ORIENTED BD,cereal,cereal,52.0,0.0,https://othoba.com/safa-quick-prepare-white-oats-500-grams-dubai-export-oriented-bd-687597
2026-09-11,687604,Nutcandy Salted Pistachios,,,,450.0,500.0,10.0,EOD687604,EXPORT ORIENTED BD,chocolate-candy,chocolate-candy,51.0,0.0,https://othoba.com/nutcandy-salted-pistachios-export-oriented-bd-687604
2026-09-11,687728,Samyyang Hot Chicken Flavor Ramen Halal Noodles Yellow 140g 1pc,1 pcs,1.0,pcs,495.0,550.0,10.0,EOD687728,EXPORT ORIENTED BD,noodles,noodles,31.0,0.0,https://othoba.com/samyyang-hot-chicken-flavor-ramen-halal-noodles-yellow-140g-1pc-export-oriented-bd-687728
2026-09-11,687731,Ceylon Naturals Organic Extra Virgin Coconut Oil 500ml,500 ml,500.0,ml,1620.0,1800.0,10.0,EOD687731,EXPORT ORIENTED BD,ghee-butter,ghee-butter,18.0,0.0,https://othoba.com/ceylon-naturals-organic-extra-virgin-coconut-oil-500ml-export-oriented-bd-687731
2026-09-11,687735,dubai cocoa butter lotion 400m,,,,1485.0,1650.0,10.0,EOD687735,EXPORT ORIENTED BD,ghee-butter,ghee-butter,42.0,0.0,https://othoba.com/dubai-cocoa-butter-lotion-400m-export-oriented-bd-687735
2026-09-11,687757,Quaker Fresh Oatmeal Jar - 900g,900 g,900.0,g,1035.0,1150.0,10.0,EOD687757,EXPORT ORIENTED BD,cereal,cereal,25.0,0.0,https://othoba.com/quaker-fresh-oatmeal-jar-900g-export-oriented-bd-687757
2026-09-11,687765,KOPIKO Coffee Candy 40pcs Packet 140g,140 g,140.0,g,450.0,500.0,10.0,EOD687765,EXPORT ORIENTED BD,chocolate-candy,chocolate-candy,30.0,0.0,https://othoba.com/kopiko-coffee-candy-40pcs-packet-140g-export-oriented-bd-687765
2026-09-11,687772,Petroleum Jelly Cocoa Butter (100ml),100 ml,100.0,ml,495.0,550.0,10.0,EOD687772,EXPORT ORIENTED BD,ghee-butter,ghee-butter,43.0,0.0,https://othoba.com/petroleum-jelly-cocoa-butter-100ml-export-oriented-bd-687772
2026-09-11,690421,Daily Shopping Rice Flour 1Kg,1 kg,1.0,kg,115.0,,,DSP690421,Daily Shopping,daily-cooking,daily-cooking,,0.0,https://othoba.com/daily-shopping-rice-flour-1kg-3
2026-09-11,693153,Mithai Celebration Box Corporate Order,,,,400.35,,,DLP693153,DLLECP,sweetmeat,sweetmeat,,0.0,https://othoba.com/mithai-celebration-box-corporate-order
2026-09-11,693248,Rakhal Ghee 500g,500 g,500.0,g,800.0,,,PBCF693248,Pabna Classy Foods,ghee-3,ghee-3,46.0,0.0,https://othoba.com/rakhal-ghee-500g-pabna-classy-foods-693248
2026-09-11,693249,Rakhal Ghee 1kg,1 kg,1.0,kg,1600.0,,,PBCF693249,Pabna Classy Foods,ghee-3,ghee-3,10.0,0.0,https://othoba.com/rakhal-ghee-1kg-pabna-classy-foods-693249
2026-09-11,693250,Rakhal Mustard Oil 5ltr.,5 l,5.0,l,1500.0,,,PBCF693250,Pabna Classy Foods,daily-cooking,daily-cooking,54.0,0.0,https://othoba.com/rakhal-mustard-oil-5ltr-pabna-classy-foods-693250
2026-09-11,699194,Jhatpot Spicy Chicken Sausage 250gm,250 g,250.0,g,200.0,,,DSP699194,Daily Shopping,sauces,sauces,,0.0,https://othoba.com/jhatpot-spicy-chicken-sausage-250gm
2026-09-11,70160,Mrigel Fish 1kg-3kg,3 kg,3.0,kg,963.0,,,DSP01230,Daily Shopping,meat-fish,meat-fish,,5.0,https://othoba.com/mrigel-fish-1kg-3kg-per-pc
2026-09-11,703589,Red Sugar 1kg – Pure Deshi Kher Chini | Natural Brown Sugar | Traditional Unrefined Sugar,1 kg,1.0,kg,218.0,240.0,9.17,BOON703589,Borobazar Online Shopping,daily-cooking,daily-cooking,28.0,0.0,https://othoba.com/red-sugar-1kg-pure-deshi-kher-chini-natural-brown-sugar-traditional-unrefined-sugar-borobazar-online-shopping-703589
2026-09-11,703590,Red Sugar 1kg +1kg = 2kg  pack – Pure Deshi Kher Chini | Natural Brown Sugar | Traditional Unrefined Sugar,2 kg,2.0,kg,435.0,480.0,9.38,BOON703590,Borobazar Online Shopping,daily-cooking,daily-cooking,46.0,0.0,https://othoba.com/red-sugar-1kg-1kg-2kg-pack-pure-deshi-kher-chini-natural-brown-sugar-traditional-unrefined-sugar-borobazar-online-shopping-703590
2026-09-11,703601,Mabrum Dates Morium Khejur Premium quality 250g,250 g,250.0,g,264.0,350.0,24.57,AMTG703601,Al Maktum Grocery Food,fruits-vegetable,fruits-vegetable,13.0,0.0,https://othoba.com/mabrum-dates-morium-khejur-premium-quality-250g-al-maktum-grocery-food-703601
2026-09-11,703619,Mabrum Dates Morium Khejur Premium quality 500g,500 g,500.0,g,491.0,690.0,28.84,AMTG703619,Al Maktum Grocery Food,fruits-vegetable,fruits-vegetable,34.0,0.0,https://othoba.com/mabrum-dates-morium-khejur-premium-quality-500g-al-maktum-grocery-food-703619
2026-09-11,703624,Mabrum Dates Morium Khejur Premium quality 1kg,1 kg,1.0,kg,912.0,1200.0,24.0,AMTG703624,Al Maktum Grocery Food,fruits-vegetable,fruits-vegetable,51.0,0.0,https://othoba.com/mabrum-dates-morium-khejur-premium-quality-1kg-al-maktum-grocery-food-703624
2026-09-11,703637,"Premium Medjool Dates  | Extra Large, Soft & Juicy | Fresh, Sweet Whole Dates 500g",500 g,500.0,g,1054.0,1550.0,32.0,AMTG703637,Al Maktum Grocery Food,fruits-vegetable,fruits-vegetable,8.0,0.0,https://othoba.com/premium-medjool-dates-extra-large-soft-juicy-fresh-sweet-whole-dates-500g-al-maktum-grocery-food-703637
2026-09-11,703663,Moriom Dates Premium Quality - 125gm (VIP),125 g,125.0,g,112.0,200.0,44.0,AMTG703663,Al Maktum Grocery Food,fruits-vegetable,fruits-vegetable,53.0,0.0,https://othoba.com/moriom-dates-premium-quality-125gm-vip-al-maktum-grocery-food-703663
2026-09-11,704839,Milk Butter (Jar) 1kg,1 kg,1.0,kg,1240.0,,,SPLO704839,Shoplee,butter-3,butter-3,38.0,0.0,https://othoba.com/milk-butter-jar-1kg-shoplee-704839
2026-09-11,704840,Milk Butter (Jar) 500g,500 g,500.0,g,660.0,,,SPLO704840,Shoplee,butter-3,butter-3,27.0,0.0,https://othoba.com/milk-butter-jar-500g-shoplee-704840
2026-09-11,704841,Peanut Butter 1kg,1 kg,1.0,kg,1220.0,,,SPLO704841,Shoplee,butter-3,butter-3,12.0,0.0,https://othoba.com/peanut-butter-1kg-shoplee-704841
2026-09-11,704842,Peanut Butter 500g,500 g,500.0,g,650.0,,,SPLO704842,Shoplee,butter-3,butter-3,25.0,0.0,https://othoba.com/peanut-butter-500g-shoplee-704842
2026-09-11,704843,Chocolate Peanut Butter 1kg,1 kg,1.0,kg,1220.0,,,SPLO704843,Shoplee,butter-3,butter-3,14.0,0.0,https://othoba.com/chocolate-peanut-butter-1kg-shoplee-704843
2026-09-11,704844,Chocolate Peanut Butter 500g,500 g,500.0,g,650.0,,,SPLO704844,Shoplee,butter-3,butter-3,31.0,0.0,https://othoba.com/chocolate-peanut-butter-500g-shoplee-704844
2026-09-11,704845,Almond Butter 250g,250 g,250.0,g,1050.0,,,SPLO704845,Shoplee,butter-3,butter-3,13.0,0.0,https://othoba.com/almond-butter-250g-shoplee-704845
2026-09-11,704846,Gawa Ghee,,,,950.0,,,SPLO704846,Shoplee,ghee-3,ghee-3,37.0,0.0,https://othoba.com/gawa-ghee-shoplee-704846
2026-09-11,704875,Oateo Instant Oats 1kg,1 kg,1.0,kg,700.0,,,SPLO704875,Shoplee,cereal,cereal,27.0,0.0,https://othoba.com/oateo-instant-oats-1kg-shoplee-704875
2026-09-11,704876,Oateo Baby Oats 500g,500 g,500.0,g,550.0,,,SPLO704876,Shoplee,cereal,cereal,41.0,0.0,https://othoba.com/oateo-baby-oats-500g-shoplee-704876
2026-09-11,704884,Ceylon Naturals Organic Coconut Sugar 200g,200 g,200.0,g,670.0,,,SPLO704884,Shoplee,daily-cooking,daily-cooking,11.0,0.0,https://othoba.com/ceylon-naturals-organic-coconut-sugar-200g-shoplee-704884
2026-09-11,704887,Crispy Nut Butter 500g,500 g,500.0,g,599.0,,,SPLO704887,Shoplee,butter-3,butter-3,26.0,0.0,https://othoba.com/crispy-nut-butter-500g-shoplee-704887
2026-09-11,704888,Crispy Nut Butter 1kg,1 kg,1.0,kg,1170.0,,,SPLO704888,Shoplee,butter-3,butter-3,38.0,0.0,https://othoba.com/crispy-nut-butter-1kg-shoplee-704888
2026-09-11,704901,Himalayan Pink Salt 500g,500 g,500.0,g,260.0,,,SPLO704901,Shoplee,daily-cooking,daily-cooking,48.0,0.0,https://othoba.com/himalayan-pink-salt-500g-shoplee-704901
2026-09-11,704932,Sorer Ghee 300g,300 g,300.0,g,653.0,690.0,5.36,BNAF704932,Bonobhumi,ghee-3,ghee-3,49.0,0.0,https://othoba.com/sorer-ghee-300g-bonobhumi-agro-food-704932
2026-09-11,704967,Creame Ghee 300G,300 g,300.0,g,397.0,420.0,5.48,BNAF704967,Bonobhumi,ghee-3,ghee-3,18.0,0.0,https://othoba.com/creame-ghee-300g-bonobhumi-agro-food-704967
2026-09-11,705062,Red Sugger (Red Sugar) -1 kg,1 kg,1.0,kg,221.0,240.0,7.92,CTGM705062,CTG-MSK Stock,daily-cooking,daily-cooking,35.0,0.0,https://othoba.com/red-sugger-red-sugar-1-kg-ctg-msk-stock-705062
2026-09-11,705063,Red Sugger (Red Sugar) -500 gm,500 g,500.0,g,129.0,180.0,28.33,CTGM705063,CTG-MSK Stock,daily-cooking,daily-cooking,22.0,0.0,https://othoba.com/red-sugger-red-sugar-500-gm-ctg-msk-stock-705063
2026-09-11,705122,Ready to fry Papor Chips /Chips / Snacks - 1kg,1 kg,1.0,kg,172.0,230.0,25.22,CTGM705122,CTG-MSK Stock,chips,chips,17.0,0.0,https://othoba.com/ready-to-fry-papor-chips-chips-snacks-1kg-ctg-msk-stock-705122
2026-09-11,705151,Pattato chips Ready to Fry-1 kg,1 kg,1.0,kg,150.0,300.0,50.0,CTGM705151,CTG-MSK Stock,chips,chips,22.0,0.0,https://othoba.com/pattato-chips-ready-to-fry-1-kg-ctg-msk-stock-705151
2026-09-11,705152,Pattato Chips Ready to Fry-500 gm,500 g,500.0,g,117.0,160.0,26.88,CTGM705152,CTG-MSK Stock,chips,chips,19.0,0.0,https://othoba.com/pattato-chips-ready-to-fry-500-gm-ctg-msk-stock-705152
2026-09-11,705161,Potato Chips (Ready to Fry) - 1 kg,1 kg,1.0,kg,156.0,300.0,48.0,CTGM705161,CTG-MSK Stock,chips,chips,16.0,0.0,https://othoba.com/potato-chips-ready-to-fry-1-kg-ctg-msk-stock-705161
2026-09-11,705162,Potato Chips (Ready to fry) - 500 gm,500 g,500.0,g,117.0,200.0,41.5,CTGM705162,CTG-MSK Stock,chips,chips,29.0,0.0,https://othoba.com/potato-chips-ready-to-fry-500-gm-ctg-msk-stock-705162
2026-09-11,705163,pattato Chips (Ready to fry)-250 gm,250 g,250.0,g,66.0,85.0,22.35,CTGM705163,CTG-MSK Stock,chips,chips,44.0,0.0,https://othoba.com/pattato-chips-ready-to-fry-250-gm-ctg-msk-stock-705163
2026-09-11,705167,potato Chips Ready To Fry-2 kg,2 kg,2.0,kg,311.0,600.0,48.17,CTGM705167,CTG-MSK Stock,chips,chips,35.0,0.0,https://othoba.com/potato-chips-ready-to-fry-2-kg-ctg-msk-stock-705167
2026-09-11,705168,pattato Chips Ready to Fry-1 kg,1 kg,1.0,kg,161.0,300.0,46.33,CTGM705168,CTG-MSK Stock,chips,chips,23.0,0.0,https://othoba.com/pattato-chips-ready-to-fry-1-kg-ctg-msk-stock-705168
2026-09-11,705175,Mixed Chips Ready to Fry -1 kg,1 kg,1.0,kg,199.0,300.0,33.67,CTGM705175,CTG-MSK Stock,chips,chips,15.0,0.0,https://othoba.com/mixed-chips-ready-to-fry-1-kg-ctg-msk-stock-705175
2026-09-11,705176,Ready To Fry papor Chips/Chips/Snacks-1 kg,1 kg,1.0,kg,178.0,290.0,38.62,CTGM705176,CTG-MSK Stock,chips,chips,49.0,0.0,https://othoba.com/ready-to-fry-papor-chipschipssnacks-1-kg-ctg-msk-stock-705176
2026-09-11,705177,Pattato Chips Ready To Fry-500 gm,500 g,500.0,g,117.0,150.0,22.0,CTGM705177,CTG-MSK Stock,chips,chips,27.0,0.0,https://othoba.com/pattato-chips-ready-to-fry-500-gm-ctg-msk-stock-705177
2026-09-11,705180,Mixed Chips 5/6 items(Ready To Fry)-1 kg,1 kg,1.0,kg,189.0,300.0,37.0,CTGM705180,CTG-MSK Stock,chips,chips,8.0,0.0,https://othoba.com/mixed-chips-56-itemsready-to-fry-1-kg-ctg-msk-stock-705180
2026-09-11,705192,Dong Dong Chips Ready To Fry- 1 kg,1 kg,1.0,kg,188.0,300.0,37.33,CTGM705192,CTG-MSK Stock,chips,chips,13.0,0.0,https://othoba.com/dong-dong-chips-ready-to-fry-1-kg-ctg-msk-stock-705192
2026-09-11,705193,Dong Dong Chips Ready To fry-500 gm,500 g,500.0,g,113.0,150.0,24.67,CTGM705193,CTG-MSK Stock,chips,chips,15.0,0.0,https://othoba.com/dong-dong-chips-ready-to-fry-500-gm-ctg-msk-stock-705193
2026-09-11,705194,Dong Dong Chips Ready To fry-500 gm,500 g,500.0,g,113.0,150.0,24.67,CTGM705194,CTG-MSK Stock,chips,chips,49.0,0.0,https://othoba.com/dong-dong-chips-ready-to-fry-500-gm-ctg-msk-stock-705194
2026-09-11,705195,Dong Dong Chips Ready To Fry-1 kg,1 kg,1.0,kg,189.0,300.0,37.0,CTGM705195,CTG-MSK Stock,chips,chips,40.0,0.0,https://othoba.com/dong-dong-chips-ready-to-fry-1-kg-ctg-msk-stock-705195
2026-09-11,705196,Dong Dong Chips Ready to fry-500gm,500 g,500.0,g,113.0,170.0,33.53,CTGM705196,CTG-MSK Stock,chips,chips,9.0,0.0,https://othoba.com/dong-dong-chips-ready-to-fry-500gm-ctg-msk-stock-705196
2026-09-11,705212,Shamok Chips Ready To Fry -1 kg,1 kg,1.0,kg,199.0,340.0,41.47,CTGM705212,CTG-MSK Stock,chips,chips,14.0,0.0,https://othoba.com/shamok-chips-ready-to-fry-1-kg-ctg-msk-stock-705212
2026-09-11,705213,Shamok Chips Ready To Fry -500 gm,500 g,500.0,g,121.0,180.0,32.78,CTGM705213,CTG-MSK Stock,chips,chips,54.0,0.0,https://othoba.com/shamok-chips-ready-to-fry-500-gm-ctg-msk-stock-705213
2026-09-11,705214,Zeros Chips Ready To Fry -500 gm,500 g,500.0,g,121.0,180.0,32.78,CTGM705214,CTG-MSK Stock,chips,chips,23.0,0.0,https://othoba.com/zeros-chips-ready-to-fry-500-gm-ctg-msk-stock-705214
2026-09-11,705217,Tiger Brand Basmati Rice-1 kg,1 kg,1.0,kg,328.0,500.0,34.4,CTGM705217,CTG-MSK Stock,rice-biryani,rice-biryani,7.0,0.0,https://othoba.com/tiger-brand-basmati-rice-1-kg-ctg-msk-stock-705217
2026-09-11,705219,"Corn Flour,Custard Powder And Baking Powder-150*3=450 gm",450 g,450.0,g,227.0,240.0,5.42,CTGM705219,CTG-MSK Stock,baking-2,baking-2,43.0,0.0,https://othoba.com/corn-flourcustard-powder-and-baking-powder-1503450-gm-ctg-msk-stock-705219
2026-09-11,705221,Baking Powder-150 gm*2 =300 gm,300 g,300.0,g,161.0,170.0,5.29,CTGM705221,CTG-MSK Stock,baking-2,baking-2,25.0,0.0,https://othoba.com/baking-powder-150-gm2-300-gm-ctg-msk-stock-705221
2026-09-11,705226,Ball Chips Ready to fry-1 kg,1 kg,1.0,kg,189.0,300.0,37.0,CTGM705226,CTG-MSK Stock,chips,chips,10.0,0.0,https://othoba.com/ball-chips-ready-to-fry-1-kg-ctg-msk-stock-705226
2026-09-11,705227,Roasted Dal Badam homemade-1 kg,1 kg,1.0,kg,317.0,500.0,36.6,CTGM705227,CTG-MSK Stock,lentil,lentil,24.0,0.0,https://othoba.com/roasted-dal-badam-homemade-1-kg-ctg-msk-stock-705227
2026-09-11,705228,Lay’s Ready to fry (Alooz)chips-1 kg,1 kg,1.0,kg,217.0,400.0,45.75,CTGM705228,CTG-MSK Stock,chips,chips,32.0,0.0,https://othoba.com/lays-ready-to-fry-aloozchips-1-kg-ctg-msk-stock-705228
2026-09-11,705229,Fortune Biryani Special Basmoti Rice 2 kg,2 kg,2.0,kg,644.0,1000.0,35.6,CTGM705229,CTG-MSK Stock,rice-biryani,rice-biryani,22.0,0.0,https://othoba.com/fortune-biryani-special-basmoti-rice-2-kg-ctg-msk-stock-705229
2026-09-11,705231,Kamranga Chips Ready To Fry-1 kg,1 kg,1.0,kg,206.0,300.0,31.33,CTGM705231,CTG-MSK Stock,chips,chips,56.0,0.0,https://othoba.com/kamranga-chips-ready-to-fry-1-kg-ctg-msk-stock-705231
2026-09-11,705398,Mithai Premium Garlic Toast(ATC-350gm),350 g,350.0,g,131.0,145.0,9.66,TST705398,Mithai,biscuites-toast,biscuites-toast,,0.0,https://othoba.com/mithai-premium-garlic-toastatc-350gm-mithai-705398
2026-09-11,705399,Mithai Premium Sugar free toast(ATC-350gm),350 g,350.0,g,126.0,140.0,10.0,TST705399,Mithai,biscuites-toast,biscuites-toast,,0.0,https://othoba.com/mithai-premium-sugar-free-toastatc-350gm-mithai-705399
2026-09-11,705401,Mithai Butter Cookies Bucket (Small-275gm),275 g,275.0,g,198.0,220.0,10.0,TST705401,Mithai,biscuit-cookies,biscuit-cookies,,0.0,https://othoba.com/mithai-butter-cookies-bucket-small-275gm-mithai-705401
2026-09-11,705403,Mithai Cashew Nut Cookies Bucket (Small-275gm),275 g,275.0,g,198.0,220.0,10.0,TST705403,Mithai,biscuit-cookies,biscuit-cookies,,0.0,https://othoba.com/mithai-cashew-nut-cookies-bucket-small-275gm-mithai-705403
2026-09-11,705405,Mithai Premium Ghee Small,,,,207.0,230.0,10.0,TST705405,Mithai,ghee-3,ghee-3,,0.0,https://othoba.com/mithai-premium-ghee-small-mithai-705405
2026-09-11,705408,Mithai Horlico Cookies Bucket Small,,,,198.0,220.0,10.0,TST705408,Mithai,biscuit-cookies,biscuit-cookies,,0.0,https://othoba.com/mithai-horlico-cookies-bucket-small-mithai-705408
2026-09-11,705409,Mithai Short Bread Cookies 400gm,400 g,400.0,g,288.0,320.0,10.0,TST705409,Mithai,bread,bread,,0.0,https://othoba.com/mithai-short-bread-cookies-400gm-mithai-705409
2026-09-11,705448,Nut Candy Salted Cashew Nuts - 140 gm,140 g,140.0,g,450.0,500.0,10.0,RYMT705448,Royal Mart,chocolate-candy,chocolate-candy,30.0,0.0,https://othoba.com/nut-candy-salted-cashew-nuts-140-gm-royal-mart-705448
2026-09-11,705462,Longkou Vermicelli Noodles 250G,250 g,250.0,g,240.0,270.0,11.11,RYMT705462,Royal Mart,noodles,noodles,41.0,0.0,https://othoba.com/longkou-vermicelli-noodles-250g-royal-mart-705462
2026-09-11,705469,How How Rice Stick Noodles 500gm,500 g,500.0,g,367.0,470.0,21.91,RYMT705469,Royal Mart,noodles,noodles,32.0,0.0,https://othoba.com/how-how-rice-stick-noodles-500gm-royal-mart-705469
2026-09-11,705479,Mr. Noodles Rice Stick (Saha Pan Kao Noodles) 454gm,454 g,454.0,g,378.0,450.0,16.0,RYMT705479,Royal Mart,noodles,noodles,10.0,0.0,https://othoba.com/mr-noodles-rice-stick-saha-pan-kao-noodles-454gm-royal-mart-705479
2026-09-11,705486,Canderel Diabeti Sugar - 75 gm Imported,75 g,75.0,g,720.0,820.0,12.2,RYMT705486,Royal Mart,daily-cooking,daily-cooking,54.0,0.0,https://othoba.com/canderel-diabeti-sugar-75-gm-imported-royal-mart-705486
2026-09-11,705511,Canderel Diabeti Sugar - 40 gm Imported,40 g,40.0,g,367.0,390.0,5.9,RYMT705511,Royal Mart,daily-cooking,daily-cooking,35.0,0.0,https://othoba.com/canderel-diabeti-sugar-40-gm-imported-royal-mart-705511
2026-09-11,705512,Kopiko Cappuccinoo Candy 1packet,,,,246.0,270.0,8.89,RYMT705512,Royal Mart,chocolate-candy,chocolate-candy,30.0,0.0,https://othoba.com/kopiko-cappuccinoo-candy-1packet-royal-mart-705512
2026-09-11,705513,Fox'S Crystal Clear Fruits Candy 125Gm Indonesia,125 g,125.0,g,221.0,240.0,7.92,RYMT705513,Royal Mart,chocolate-candy,chocolate-candy,16.0,0.0,https://othoba.com/foxs-crystal-clear-fruits-candy-125gm-indonesia-royal-mart-705513
2026-09-11,705532,SIS Brown Sugar 800gm,800 g,800.0,g,638.0,750.0,14.93,RYMT705532,Royal Mart,daily-cooking,daily-cooking,23.0,0.0,https://othoba.com/sis-brown-sugar-800gm-royal-mart-705532
2026-09-11,705549,Anchor Icing Sugar 250 Gm,250 g,250.0,g,90.0,120.0,25.0,RYMT705549,Royal Mart,daily-cooking,daily-cooking,44.0,0.0,https://othoba.com/anchor-icing-sugar-250-gm-royal-mart-705549
2026-09-11,705561,SIS Icing Sugar  500gm,500 g,500.0,g,320.0,390.0,17.95,RYMT705561,Royal Mart,daily-cooking,daily-cooking,55.0,0.0,https://othoba.com/sis-icing-sugar-500gm-royal-mart-705561
2026-09-11,705566,Vanilla Flavouring Essence 28ml,28 ml,28.0,ml,92.0,100.0,8.0,RYMT705566,Royal Mart,baking-2,baking-2,41.0,0.0,https://othoba.com/vanilla-flavouring-essence-28ml-royal-mart-705566
2026-09-11,705571,Celebest Mango Flavor Soft Candy 360g,360 g,360.0,g,619.0,695.0,10.94,RYMT705571,Royal Mart,chocolate-candy,chocolate-candy,41.0,0.0,https://othoba.com/celebest-mango-flavor-soft-candy-360g-royal-mart-705571
2026-09-11,705572,Yingpai Celebest Coconut Flavour Soft Candy 360gm,360 g,360.0,g,639.0,695.0,8.06,RYMT705572,Royal Mart,chocolate-candy,chocolate-candy,8.0,0.0,https://othoba.com/yingpai-celebest-coconut-flavour-soft-candy-360gm-royal-mart-705572
2026-09-11,705588,Nuts Crisp Candy 250g,250 g,250.0,g,369.0,380.0,2.89,RYMT705588,Royal Mart,chocolate-candy,chocolate-candy,12.0,0.0,https://othoba.com/nuts-crisp-candy-250g-royal-mart-705588
2026-09-11,705602,Love Candy Orange Flavoured - 150Gm,150 g,150.0,g,106.0,150.0,29.33,RYMT705602,Royal Mart,chocolate-candy,chocolate-candy,52.0,0.0,https://othoba.com/love-candy-orange-flavoured-150gm-royal-mart-705602
2026-09-11,705603,Love Candy Strawberry Flavoured Sweets 150Gm,150 g,150.0,g,100.0,120.0,16.67,RYMT705603,Royal Mart,chocolate-candy,chocolate-candy,27.0,0.0,https://othoba.com/love-candy-strawberry-flavoured-sweets-150gm-royal-mart-705603
2026-09-11,705604,Love Candy Mango Flavoured 150gm,150 g,150.0,g,100.0,120.0,16.67,RYMT705604,Royal Mart,chocolate-candy,chocolate-candy,52.0,0.0,https://othoba.com/love-candy-mango-flavoured-150gm-royal-mart-705604
2026-09-11,705622,Quality Dia Sugar 150 gm(German Technology),150 g,150.0,g,336.0,350.0,4.0,RYMT705622,Royal Mart,daily-cooking,daily-cooking,43.0,0.0,https://othoba.com/quality-dia-sugar-150-gmgerman-technology-royal-mart-705622
2026-09-11,705630,Dulal Palm candy 500gm,500 g,500.0,g,200.0,220.0,9.09,RYMT705630,Royal Mart,chocolate-candy,chocolate-candy,15.0,0.0,https://othoba.com/dulal-palm-candy-500gm-royal-mart-705630
2026-09-11,705663,Chocolate  Flavor/ Essence  28ml,28 ml,28.0,ml,142.0,150.0,5.33,RYMT705663,Royal Mart,baking-2,baking-2,30.0,0.0,https://othoba.com/chocolate-flavor-essence-28ml-royal-mart-705663
2026-09-11,705667,StrawBerry Essence 28ml,28 ml,28.0,ml,156.0,256.0,39.06,RYMT705667,Royal Mart,baking-2,baking-2,25.0,0.0,https://othoba.com/strawberry-essence-28ml-royal-mart-705667
2026-09-11,705686,Peanut Butter Smooth & Creamy - 340g.usa,340 g,340.0,g,388.0,400.0,3.0,RYMT705686,Royal Mart,butter-3,butter-3,16.0,0.0,https://othoba.com/peanut-butter-smooth-creamy-340gusa-royal-mart-705686
2026-09-11,705687,Crown Peanut Butter Chunky - 340 gm.usa,340 g,340.0,g,522.0,580.0,10.0,RYMT705687,Royal Mart,butter-3,butter-3,43.0,0.0,https://othoba.com/crown-peanut-butter-chunky-340-gmusa-royal-mart-705687
2026-09-11,705689,Kruathip Tempura Batter Mix Flour 500gm,500 g,500.0,g,100.0,135.0,25.93,RYMT705689,Royal Mart,ghee-butter,ghee-butter,33.0,0.0,https://othoba.com/kruathip-tempura-batter-mix-flour-500gm-royal-mart-705689
2026-09-11,705690,Bellie Lover Assorted Cookies Tin 600gm,600 g,600.0,g,1045.0,1100.0,5.0,RYMT705690,Royal Mart,biscuit-cookies,biscuit-cookies,20.0,0.0,https://othoba.com/bellie-lover-assorted-cookies-tin-600gm-royal-mart-705690
2026-09-11,705691,Bellie Ido Assorted Cookies 600gm,600 g,600.0,g,1045.0,1100.0,5.0,RYMT705691,Royal Mart,biscuit-cookies,biscuit-cookies,10.0,0.0,https://othoba.com/bellie-ido-assorted-cookies-600gm-royal-mart-705691
2026-09-11,705698,Bellie Promise Assorted Cookies Tin 600gm,600 g,600.0,g,1045.0,1100.0,5.0,RYMT705698,Royal Mart,biscuit-cookies,biscuit-cookies,7.0,0.0,https://othoba.com/bellie-promise-assorted-cookies-tin-600gm-royal-mart-705698
2026-09-11,705709,Biriyni Essence 28ml,28 ml,28.0,ml,92.0,100.0,8.0,RYMT705709,Royal Mart,baking-2,baking-2,16.0,0.0,https://othoba.com/biriyni-essence-28ml-royal-mart-705709
2026-09-11,705727,Kong Moon Vermisili Rice Noodles 454Gm - Ramen Noodles,454 g,454.0,g,308.0,390.0,21.03,RYMT705727,Royal Mart,noodles,noodles,22.0,0.0,https://othoba.com/kong-moon-vermisili-rice-noodles-454gm-ramen-noodles-royal-mart-705727
2026-09-11,705729,Fox Fruits Flavored Candy Tin 180gm,180 g,180.0,g,392.0,490.0,20.0,RYMT705729,Royal Mart,chocolate-candy,chocolate-candy,46.0,0.0,https://othoba.com/fox-fruits-flavored-candy-tin-180gm-royal-mart-705729
2026-09-11,705748,D Bhar Dulal's Palm Candy 500g,500 g,500.0,g,200.0,220.0,9.09,RYMT705748,Royal Mart,chocolate-candy,chocolate-candy,12.0,0.0,https://othoba.com/d-bhar-dulals-palm-candy-500g-royal-mart-705748
2026-09-11,705778,Fox's Crystal Clear Fruits Mints Candy (Fruits Mints)180 gm,180 g,180.0,g,321.0,423.0,24.11,RYMT705778,Royal Mart,chocolate-candy,chocolate-candy,17.0,0.0,https://othoba.com/foxs-crystal-clear-fruits-mints-candy-fruits-mints180-gm-royal-mart-705778
2026-09-11,705781,Aseel Pure Butter Ghee - 400gm,400 g,400.0,g,836.0,936.0,10.68,RYMT705781,Royal Mart,ghee-3,ghee-3,26.0,0.0,https://othoba.com/aseel-pure-butter-ghee-400gm-royal-mart-705781
2026-09-11,705785,Dia sugar 100gm,100 g,100.0,g,225.0,250.0,10.0,RYMT705785,Royal Mart,daily-cooking,daily-cooking,9.0,0.0,https://othoba.com/dia-sugar-100gm-royal-mart-705785
2026-09-11,705793,"Almarai Cheese Triangles 16Pcs,240G",240 g,240.0,g,647.0,699.0,7.44,RYMT705793,Royal Mart,cheese,cheese,54.0,0.0,https://othoba.com/almarai-cheese-triangles-16pcs240g-royal-mart-705793
2026-09-11,705795,"Almarai Cheese Triangles 32Pcs,480G",480 g,480.0,g,1196.0,1300.0,8.0,RYMT705795,Royal Mart,cheese,cheese,11.0,0.0,https://othoba.com/almarai-cheese-triangles-32pcs480g-royal-mart-705795
2026-09-11,705800,Marshmallow Colorful 30gm,30 g,30.0,g,86.0,90.0,4.44,RYMT705800,Royal Mart,chocolate-candy,chocolate-candy,25.0,0.0,https://othoba.com/marshmallow-colorful-30gm-royal-mart-705800
2026-09-11,705827,FOX'S Crystal Clear Berries Candy - 180g,180 g,180.0,g,349.0,360.0,3.06,RYMT705827,Royal Mart,chocolate-candy,chocolate-candy,51.0,0.0,https://othoba.com/foxs-crystal-clear-berries-candy-180g-royal-mart-705827
2026-09-11,705842,DIA SUGAR (100gm),100 g,100.0,g,269.0,280.0,3.93,RYMT705842,Royal Mart,daily-cooking,daily-cooking,8.0,0.0,https://othoba.com/dia-sugar-120gm-royal-mart-705842
2026-09-11,705852,Pink Crystal Rock Salt - 500g,500 g,500.0,g,940.0,990.0,5.05,RYMT705852,Royal Mart,daily-cooking,daily-cooking,38.0,0.0,https://othoba.com/pink-crystal-rock-salt-500g-royal-mart-705852
2026-09-11,705860,Heinz Apple Cider Vinegar 473ml,473 ml,473.0,ml,363.0,390.0,6.92,RYMT705860,Royal Mart,vinegars,vinegars,33.0,0.0,https://othoba.com/heinz-apple-cider-vinegar-473ml-royal-mart-705860
2026-09-11,705861,Thai Sweet & Sour Tamarind Candy 2 Pcs,2 pcs,2.0,pcs,320.0,340.0,5.88,RYMT705861,Royal Mart,chocolate-candy,chocolate-candy,47.0,0.0,https://othoba.com/thai-sweet-sour-tamarind-candy-2-pcs-royal-mart-705861
2026-09-11,705864,Pipkin Organic Pink Salt 500g,500 g,500.0,g,249.0,290.0,14.14,RYMT705864,Royal Mart,daily-cooking,daily-cooking,29.0,0.0,https://othoba.com/pipkin-organic-pink-salt-500g-royal-mart-705864
2026-09-11,705867,Canderel Sugar 40gm,40 g,40.0,g,196.0,220.0,10.91,RYMT705867,Royal Mart,daily-cooking,daily-cooking,14.0,0.0,https://othoba.com/canderel-sugar-40gm-royal-mart-705867
2026-09-11,705877,Almarai Triangle Cheese 24 pcs,24 pcs,24.0,pcs,994.0,1080.0,7.96,RYMT705877,Royal Mart,cheese,cheese,25.0,0.0,https://othoba.com/almarai-triangle-cheese-24-pcs-royal-mart-705877
2026-09-11,705881,ORI Nata Butter Flavoured Cream Sandwich 153g,153 g,153.0,g,380.0,400.0,5.0,RYMT705881,Royal Mart,butter-3,butter-3,16.0,0.0,https://othoba.com/ori-nata-butter-flavoured-cream-sandwich-153g-royal-mart-705881
2026-09-11,705883,"Fox's Crystal Clear Candy(Fruits,Berries ,Mints) 3 pcs",3 pcs,3.0,pcs,1027.0,1127.0,8.87,RYMT705883,Royal Mart,chocolate-candy,chocolate-candy,55.0,0.0,https://othoba.com/foxs-crystal-clear-candyfruitsberries-mints-3-pcs-royal-mart-705883
2026-09-11,705893,Goodness Grocery Black Salt Powder / Kala Namak Powder 25g,25 g,25.0,g,40.0,70.0,42.86,RYMT705893,Royal Mart,daily-cooking,daily-cooking,55.0,0.0,https://othoba.com/goodness-grocery-black-salt-powder-kala-namak-powder-25g-royal-mart-705893
2026-09-11,705913,Donggu White Vinegar Dahongzhe Vinegar 600ml,600 ml,600.0,ml,468.0,550.0,14.91,RYMT705913,Royal Mart,vinegars,vinegars,13.0,0.0,https://othoba.com/donggu-white-vinegar-dahongzhe-vinegar-600ml-royal-mart-705913
2026-09-11,705918,Thai Sweet & Sour Tamarind Candy 2 Pcs,2 pcs,2.0,pcs,320.0,340.0,5.88,RYMT705918,Royal Mart,chocolate-candy,chocolate-candy,22.0,0.0,https://othoba.com/thai-sweet-sour-tamarind-candy-2-pcs-royal-mart-705918
2026-09-11,705927,Ano Danish Premium Butter Cookies 135g,135 g,135.0,g,290.0,350.0,17.14,RYMT705927,Royal Mart,butter-3,butter-3,44.0,0.0,https://othoba.com/ano-danish-premium-butter-cookies-135g-royal-mart-705927
2026-09-11,705949,Ajwa Khejur Premium Ajwa Dates 500gm,500 g,500.0,g,1068.0,1090.0,2.02,RYMT705949,Royal Mart,fruits-vegetable,fruits-vegetable,14.0,0.0,https://othoba.com/ajwa-khejur-premium-ajwa-dates-500gm-royal-mart-705949
2026-09-11,705950,"Maryam Dates, Khejur (premium quality) 500gm",500 g,500.0,g,768.0,800.0,4.0,RYMT705950,Royal Mart,fruits-vegetable,fruits-vegetable,56.0,0.0,https://othoba.com/maryam-dates-khejur-premium-quality-500gm-royal-mart-705950
2026-09-11,705960,Himalayan Pink Rock Salt for Cooking (Trust Organics) 500g,500 g,500.0,g,1038.0,1138.0,8.79,RYMT705960,Royal Mart,daily-cooking,daily-cooking,37.0,0.0,https://othoba.com/himalayan-pink-rock-salt-for-cooking-trust-organics-500g-royal-mart-705960
2026-09-11,705962,Bit Salt Powder black salt - 25gm,25 g,25.0,g,66.0,70.0,5.71,RYMT705962,Royal Mart,daily-cooking,daily-cooking,8.0,0.0,https://othoba.com/bit-salt-powder-black-salt-25gm-royal-mart-705962
2026-09-11,705981,"Bounce Biscuits- Choco Creme Cookies, 30g*12pcs",12 pcs,12.0,pcs,291.0,300.0,3.0,RYMT705981,Royal Mart,biscuit-cookies,biscuit-cookies,8.0,0.0,https://othoba.com/bounce-biscuits-choco-creme-cookies-30g12pcs-royal-mart-705981
2026-09-11,706004,Dewberry Sandwich Cookies & Cream Blueberry Flavor Jam 432g,432 g,432.0,g,881.0,990.0,11.01,RYMT706004,Royal Mart,biscuit-cookies,biscuit-cookies,24.0,0.0,https://othoba.com/dewberry-sandwich-cookies-cream-blueberry-flavor-jam-432g-royal-mart-706004
2026-09-11,706011,Premium quality Jihadi Dates(Khejur)- 1 kg healthy food,1 kg,1.0,kg,374.0,390.0,4.1,RYMT706011,Royal Mart,fruits-vegetable,fruits-vegetable,51.0,0.0,https://othoba.com/premium-quality-jihadi-dateskhejur-1-kg-healthy-food-royal-mart-706011
2026-09-11,706021,Bragg_Organic Apple Cider Vinegar with The Mother (Raw-Unfiltered) - 473ml,473 ml,473.0,ml,653.0,680.0,3.97,RYMT706021,Royal Mart,vinegars,vinegars,8.0,0.0,https://othoba.com/bragg_organic-apple-cider-vinegar-with-the-mother-raw-unfiltered-473ml-royal-mart-706021
2026-09-11,706022,Jafran Irani Saffron Zafran 1gm,1 g,1.0,g,225.0,250.0,10.0,RYMT706022,Royal Mart,spice-herb,spice-herb,27.0,0.0,https://othoba.com/jafran-irani-saffron-zafran-1gm-royal-mart-706022
2026-09-11,706023,Bragg_Organic Apple Cider Vinegar with The Mother (Raw Unfiltered) 946ml-USA,946 ml,946.0,ml,846.0,900.0,6.0,RYMT706023,Royal Mart,vinegars,vinegars,55.0,0.0,https://othoba.com/bragg_organic-apple-cider-vinegar-with-the-mother-raw-unfiltered-946ml-usa-royal-mart-706023
2026-09-11,706028,Buldak Quattro Cheese Hot Chicken Flavor Ramen Pack of 5 (145g x5),145 g,145.0,g,1038.0,1138.0,8.79,RYMT706028,Royal Mart,cheese,cheese,33.0,0.0,https://othoba.com/buldak-quattro-cheese-hot-chicken-flavor-ramen-pack-of-5-145g-x5-royal-mart-706028
2026-09-11,706033,Cheese Hot Chicken Flavor Ramen Family Pack 700gm,700 g,700.0,g,879.0,979.0,10.21,RYMT706033,Royal Mart,cheese,cheese,44.0,0.0,https://othoba.com/cheese-hot-chicken-flavor-ramen-family-pack-700gm-royal-mart-706033
2026-09-11,706034,Hot Chicken Ramen Kimchi Noodles 600gm,600 g,600.0,g,995.0,1095.0,9.13,RYMT706034,Royal Mart,noodles,noodles,40.0,0.0,https://othoba.com/hot-chicken-ramen-kimchi-noodles-600gm-royal-mart-706034
2026-09-11,706035,Ramen Hot Chicken 3x spicy Noodles,,,,790.0,850.0,7.06,RYMT706035,Royal Mart,noodles,noodles,36.0,0.0,https://othoba.com/ramen-hot-chicken-3x-spicy-noodles-royal-mart-706035
2026-09-11,706036,Carbo Hot Chicken Flavor Ramen Noodles 700gm,700 g,700.0,g,932.0,1032.0,9.69,RYMT706036,Royal Mart,noodles,noodles,11.0,0.0,https://othoba.com/carbo-hot-chicken-flavor-ramen-noodles-700gm-royal-mart-706036
2026-09-11,706037,Butter Peanut Crisp Candy,,,,194.0,240.0,19.17,RYMT706037,Royal Mart,chocolate-candy,chocolate-candy,7.0,0.0,https://othoba.com/butter-peanut-crisp-candy-royal-mart-706037
2026-09-11,706051,Fox's Crystal Clear Fruits Candy Pouch 90g,90 g,90.0,g,180.0,190.0,5.26,RYMT706051,Royal Mart,chocolate-candy,chocolate-candy,48.0,0.0,https://othoba.com/foxs-crystal-clear-fruits-candy-pouch-90g-royal-mart-706051
2026-09-11,706059,Amul Butter Pasteurized 200g,200 g,200.0,g,392.0,450.0,12.89,RYMT706059,Royal Mart,butter-3,butter-3,19.0,0.0,https://othoba.com/amul-butter-pasteurized-200g-royal-mart-706059
2026-09-11,706062,Aji-No-Moto Tasting Salt Monosodium glutamate 450g,450 g,450.0,g,308.0,390.0,21.03,RYMT706062,Royal Mart,daily-cooking,daily-cooking,30.0,0.0,https://othoba.com/aji-no-moto-tasting-salt-monosodium-glutamate-450g-royal-mart-706062
2026-09-11,706065,HADAY MATURE VINEGAR 1.2L,1.2 l,1.2,l,1344.0,1400.0,4.0,RYMT706065,Royal Mart,vinegars,vinegars,11.0,0.0,https://othoba.com/haday-mature-vinegar-12l-royal-mart-706065
2026-09-11,706068,Hot Chicken Ramen Noodles 2X Spicy - Ramen Noodles,,,,176.0,220.0,20.0,RYMT706068,Royal Mart,noodles,noodles,13.0,0.0,https://othoba.com/hot-chicken-ramen-noodles-2x-spicy-ramen-noodles-royal-mart-706068
2026-09-11,706069,3x Spicy Ramen Noodles,,,,166.0,180.0,7.78,RYMT706069,Royal Mart,noodles,noodles,39.0,0.0,https://othoba.com/3x-spicy-ramen-noodles-royal-mart-706069
2026-09-11,706077,Vivo Vanilla Essence -28Ml,28 ml,28.0,ml,96.0,100.0,4.0,RYMT706077,Royal Mart,baking-2,baking-2,19.0,0.0,https://othoba.com/vivo-vanilla-essence-28ml-royal-mart-706077
2026-09-11,706078,Chocolate Essence Fc-28ml,28 ml,28.0,ml,154.0,160.0,3.75,RYMT706078,Royal Mart,baking-2,baking-2,44.0,0.0,https://othoba.com/chocolate-essence-fc-28ml-royal-mart-706078
2026-09-11,706101,Sugar Free Natura - 200 Pellets,,,,249.0,280.0,11.07,RYMT706101,Royal Mart,daily-cooking,daily-cooking,15.0,0.0,https://othoba.com/sugar-free-natura-200-pellets-royal-mart-706101
2026-09-11,706141,Shukno Khurma Khejur 1Kg,1 kg,1.0,kg,380.0,550.0,30.91,RYMT706141,Royal Mart,fruits-vegetable,fruits-vegetable,14.0,0.0,https://othoba.com/shukno-khurma-khejur-1kg-royal-mart-706141
2026-09-11,706147,OK Pulse Candy-Masala Mango 150 PCS,150 pcs,150.0,pcs,296.0,390.0,24.1,RYMT706147,Royal Mart,chocolate-candy,chocolate-candy,42.0,0.0,https://othoba.com/ok-pulse-candy-masala-mango-150-pcs-royal-mart-706147
2026-09-11,706148,Organic Apple Cider Vinegar 500ml,500 ml,500.0,ml,853.0,980.0,12.96,RYMT706148,Royal Mart,vinegars,vinegars,55.0,0.0,https://othoba.com/organic-apple-cider-vinegar-500ml-royal-mart-706148
2026-09-11,706149,Milkita Milk Candy 120g,120 g,120.0,g,285.0,390.0,26.92,RYMT706149,Royal Mart,chocolate-candy,chocolate-candy,20.0,0.0,https://othoba.com/milkita-milk-candy-120g-royal-mart-706149
2026-09-11,706157,Tempura Batter Mix - Mr. Hung 500g,500 g,500.0,g,378.0,450.0,16.0,RYMT706157,Royal Mart,butter-3,butter-3,52.0,0.0,https://othoba.com/tempura-batter-mix-mr-hung-500g-royal-mart-706157
2026-09-11,706186,Bragg Organic Apple Cider Vinegar with The Mother - 473ml,473 ml,473.0,ml,695.0,880.0,21.02,RYMT706186,Royal Mart,vinegars,vinegars,30.0,0.0,https://othoba.com/bragg-organic-apple-cider-vinegar-with-the-mother-473ml-royal-mart-706186
2026-09-11,706189,Bragg Organic Apple Cider Vinegar with The Mother - 946ml,946 ml,946.0,ml,1103.0,1490.0,25.97,RYMT706189,Royal Mart,vinegars,vinegars,36.0,0.0,https://othoba.com/bragg-organic-apple-cider-vinegar-with-the-mother-946ml-royal-mart-706189
2026-09-11,706192,Chickpea Flour (Boot Beshon) 500gm,500 g,500.0,g,142.0,180.0,21.11,RYMT706192,Royal Mart,daily-cooking,daily-cooking,10.0,0.0,https://othoba.com/chickpea-flour-boot-beshon-500gm-royal-mart-706192
2026-09-11,706247,Nongshim Ramyun Korean Style Spicy Noodle Soup Instant Noodles (Pack of 5),,,,1047.0,1147.0,8.72,RYMT706247,Royal Mart,noodles,noodles,25.0,0.0,https://othoba.com/nongshim-ramyun-korean-style-spicy-noodle-soup-instant-noodles-pack-of-5-royal-mart-706247
2026-09-11,706249,mi-pong monosodium glutamate tasting salt 100gm,100 g,100.0,g,46.0,50.0,8.0,RYMT706249,Royal Mart,daily-cooking,daily-cooking,26.0,0.0,https://othoba.com/mi-pong-monosodium-glutamate-tasting-salt-100gm-royal-mart-706249
2026-09-11,706253,1Kg Dulal  Tall Misri /Sugar Palm Candy,1 kg,1.0,kg,359.0,390.0,7.95,RYMT706253,Royal Mart,chocolate-candy,chocolate-candy,52.0,0.0,https://othoba.com/1kg-dulal-tall-misri-sugar-palm-candy-royal-mart-706253
2026-09-11,706293,Q.B.B Pure Butter Ghee 1600ml(malaysia),1600 ml,1600.0,ml,3880.0,4000.0,3.0,RYMT706293,Royal Mart,ghee-3,ghee-3,37.0,0.0,https://othoba.com/qbb-pure-butter-ghee-1600mlmalaysia-royal-mart-706293
2026-09-11,706304,Korean Sweet Potato Noodles Paleo Japchae 250gm,250 g,250.0,g,465.0,565.0,17.7,RYMT706304,Royal Mart,noodles,noodles,42.0,0.0,https://othoba.com/korean-sweet-potato-noodles-paleo-japchae-250gm-royal-mart-706304
2026-09-11,706395,Balloon Assortments Fruit Candy - 50 Piece (Thailand),50 pcs,50.0,pcs,355.0,370.0,4.05,RYMT706395,Royal Mart,chocolate-candy,chocolate-candy,50.0,0.0,https://othoba.com/balloon-assortments-fruit-candy-50-piece-thailand-royal-mart-706395
2026-09-11,706399,Organic Apple Cider Vinegar With The Mother -1000ml,1000 ml,1000.0,ml,1680.0,1750.0,4.0,RYMT706399,Royal Mart,vinegars,vinegars,30.0,0.0,https://othoba.com/organic-apple-cider-vinegar-with-the-mother-1000ml-royal-mart-706399
2026-09-11,706401,Apple Cider Vinegar with Mother – 1000 ml,1000 ml,1000.0,ml,1606.0,1690.0,4.97,RYMT706401,Royal Mart,vinegars,vinegars,38.0,0.0,https://othoba.com/apple-cider-vinegar-with-mother-1000-ml-royal-mart-706401
2026-09-11,706416,Organic Raw Unfiltered Apple Cider Vinegar with Mother - 250ml,250 ml,250.0,ml,540.0,650.0,16.92,RYMT706416,Royal Mart,vinegars,vinegars,43.0,0.0,https://othoba.com/organic-raw-unfiltered-apple-cider-vinegar-with-mother-250ml-royal-mart-706416
2026-09-11,706419,Love 3 Flavor Candy combo of 3 pac(Prem BD),,,,289.0,380.0,23.95,RYMT706419,Royal Mart,chocolate-candy,chocolate-candy,56.0,0.0,https://othoba.com/love-3-flavor-candy-combo-of-3-pacprem-bd-royal-mart-706419
2026-09-11,706420,Malkist Cheese Flavoured Cracker Biscuits - 144g (indian),144 g,144.0,g,229.0,260.0,11.92,RYMT706420,Royal Mart,cheese,cheese,44.0,0.0,https://othoba.com/malkist-cheese-flavoured-cracker-biscuits-144g-indian-royal-mart-706420
2026-09-11,706446,ASEEL Pure Ghee (Butter) 800g,800 g,800.0,g,1710.0,1900.0,10.0,RYMT706446,Royal Mart,butter-3,butter-3,22.0,0.0,https://othoba.com/aseel-pure-ghee-butter-800g-royal-mart-706446
2026-09-11,706455,Haitian White Rice Vinegar 450ml,450 ml,450.0,ml,741.0,780.0,5.0,RYMT706455,Royal Mart,vinegars,vinegars,49.0,0.0,https://othoba.com/haitian-white-rice-vinegar-450ml-royal-mart-706455
2026-09-11,706456,Balsamic Vinegar 500ml,500 ml,500.0,ml,593.0,690.0,14.06,RYMT706456,Royal Mart,vinegars,vinegars,32.0,0.0,https://othoba.com/balsamic-vinegar-500ml-royal-mart-706456
2026-09-11,706471,Fresh Himal@ayan Natural Pink Salt - 1 Kg(Pakistani),1 kg,1.0,kg,350.0,380.0,7.89,RYMT706471,Royal Mart,daily-cooking,daily-cooking,11.0,0.0,https://othoba.com/fresh-himalayan-natural-pink-salt-1-kgpakistani-royal-mart-706471
2026-09-11,706496,Ceylon Naturals Organic Coconut Vinegar -250ml,250 ml,250.0,ml,665.0,700.0,5.0,RYMT706496,Royal Mart,vinegars,vinegars,40.0,0.0,https://othoba.com/ceylon-naturals-organic-coconut-vinegar-250ml-royal-mart-706496
2026-09-11,706512,Bit Salt - 500gm  (Bit Lobon),500 g,500.0,g,134.0,150.0,10.67,RYMT706512,Royal Mart,daily-cooking,daily-cooking,54.0,0.0,https://othoba.com/bit-salt-500gm-bit-lobon-royal-mart-706512
2026-09-11,706551,Kis Mint ASSORTED permen kiss Candy festive kaleng 150gr(Indonesia),,,,319.0,580.0,45.0,RYMT706551,Royal Mart,chocolate-candy,chocolate-candy,9.0,0.0,https://othoba.com/kis-mint-assorted-permen-kiss-candy-festive-kaleng-150grindonesia-royal-mart-706551
2026-09-11,706552,Saporito Balsamic Vinegar of Modena - Cuka balsamik saus salad -500 ml,500 ml,500.0,ml,630.0,650.0,3.08,RYMT706552,Royal Mart,vinegars,vinegars,33.0,0.0,https://othoba.com/saporito-balsamic-vinegar-of-modena-cuka-balsamik-saus-salad-500-ml-royal-mart-706552
2026-09-11,706553,Sis White Icing Sugar 500 gm(Singapore),500 g,500.0,g,336.0,350.0,4.0,RYMT706553,Royal Mart,daily-cooking,daily-cooking,23.0,0.0,https://othoba.com/sis-white-icing-sugar-500-gmsingapore-royal-mart-706553
2026-09-11,706562,Hot Chicken Noodles 2X Spicy,,,,176.0,210.0,16.19,RYMT706562,Royal Mart,noodles,noodles,19.0,0.0,https://othoba.com/hot-chicken-noodles-2x-spicy-royal-mart-706562
2026-09-11,706566,Spicy 3x  Noodles 140gm,140 g,140.0,g,176.0,205.0,14.15,RYMT706566,Royal Mart,noodles,noodles,17.0,0.0,https://othoba.com/spicy-3x-noodles-140gm-royal-mart-706566
2026-09-11,706568,Buldak Cheese Hot Chicken Flavoured Instant Noodles 700gm(Korean),700 g,700.0,g,948.0,1090.0,13.03,RYMT706568,Royal Mart,noodles,noodles,42.0,0.0,https://othoba.com/buldak-cheese-hot-chicken-flavoured-instant-noodles-700gmkorean-royal-mart-706568
2026-09-11,706573,Hot 3x Spicy chicken stir fried noodles | 3x Spicy Korean noodles -700gm,700 g,700.0,g,851.0,990.0,14.04,RYMT706573,Royal Mart,noodles,noodles,39.0,0.0,https://othoba.com/hot-3x-spicy-chicken-stir-fried-noodles-3x-spicy-korean-noodles-700gm-royal-mart-706573
2026-09-11,706577,Buldak Hot Chicken Flavour Noodles (Pack of 5x140g) 700g(Korean),700 g,700.0,g,851.0,990.0,14.04,RYMT706577,Royal Mart,noodles,noodles,52.0,0.0,https://othoba.com/buldak-hot-chicken-flavour-noodles-pack-of-5x140g-700gkorean-royal-mart-706577
2026-09-11,706581,Jjajang Flavour Korean Black Bean Sauce Hot Chicken Instant Noodles  -700gm,700 g,700.0,g,850.0,1090.0,22.02,RYMT706581,Royal Mart,noodles,noodles,55.0,0.0,https://othoba.com/jjajang-flavour-korean-black-bean-sauce-hot-chicken-instant-noodles-700gm-royal-mart-706581
2026-09-11,706583,Hot Chicken  Kimchi Noodles 5 Pack -600gm,600 g,600.0,g,893.0,950.0,6.0,RYMT706583,Royal Mart,noodles,noodles,25.0,0.0,https://othoba.com/hot-chicken-kimchi-noodles-5-pack-600gm-royal-mart-706583
2026-09-11,706598,2X Spicy Hot Chicken Flavor Korean Noodles (140g) 1pcs,1 pcs,1.0,pcs,176.0,210.0,16.19,RYMT706598,Royal Mart,noodles,noodles,40.0,0.0,https://othoba.com/2x-spicy-hot-chicken-flavor-korean-noodles-140g-1pcs-royal-mart-706598
2026-09-11,706599,Cheese Hot Chicken Flavor Noodles  Family Pack 700gm Korean,700 g,700.0,g,853.0,980.0,12.96,RYMT706599,Royal Mart,noodles,noodles,37.0,0.0,https://othoba.com/cheese-hot-chicken-flavor-noodles-family-pack-700gm-korean-royal-mart-706599
2026-09-11,706600,Hot Chicken Flavor Noodles Korean 3x Spicy 700gm,700 g,700.0,g,851.0,990.0,14.04,RYMT706600,Royal Mart,noodles,noodles,10.0,0.0,https://othoba.com/hot-chicken-flavor-noodles-korean-3x-spicy-700gm-royal-mart-706600
2026-09-11,706601,Cream Carbonara Hot Chicken Flavor Korean Noodles - 700g (Pack of 5),700 g,700.0,g,882.0,1050.0,16.0,RYMT706601,Royal Mart,noodles,noodles,17.0,0.0,https://othoba.com/cream-carbonara-hot-chicken-flavor-korean-noodles-700g-pack-of-5-royal-mart-706601
2026-09-11,706603,Quattro Cheese Korean Hot Chicken Flavor Noodles Pack Of 5 (145G X5),145 g,145.0,g,851.0,990.0,14.04,RYMT706603,Royal Mart,noodles,noodles,7.0,0.0,https://othoba.com/quattro-cheese-korean-hot-chicken-flavor-noodles-pack-of-5-145g-x5-royal-mart-706603
2026-09-11,706604,2X Spicy Hot Chicken Flavor Noodles  Korean - Family Pack 700gm,700 g,700.0,g,851.0,990.0,14.04,RYMT706604,Royal Mart,noodles,noodles,13.0,0.0,https://othoba.com/2x-spicy-hot-chicken-flavor-noodles-korean-family-pack-700gm-royal-mart-706604
2026-09-11,706613,Butterscotch Emulsion/Paste /Flavour 35gm,35 g,35.0,g,101.0,135.0,25.19,RYMT706613,Royal Mart,ghee-butter,ghee-butter,45.0,0.0,https://othoba.com/butterscotch-emulsionpaste-flavour-35gm-royal-mart-706613
2026-09-11,706631,Crystal Clear Fruits Candy 125Gm Indonesia,125 g,125.0,g,223.0,240.0,7.08,RYMT706631,Royal Mart,chocolate-candy,chocolate-candy,51.0,0.0,https://othoba.com/crystal-clear-fruits-candy-125gm-indonesia-royal-mart-706631
2026-09-11,706633,Berries Candy Tin.180gm,180 g,180.0,g,378.0,390.0,3.08,RYMT706633,Royal Mart,chocolate-candy,chocolate-candy,52.0,0.0,https://othoba.com/berries-candy-tin180gm-royal-mart-706633
2026-09-11,706670,Nut Candy Salted Cashew Nuts (Kaju Badam) 140 gm-Thailand,140 g,140.0,g,1015.0,1140.0,10.96,RYMT706670,Royal Mart,chocolate-candy,chocolate-candy,47.0,0.0,https://othoba.com/nut-candy-salted-cashew-nuts-kaju-badam-140-gm-thailand-royal-mart-706670
2026-09-11,706721,Melao Stretch Mark Cream 120gm For Pregnancy And Scar Removal Treatment With Cocoa And Shea Butter Belly Moisturizer,120 g,120.0,g,789.0,889.0,11.25,RYMT706721,Royal Mart,ghee-butter,ghee-butter,32.0,0.0,https://othoba.com/melao-stretch-mark-cream-120gm-for-pregnancy-and-scar-removal-treatment-with-cocoa-and-shea-butter-belly-moisturizer-royal-mart-706721
2026-09-11,706810,Deshi Red Sugar / আখের লাল চিনি(1kg),1 kg,1.0,kg,213.0,220.0,3.18,RYMT706810,Royal Mart,daily-cooking,daily-cooking,18.0,0.0,https://othoba.com/deshi-red-sugar-%E0%A6%86%E0%A6%96%E0%A6%B0-%E0%A6%B2%E0%A6%B2-%E0%A6%9A%E0%A6%A81kg-royal-mart-706810
2026-09-11,706819,Foster Clark's Baking Powder 110gm,110 g,110.0,g,251.0,270.0,7.04,RYMT706819,Royal Mart,baking-2,baking-2,33.0,0.0,https://othoba.com/foster-clarks-baking-powder-110gm-royal-mart-706819
2026-09-11,706830,Haiko Baking Powder 1kg,1 kg,1.0,kg,262.0,362.0,27.62,RYMT706830,Royal Mart,baking-2,baking-2,53.0,0.0,https://othoba.com/haiko-baking-powder-1kg-royal-mart-706830
2026-09-11,706855,King Himalayan Pink Salt 500g(Pakistan),500 g,500.0,g,448.0,590.0,24.07,RYMT706855,Royal Mart,daily-cooking,daily-cooking,38.0,0.0,https://othoba.com/king-himalayan-pink-salt-500gpakistan-royal-mart-706855
2026-09-11,706896,Combo pack-4pcs Quality Dia Sugar 150gm*4pcs(German Technology),4 pcs,4.0,pcs,1246.0,1400.0,11.0,RYMT706896,Royal Mart,daily-cooking,daily-cooking,45.0,0.0,https://othoba.com/combo-pack-4pcs-quality-dia-sugar-150gm4pcsgerman-technology-royal-mart-706896
2026-09-11,706913,"Nut Candy Wasabi Coated Green Peas, 180gm",180 g,180.0,g,428.0,460.0,6.96,RYMT706913,Royal Mart,chocolate-candy,chocolate-candy,25.0,0.0,https://othoba.com/nut-candy-wasabi-coated-green-peas-180gm-royal-mart-706913
2026-09-11,706914,Discovery Organic Apple Cider Vinegar With The Mother 500 ml,500 ml,500.0,ml,892.0,980.0,8.98,RYMT706914,Royal Mart,vinegars,vinegars,19.0,0.0,https://othoba.com/discovery-organic-apple-cider-vinegar-with-the-mother-500-ml-royal-mart-706914
2026-09-11,706915,Discovery Organic Apple Cider Vinegar With Mother 1 Liter (USA),1 l,1.0,l,1674.0,1840.0,9.02,RYMT706915,Royal Mart,vinegars,vinegars,22.0,0.0,https://othoba.com/discovery-organic-apple-cider-vinegar-with-mother-1-liter-usa-royal-mart-706915
2026-09-11,706925,100 PCS Sticks SUGAR White (5g*100pcs),100 pcs,100.0,pcs,319.0,380.0,16.05,RYMT706925,Royal Mart,daily-cooking,daily-cooking,8.0,0.0,https://othoba.com/100-pcs-sticks-sugar-white-5g100pcs-royal-mart-706925
2026-09-11,706926,Brown sugar 100 stick(5g*100pcs),100 pcs,100.0,pcs,394.0,480.0,17.92,RYMT706926,Royal Mart,daily-cooking,daily-cooking,56.0,0.0,https://othoba.com/brown-sugar-100-stick5g100pcs-royal-mart-706926
2026-09-11,706945,Candy Balloon Toffy Fruit Flavor 35pcs(Thailand),35 pcs,35.0,pcs,270.0,290.0,6.9,RYMT706945,Royal Mart,chocolate-candy,chocolate-candy,49.0,0.0,https://othoba.com/candy-balloon-toffy-fruit-flavor-35pcsthailand-royal-mart-706945
2026-09-11,706946,Candy Fruit Candy Balloon New High Candy 50pcs(Thailand),50 pcs,50.0,pcs,336.0,350.0,4.0,RYMT706946,Royal Mart,chocolate-candy,chocolate-candy,7.0,0.0,https://othoba.com/candy-fruit-candy-balloon-new-high-candy-50pcsthailand-royal-mart-706946
2026-09-11,706984,Melao Stretch Mark Cream for Pregnancy & Scar Removal with Cocoa & Shea Butter-120g,120 g,120.0,g,749.0,780.0,3.97,RYMT706984,Royal Mart,ghee-butter,ghee-butter,10.0,0.0,https://othoba.com/melao-stretch-mark-cream-for-pregnancy-scar-removal-with-cocoa-shea-butter-120g-royal-mart-706984
2026-09-11,707098,Vaseline Blueseal Cocoa Butter Rich Conditioning Jelly 100ml,100 ml,100.0,ml,418.0,550.0,24.0,RYMT707098,Royal Mart,ghee-butter,ghee-butter,48.0,0.0,https://othoba.com/vaseline-blueseal-cocoa-butter-rich-conditioning-jelly-100ml-royal-mart-707098
2026-09-11,707142,Matrix Opti Care Smooth Straight Shea Butter Hair Mask-490ml,490 ml,490.0,ml,1786.0,1900.0,6.0,RYMT707142,Royal Mart,ghee-butter,ghee-butter,15.0,0.0,https://othoba.com/matrix-opti-care-smooth-straight-shea-butter-hair-mask-490ml-royal-mart-707142
2026-09-11,707207,Melao Stretch Mark Cream for Pregnancy & Scar Removal with Cocoa & Shea Butter-120gm,120 g,120.0,g,790.0,850.0,7.06,RYMT707207,Royal Mart,ghee-butter,ghee-butter,49.0,0.0,https://othoba.com/melao-stretch-mark-cream-for-pregnancy-scar-removal-with-cocoa-shea-butter-120gm-royal-mart-707207
2026-09-11,707268,Ceylon Naturals Organic Coconut Vinegar -500ml (Sri Lanka),500 ml,500.0,ml,1380.0,1500.0,8.0,RYMT707268,Royal Mart,vinegars,vinegars,56.0,0.0,https://othoba.com/ceylon-naturals-organic-coconut-vinegar-500ml-sri-lanka-royal-mart-707268
2026-09-11,707272,Savory Molasses Brown Sugar 450 gm,450 g,450.0,g,368.0,468.0,21.37,RYMT707272,Royal Mart,daily-cooking,daily-cooking,29.0,0.0,https://othoba.com/savory-molasses-brown-sugar-450-gm-royal-mart-707272
2026-09-11,707273,Rinda Butterscotch Candy 100Gm-Malaysia,100 g,100.0,g,255.0,280.0,8.93,RYMT707273,Royal Mart,chocolate-candy,chocolate-candy,17.0,0.0,https://othoba.com/rinda-butterscotch-candy-100gm-malaysia-royal-mart-707273
2026-09-11,707278,Rinda Coconut Candy 120g-Malaysia,120 g,120.0,g,295.0,355.0,16.9,RYMT707278,Royal Mart,chocolate-candy,chocolate-candy,9.0,0.0,https://othoba.com/rinda-coconut-candy-120g-malaysia-royal-mart-707278
2026-09-11,707279,combo Rinda mix  Fruit Candy 120g*3pcs-Malaysia,3 pcs,3.0,pcs,742.0,990.0,25.05,RYMT707279,Royal Mart,chocolate-candy,chocolate-candy,30.0,0.0,https://othoba.com/combo-rinda-mix-fruit-candy-120g3pcs-malaysia-royal-mart-707279
2026-09-11,707280,Rinda Icy Fruit Candy-100g-Malaysia,100 g,100.0,g,256.0,350.0,26.86,RYMT707280,Royal Mart,chocolate-candy,chocolate-candy,54.0,0.0,https://othoba.com/rinda-icy-fruit-candy-100g-malaysia-royal-mart-707280
2026-09-11,707281,Rinda Ice Apple Flavoured Candy 100Gm-Malaysia,100 g,100.0,g,256.0,350.0,26.86,RYMT707281,Royal Mart,chocolate-candy,chocolate-candy,28.0,0.0,https://othoba.com/rinda-ice-apple-flavoured-candy-100gm-malaysia-royal-mart-707281
2026-09-11,707302,Victoria's Secret Sweet Fix Candy Baby Fragrance Mist:- 250 ml,250 ml,250.0,ml,1035.0,1500.0,31.0,RYMT707302,Royal Mart,chocolate-candy,chocolate-candy,45.0,0.0,https://othoba.com/victorias-secret-sweet-fix-candy-baby-fragrance-mist-250-ml-royal-mart-707302
2026-09-11,707308,Melao Organic Shea Butter & Retinol Night Cream - 50ml,50 ml,50.0,ml,885.0,1500.0,41.0,RYMT707308,Royal Mart,ghee-butter,ghee-butter,13.0,0.0,https://othoba.com/melao-organic-shea-butter-retinol-night-cream-50ml-royal-mart-707308
2026-09-11,707410,Palmer's Cocoa Butter Massage Cream for Stretch Marks 125g UK,125 g,125.0,g,1098.0,1800.0,39.0,RYMT707410,Royal Mart,ghee-butter,ghee-butter,33.0,0.0,https://othoba.com/palmers-cocoa-butter-massage-cream-for-stretch-marks-125g-uk-royal-mart-707410
2026-09-11,707561,ST Ives OATMEAL & SHEA BUTTER Shower gel body wash used for Male/ female 650ml,650 ml,650.0,ml,1393.0,1990.0,30.0,RYMT707561,Royal Mart,ghee-butter,ghee-butter,14.0,0.0,https://othoba.com/st-ives-oatmeal-shea-butter-shower-gel-body-wash-used-for-male-female-650ml-royal-mart-707561
2026-09-11,707715,Sis White Sugar Cube 454 gm-Singapore,454 g,454.0,g,396.0,450.0,12.0,RYMT707715,Royal Mart,daily-cooking,daily-cooking,18.0,0.0,https://othoba.com/sis-white-sugar-cube-454-gm-singapore-royal-mart-707715
2026-09-11,707920,MISS U Marshmallow Candy-120gm,120 g,120.0,g,289.0,390.0,25.9,RYMT707920,Royal Mart,chocolate-candy,chocolate-candy,54.0,0.0,https://othoba.com/miss-u-marshmallow-candy-120gm-royal-mart-707920
2026-09-11,708007,Palmer's Cocoa Butter Formula With Vitamin E Bust Cream - 125gm,125 g,125.0,g,1495.0,1699.0,12.01,RYMT708007,Royal Mart,ghee-butter,ghee-butter,47.0,0.0,https://othoba.com/palmers-cocoa-butter-formula-with-vitamin-e-bust-cream-125gm-royal-mart-708007
2026-09-11,708251,Vaseline Blueseal Cocoa Butter Rich Conditioning Jelly (250ml) South Africa,250 ml,250.0,ml,948.0,1200.0,21.0,RYMT708251,Royal Mart,ghee-butter,ghee-butter,9.0,0.0,https://othoba.com/vaseline-blueseal-cocoa-butter-rich-conditioning-jelly-250ml-south-africa-royal-mart-708251
2026-09-11,708374,Petroleum Jelly with Pro-Vitamin B5 & Cocoa Butter( 300ml),300 ml,300.0,ml,891.0,1100.0,19.0,RYMT708374,Royal Mart,ghee-butter,ghee-butter,23.0,0.0,https://othoba.com/petroleum-jelly-with-pro-vitamin-b5-cocoa-butter-300ml-royal-mart-708374
2026-09-11,708629,Danisa Traditional Butter Cookies Tin 454gm,454 g,454.0,g,1392.0,1600.0,13.0,RYMT708629,Royal Mart,ghee-butter,ghee-butter,24.0,0.0,https://othoba.com/danisa-traditional-butter-cookies-tin-454gm-royal-mart-708629
2026-09-11,708687,Almarai Cheddar Cheese Slices 400 g,400 g,400.0,g,951.0,980.0,2.96,RYMT708687,Royal Mart,cheese,cheese,24.0,0.0,https://othoba.com/almarai-cheddar-cheese-slices-400-g-royal-mart-708687
2026-09-11,708698,Almarai Cheddar Cheese (20 Slices) 400g,400 g,400.0,g,943.0,1060.0,11.04,RYMT708698,Royal Mart,cheese,cheese,56.0,0.0,https://othoba.com/almarai-cheddar-cheese-20-slices-400g-royal-mart-708698
2026-09-11,708818,Heinz Apple Cider Vinegar 473 ml,473 ml,473.0,ml,298.0,350.0,14.86,RYMT708818,Royal Mart,vinegars,vinegars,36.0,0.0,https://othoba.com/heinz-apple-cider-vinegar-473-ml-royal-mart-708818
2026-09-11,708819,"Heinz Apple Cider Vinegar, 946 ML",946 ml,946.0,ml,581.0,700.0,17.0,RYMT708819,Royal Mart,vinegars,vinegars,52.0,0.0,https://othoba.com/heinz-apple-cider-vinegar-946-ml-royal-mart-708819
2026-09-11,709817,Fresh Fortified Soyebean Oil  - 5ltr,5 l,5.0,l,1000.0,,,MGIN709817,Meghna Group of Industries,daily-cooking,daily-cooking,,4.3,https://othoba.com/fresh-fortified-soyebean-oil-5ltr-meghna-group-of-industries-709817
2026-09-11,709818,Fresh Fortified Soyebean Oil  - 2 Ltr,2 l,2.0,l,392.0,398.0,1.51,MGIN709818,Meghna Group of Industries,daily-cooking,daily-cooking,,4.0,https://othoba.com/fresh-fortified-soyebean-oil-2-ltr-meghna-group-of-industries-709818
2026-09-11,709819,Fresh Rice Bran Oil - 5ltr,5 l,5.0,l,963.0,1120.0,14.02,MGIN709819,Meghna Group of Industries,daily-cooking,daily-cooking,,4.7,https://othoba.com/fresh-rice-bran-oil-5ltr-meghna-group-of-industries-709819
2026-09-11,709820,Fresh Instant Full Cream Milk Powder - 1kg,1 kg,1.0,kg,840.0,950.0,11.58,MGIN709820,Meghna Group of Industries,milk-3,milk-3,75.0,0.0,https://othoba.com/fresh-instant-full-cream-milk-powder-1kg-meghna-group-of-industries-709820
2026-09-11,709821,Fresh Instant Full Cream Milk Powder - 500gm,500 g,500.0,g,422.0,480.0,12.08,MGIN709821,Meghna Group of Industries,milk-3,milk-3,,3.7,https://othoba.com/fresh-instant-full-cream-milk-powder-500gm-meghna-group-of-industries-709821
2026-09-11,709822,Fresh Refind Sugar - 1kg,1 kg,1.0,kg,109.0,110.0,0.91,MGIN709822,Meghna Group of Industries,daily-cooking,daily-cooking,,3.0,https://othoba.com/fresh-refind-sugar-1kg-meghna-group-of-industries-709822
2026-09-11,709935,Sukkari dates,,,,1094.0,1350.0,18.96,BNAF709935,Bonobhumi,fruits-vegetable,fruits-vegetable,9.0,0.0,https://othoba.com/sukkari-dates
2026-09-11,709936,Ajwa dates,,,,1635.0,2020.0,19.06,BNAF709936,Bonobhumi,fruits-vegetable,fruits-vegetable,14.0,0.0,https://othoba.com/ajwa-dates
2026-09-11,709937,Mabroom dates,,,,1442.0,1790.0,19.44,BNAF709937,Bonobhumi,fruits-vegetable,fruits-vegetable,44.0,0.0,https://othoba.com/mabroom-dates
2026-09-11,709938,Medjool dates,,,,1694.0,2200.0,23.0,BNAF709938,Bonobhumi,fruits-vegetable,fruits-vegetable,31.0,0.0,https://othoba.com/medjool-dates
2026-09-11,710675,Premium Mariyam Dates 500gm / Masruk Khejur 500gm VIP,500 g,500.0,g,465.0,650.0,28.46,BOON710675,Borobazar Online Shopping,fruits-vegetable,fruits-vegetable,30.0,0.0,https://othoba.com/premium-mariyam-dates-500gm-masruk-khejur-500gm-vip-borobazar-online-shopping-710675
2026-09-11,710676,Premium Quality Sukkari Dates (Sukkari Khejur) 500gm – Naturally Sweet & Soft,500 g,500.0,g,553.0,600.0,7.83,BOON710676,Borobazar Online Shopping,fruits-vegetable,fruits-vegetable,55.0,0.0,https://othoba.com/premium-quality-sukkari-dates-sukkari-khejur-500gm-naturally-sweet-soft-borobazar-online-shopping-710676
2026-09-11,710677,"Premium Dabbas Dates (Dabbas Khejur) – 1kg | Soft, Sweet & Fresh Quality",1 kg,1.0,kg,765.0,950.0,19.47,BOON710677,Borobazar Online Shopping,fruits-vegetable,fruits-vegetable,35.0,0.0,https://othoba.com/premium-dabbas-dates-dabbas-khejur-1kg-soft-sweet-fresh-quality-borobazar-online-shopping-710677
2026-09-11,710678,Premium Zahidi Dates 500gm / Zahidi Khejur 500gm,500 g,500.0,g,176.0,220.0,20.0,BOON710678,Borobazar Online Shopping,fruits-vegetable,fruits-vegetable,14.0,0.0,https://othoba.com/premium-zahidi-dates-500gm-zahidi-khejur-500gm-borobazar-online-shopping-710678
2026-09-11,710679,Premium Zahidi Dates 1kg / Zahidi Khejur 1Kg,1 kg,1.0,kg,412.0,420.0,1.9,BOON710679,Borobazar Online Shopping,fruits-vegetable,fruits-vegetable,55.0,0.0,https://othoba.com/premium-zahidi-dates-1kg-zahidi-khejur-1kg-borobazar-online-shopping-710679
2026-09-11,710680,Premium Mariyam Dates / Mabroom Khejur 1kg morium VIP | Soft & Fresh Arabian Dates 1kg,1 kg,1.0,kg,1294.0,1500.0,13.73,BOON710680,Borobazar Online Shopping,fruits-vegetable,fruits-vegetable,47.0,0.0,https://othoba.com/premium-mariyam-dates-mabroom-khejur-1kg-morium-vip-soft-fresh-arabian-dates-1kg-borobazar-online-shopping-710680
2026-09-11,710681,Premium Quality Sukkari Dates (Sukkari Khejur) 1 Kg – Naturally Sweet & Soft,1 kg,1.0,kg,1047.0,1150.0,8.96,BOON710681,Borobazar Online Shopping,fruits-vegetable,fruits-vegetable,16.0,0.0,https://othoba.com/premium-quality-sukkari-dates-sukkari-khejur-1-kg-naturally-sweet-soft-borobazar-online-shopping-710681
2026-09-11,710682,"Premium Dabbas Dates (Dabbas Khejur) – 500gm | Soft, Sweet & Fresh Quality",500 g,500.0,g,459.0,500.0,8.2,BOON710682,Borobazar Online Shopping,fruits-vegetable,fruits-vegetable,49.0,0.0,https://othoba.com/premium-dabbas-dates-dabbas-khejur-500gm-soft-sweet-fresh-quality-borobazar-online-shopping-710682
2026-09-11,710683,Premium Mariyam Dates / Masruk Khejur 1kg VIP | Soft & Fresh Imported Khejur 1kg,1 kg,1.0,kg,812.0,1500.0,45.87,BOON710683,Borobazar Online Shopping,fruits-vegetable,fruits-vegetable,53.0,0.0,https://othoba.com/premium-mariyam-dates-masruk-khejur-1kg-vip-soft-fresh-imported-khejur-1kg-borobazar-online-shopping-710683
2026-09-11,710684,Premium Mariyam Dates / Mabroom Khejur 500gm morium VIP | Soft & Fresh Arabian Dates 500gm,500 g,500.0,g,765.0,777.0,1.54,BOON710684,Borobazar Online Shopping,fruits-vegetable,fruits-vegetable,31.0,0.0,https://othoba.com/premium-mariyam-dates-mabroom-khejur-500gm-morium-vip-soft-fresh-arabian-dates-500gm-borobazar-online-shopping-710684
2026-09-11,711067,দুবাই প্রিমিয়াম জাহিদি খেজুর 500 Gm,500 g,500.0,g,233.0,250.0,6.8,AMTG711067,Al Maktum Grocery Food,fruits-vegetable,fruits-vegetable,45.0,0.0,https://othoba.com/%E0%A6%A6%E0%A6%AC%E0%A6%87-%E0%A6%AA%E0%A6%B0%E0%A6%AE%E0%A7%9F%E0%A6%AE-%E0%A6%9C%E0%A6%B9%E0%A6%A6-%E0%A6%96%E0%A6%9C%E0%A6%B0-500-gm-al-maktum-grocery-food-711067
2026-09-11,711069,প্রিমিয়াম আজয়া খেজুর Vip 500 gm,500 g,500.0,g,975.0,1000.0,2.5,AMTG711069,Al Maktum Grocery Food,fruits-vegetable,fruits-vegetable,38.0,0.0,https://othoba.com/%E0%A6%AA%E0%A6%B0%E0%A6%AE%E0%A7%9F%E0%A6%AE-%E0%A6%86%E0%A6%9C%E0%A7%9F-%E0%A6%96%E0%A6%9C%E0%A6%B0-vip-500-gm-al-maktum-grocery-food-711069
2026-09-11,711070,প্রিমিয়াম মরিয়ম খেজুর Vip ১ কেজি,,,,1041.0,1052.0,1.05,AMTG711070,Al Maktum Grocery Food,fruits-vegetable,fruits-vegetable,16.0,0.0,https://othoba.com/%E0%A6%AA%E0%A6%B0%E0%A6%AE%E0%A7%9F%E0%A6%AE-%E0%A6%AE%E0%A6%B0%E0%A7%9F%E0%A6%AE-%E0%A6%96%E0%A6%9C%E0%A6%B0-vip-%E0%A7%A7-%E0%A6%95%E0%A6%9C-al-maktum-grocery-food-711070
2026-09-11,711095,Almarai Cheese,,,,312.0,350.0,10.86,BFBJ711095,Baby Food By Jannat,cheese,cheese,56.0,0.0,https://othoba.com/almarai-cheese-baby-food-by-jannat-711095
2026-09-11,711138,"Jannat Homemade Ghee 200g Natural, Easy-to-Spoon, Pouch-Filled",200 g,200.0,g,324.0,450.0,28.0,BFBJ711138,Baby Food By Jannat,ghee-butter,ghee-butter,30.0,0.0,https://othoba.com/jannat-homemade-ghee-200g-natural-easy-to-spoon-pouch-filled-baby-food-by-jannat-711138
2026-09-11,711140,Kaju Butter I 10 Month to Any Age I 200 g,200 g,200.0,g,345.0,500.0,31.0,BFBJ711140,Baby Food By Jannat,ghee-butter,ghee-butter,37.0,0.0,https://othoba.com/kaju-butter-i-10-month-to-any-age-i-200-g-baby-food-by-jannat-711140
2026-09-11,711171,Peanut Butter I 10 Month to Any Age I 200 g,200 g,200.0,g,227.0,360.0,36.94,BFBJ711171,Baby Food By Jannat,ghee-butter,ghee-butter,22.0,0.0,https://othoba.com/peanut-butter-i-10-month-to-any-age-i-200-g-baby-food-by-jannat-711171
2026-09-11,711172,Peanut Butter I 10 Month to Any Age I 400 g,400 g,400.0,g,444.0,600.0,26.0,BFBJ711172,Baby Food By Jannat,ghee-butter,ghee-butter,32.0,0.0,https://othoba.com/peanut-butter-i-10-month-to-any-age-i-400-g-baby-food-by-jannat-711172
2026-09-11,711179,Premium Homemade Ghee 400g - Traditional Clarified Butter for Cooking & Health,400 g,400.0,g,686.0,780.0,12.05,BFBJ711179,Baby Food By Jannat,ghee-butter,ghee-butter,8.0,0.0,https://othoba.com/premium-homemade-ghee-400g-traditional-clarified-butter-for-cooking-health-baby-food-by-jannat-711179
2026-09-11,711197,Super Butter I 10 Month to Any Age I 200 g,200 g,200.0,g,334.0,440.0,24.09,BFBJ711197,Baby Food By Jannat,ghee-butter,ghee-butter,17.0,0.0,https://othoba.com/super-butter-i-10-month-to-any-age-i-200-g-baby-food-by-jannat-711197
2026-09-11,71216,PRAN Basmati Rice 1 Kg,1 kg,1.0,kg,420.0,,,DSP01232,Daily Shopping,daily-cooking,daily-cooking,,5.0,https://othoba.com/pran-basmati-rice-1-kg-3500000169
2026-09-11,71528,Daily Shopping Mushur Dal (মসুর ডাল) 1kg Packet,1 kg,1.0,kg,105.0,,,DSP01233,Daily Shopping,daily-cooking,daily-cooking,,5.0,https://othoba.com/daily-shopping-mushur-dal-1kg-packet
2026-09-11,718834,Sunflower oil 1L,1 l,1.0,l,416.0,420.0,0.95,OMLN718834,Omolin Wellness,daily-cooking,daily-cooking,54.0,0.0,https://othoba.com/sunflower-oil-1l-omolin-wellness-718834
2026-09-11,718838,Kashmirilal Chilli Powder-100,,,,207.0,280.0,26.07,OMLN718838,Omolin Wellness,spice-herb,spice-herb,11.0,0.0,https://othoba.com/kashmirilal-chilli-powder-100-omolin-wellness-718838
2026-09-11,718840,Refined Sunflower Oil-1L,1 l,1.0,l,485.0,490.0,1.02,OMLN718840,Omolin Wellness,daily-cooking,daily-cooking,24.0,0.0,https://othoba.com/refined-sunflower-oil-1l-omolin-wellness-718840
2026-09-11,718842,Shahi Biryani Masala-50g,50 g,50.0,g,188.0,250.0,24.8,OMLN718842,Omolin Wellness,spice-herb,spice-herb,43.0,0.0,https://othoba.com/shahi-biryani-masala-50g-omolin-wellness-718842
2026-09-11,718850,BONLIFE SUNFLOWER OIL 5LTR,5 l,5.0,l,1723.0,1740.0,0.98,OMLN718850,Omolin Wellness,daily-cooking,daily-cooking,54.0,0.0,https://othoba.com/bonlife-sunflower-oil-5ltr-omolin-wellness-718850
2026-09-11,718855,Chaat Masala-50g,50 g,50.0,g,108.0,180.0,40.0,OMLN718855,Omolin Wellness,spice-herb,spice-herb,30.0,0.0,https://othoba.com/chaat-masala-50g-omolin-wellness-718855
2026-09-11,718856,Sunflower Oil - 100% Natural & Refined,,,,1604.0,2110.0,23.98,OMLN718856,Omolin Wellness,daily-cooking,daily-cooking,20.0,0.0,https://othoba.com/sunflower-oil-100-natural-refined-omolin-wellness-718856
2026-09-11,718861,Everest Royal Garam Masala-50g,50 g,50.0,g,140.0,180.0,22.22,OMLN718861,Omolin Wellness,spice-herb,spice-herb,36.0,0.0,https://othoba.com/everest-royal-garam-masala-50g-omolin-wellness-718861
2026-09-11,718862,Everest Sabji Masala,,,,140.0,180.0,22.22,OMLN718862,Omolin Wellness,spice-herb,spice-herb,43.0,0.0,https://othoba.com/everest-sabji-masala-omolin-wellness-718862
2026-09-11,718863,Garam Masala-50g,50 g,50.0,g,148.0,190.0,22.11,OMLN718863,Omolin Wellness,spice-herb,spice-herb,20.0,0.0,https://othoba.com/garam-masala-50g-omolin-wellness-718863
2026-09-11,718866,Bonzaro Sunflower Oil (½ Liter),,,,179.0,230.0,22.17,OMLN718866,Omolin Wellness,daily-cooking,daily-cooking,42.0,0.0,https://othoba.com/bonzaro-sunflower-oil-liter-omolin-wellness-718866
2026-09-11,722674,Sakura Bath Salt,,,,594.0,856.0,30.61,RZBU722674,RZ Beauty,daily-cooking,daily-cooking,41.0,0.0,https://othoba.com/sakura-bath-salt-2
2026-09-11,723211,Nawar Trans Fat Free Butter - 500Gm,500 g,500.0,g,644.0,929.0,30.68,RZBU723211,RZ Beauty,butter-3,butter-3,14.0,0.0,https://othoba.com/nawar-trans-fat-free-butter-500gm-2
2026-09-11,723818,Sakura Bath Salt,,,,594.0,856.0,30.61,BTGM723818,Beauty of Glamour,daily-cooking,daily-cooking,21.0,0.0,https://othoba.com/sakura-bath-salt-4
2026-09-11,72420,Amul Kool Kesar Flavored Milk 180 ml,180 ml,180.0,ml,95.0,,,DSP01244,Daily Shopping,milk-3,milk-3,,0.0,https://othoba.com/amul-kool-kesar-flavored-milk-180ml
2026-09-11,72430,Hajmola Imli,,,,120.0,,,DSP01250,Daily Shopping,local-snacks,local-snacks,,5.0,https://othoba.com/hajmola-imli
2026-09-11,724305,Nawar Trans Fat Free Butter - 500Gm,500 g,500.0,g,644.0,929.0,30.68,BTGM724305,Beauty of Glamour,butter-3,butter-3,36.0,0.0,https://othoba.com/nawar-trans-fat-free-butter-500gm-4
2026-09-11,72432,Hajmola Regular,,,,120.0,,,DSP01251,Daily Shopping,local-snacks,local-snacks,,5.0,https://othoba.com/hajmola-regular
2026-09-11,72434,Romania Lexus Vegetable Crackers 240gm,240 g,240.0,g,100.0,,,DSP01252,Daily Shopping,biscuit-cookies,biscuit-cookies,,0.0,https://othoba.com/romania-lexus-vegetable-crackers-240gm
2026-09-11,72435,Danish Special Combo Pack,,,,110.0,,,DSP01253,Daily Shopping,biscuit-cookies,biscuit-cookies,,5.0,https://othoba.com/danish-special-combo-pack
2026-09-11,72551,Pran Potatos Chips Sultani Masala 16 gm,16 g,16.0,g,15.0,,,DSP01254,Daily Shopping,chips,chips,,5.0,https://othoba.com/pran-potatos-chips-sultani-masala-16-gm
2026-09-11,72553,Pran Potatos Chips Tom N Tino 16 gm,16 g,16.0,g,15.0,,,DSP01255,Daily Shopping,chips,chips,,5.0,https://othoba.com/pran-potatos-chips-tom-n-tino-16-gm
2026-09-11,725800,Almarai Spreadable Cream Cheese 500g(Saudi Arabia),500 g,500.0,g,1169.0,1499.0,22.01,TRBS725800,Trust Basket,cheese,cheese,19.0,0.0,https://othoba.com/almarai-spreadable-cream-cheese-500gsaudi-arabia-trust-basket-725800
2026-09-11,725801,Almarai Burger Cheese Slices 10 slices 200gm,200 g,200.0,g,444.0,600.0,26.0,TRBS725801,Trust Basket,cheese,cheese,11.0,0.0,https://othoba.com/almarai-burger-cheese-slices-10-slices-200gm-trust-basket-725801
2026-09-11,725813,Quaker Healthy Breakfast Rolled Oats 800 gm,800 g,800.0,g,640.0,800.0,20.0,TRBS725813,Trust Basket,cereal,cereal,16.0,5.0,https://othoba.com/quaker-healthy-breakfast-rolled-oats-800-gm-trust-basket-725813
2026-09-11,725823,"Quaker Oats 1Kg, Rolled Oats Natural Wholegrain, Nutritious Breakfast Cereals, Dalia Porridge, Easy To Cook, Honey",1 kg,1.0,kg,603.0,900.0,33.0,TRBS725823,Trust Basket,cereal,cereal,13.0,0.0,https://othoba.com/quaker-oats-1kg-rolled-oats-natural-wholegrain-nutritious-breakfast-cereals-dalia-porridge-easy-to-cook-honey-trust-basket-725823
2026-09-11,725825,Almarais Creamy Taste Spreadable Cream Cheese 200gm,200 g,200.0,g,642.0,880.0,27.05,TRBS725825,Trust Basket,cheese,cheese,8.0,4.5,https://othoba.com/almarais-creamy-taste-spreadable-cream-cheese-200gm-trust-basket-725825
2026-09-11,725831,Organic Apple Cider Vinegar With The Mother 1 ltr,1 l,1.0,l,1740.0,2000.0,13.0,TRBS725831,Trust Basket,vinegars,vinegars,46.0,0.0,https://othoba.com/organic-apple-cider-vinegar-with-the-mother-1-ltr-trust-basket-725831
2026-09-11,725832,Almarai Processed Cream Cheese 200g,200 g,200.0,g,638.0,850.0,24.94,TRBS725832,Trust Basket,cheese,cheese,23.0,0.0,https://othoba.com/almarai-processed-cream-cheese-200g-trust-basket-725832
2026-09-11,725834,Amul pasteurised butter 200gm,200 g,200.0,g,380.0,500.0,24.0,TRBS725834,Trust Basket,butter-3,butter-3,34.0,0.0,https://othoba.com/amul-pasteurised-butter-200gm-trust-basket-725834
2026-09-11,725840,Buldak Hot Chicken Flavour Sauce Carbonara 200g,200 g,200.0,g,640.0,800.0,20.0,TRBS725840,Trust Basket,sauces,sauces,30.0,0.0,https://othoba.com/buldak-hot-chicken-flavour-sauce-carbonara-200g-trust-basket-725840
2026-09-11,725897,Australian Products Melbourne Sandwich Sliced Cheese (12 slices) - 200gm,200 g,200.0,g,533.0,650.0,18.0,TRBS725897,Trust Basket,cheese,cheese,54.0,0.0,https://othoba.com/australian-products-melbourne-sandwich-sliced-cheese-12-slices-200gm-trust-basket-725897
2026-09-11,725907,Almarai Triangle Cheese (8 Slices),,,,323.0,490.0,34.08,TRBS725907,Trust Basket,cheese,cheese,31.0,0.0,https://othoba.com/almarai-triangle-cheese-8-slices-trust-basket-725907
2026-09-11,725908,Almarai Triangle Cheese (16 Slices),,,,616.0,880.0,30.0,TRBS725908,Trust Basket,cheese,cheese,46.0,0.0,https://othoba.com/almarai-triangle-cheese-16-slices-trust-basket-725908
2026-09-11,725909,La Vache Qui Rit (The Laughing Cow) Original Cheese - 8 Portions (120Gm),120 g,120.0,g,332.0,420.0,20.95,TRBS725909,Trust Basket,cheese,cheese,37.0,0.0,https://othoba.com/la-vache-qui-rit-the-laughing-cow-original-cheese-8-portions-120gm-trust-basket-725909
2026-09-11,725911,Thailand Products Mr. Hung Sweet Chili Sauce 700ml,700 ml,700.0,ml,500.0,650.0,23.08,TRBS725911,Trust Basket,sauces,sauces,32.0,0.0,https://othoba.com/thailand-products-mr-hung-sweet-chili-sauce-700ml-trust-basket-725911
2026-09-11,725913,Thailan Products Maggi Cooking Soy Sauce Thai Seasoning 680ml,680 ml,680.0,ml,277.0,390.0,28.97,TRBS725913,Trust Basket,sauces,sauces,16.0,0.0,https://othoba.com/thailan-products-maggi-cooking-soy-sauce-thai-seasoning-680ml-trust-basket-725913
2026-09-11,725914,Emirates Macaroni Spaghetti 400g,400 g,400.0,g,182.0,250.0,27.2,TRBS725914,Trust Basket,pasta-macaroni,pasta-macaroni,44.0,0.0,https://othoba.com/emirates-macaroni-spaghetti-400g-trust-basket-725914
2026-09-11,725928,Dubai Products Almarai Milk Powder - 2250gm,2250 g,2250.0,g,4067.0,4900.0,17.0,TRBS725928,Trust Basket,powder-milk,powder-milk,18.0,0.0,https://othoba.com/dubai-products-almarai-milk-powder-2250gm-trust-basket-725928
2026-09-11,725929,"Dubai Products Anchor Fortified Full Cream Milk Powder,2.25kg",2.25 kg,2.25,kg,3920.0,4900.0,20.0,TRBS725929,Trust Basket,powder-milk,powder-milk,31.0,0.0,https://othoba.com/dubai-products-anchor-fortified-full-cream-milk-powder225kg-trust-basket-725929
2026-09-11,725930,Al Mudhish Milk Powder Oman- 2500gm,2500 g,2500.0,g,4067.0,4900.0,17.0,TRBS725930,Trust Basket,powder-milk,powder-milk,10.0,0.0,https://othoba.com/al-mudhish-milk-powder-oman-2500gm-trust-basket-725930
2026-09-11,725944,Olitalia Italian Olive Oil 250ml,250 ml,250.0,ml,712.0,950.0,25.05,TRBS725944,Trust Basket,oil,oil,23.0,0.0,https://othoba.com/olitalia-italian-olive-oil-250ml-trust-basket-725944
2026-09-11,725947,USA Products American Garden BBQ Sauce 510gm,510 g,510.0,g,456.0,680.0,32.94,TRBS725947,Trust Basket,sauces,sauces,42.0,0.0,https://othoba.com/usa-products-american-garden-bbq-sauce-510gm-trust-basket-725947
2026-09-11,725951,UAE Products Quaker White Oats -500gm,500 g,500.0,g,601.0,780.0,22.95,TRBS725951,Trust Basket,cereal,cereal,29.0,0.0,https://othoba.com/uae-products-quaker-white-oats-500gm-trust-basket-725951
2026-09-11,725955,"UAE Products Al Shafaa Extra Virgin Olive Oil, 250ml",250 ml,250.0,ml,780.0,1200.0,35.0,TRBS725955,Trust Basket,oil,oil,12.0,0.0,https://othoba.com/uae-products-al-shafaa-extra-virgin-olive-oil-250ml-trust-basket-725955
2026-09-11,725957,UAE Products Emirates Macaroni Pasta Corni-400 Gm,400 g,400.0,g,182.0,250.0,27.2,TRBS725957,Trust Basket,pasta-macaroni,pasta-macaroni,29.0,0.0,https://othoba.com/uae-products-emirates-macaroni-pasta-corni-400-gm-trust-basket-725957
2026-09-11,725958,UAE Products Emirates Macaroni Pasta Penne-400 Gm,400 g,400.0,g,182.0,250.0,27.2,TRBS725958,Trust Basket,pasta-macaroni,pasta-macaroni,45.0,0.0,https://othoba.com/uae-products-emirates-macaroni-pasta-penne-400-gm-trust-basket-725958
2026-09-11,725959,UAE Products Emirates Macaroni Vite Pasta 400 gm,400 g,400.0,g,182.0,250.0,27.2,TRBS725959,Trust Basket,pasta-macaroni,pasta-macaroni,39.0,0.0,https://othoba.com/uae-products-emirates-macaroni-vite-pasta-400-gm-trust-basket-725959
2026-09-11,72599,Dano Instant 1 Kg BIB,1 kg,1.0,kg,650.0,,,DSP01264,Daily Shopping,milk-3,milk-3,,0.0,https://othoba.com/dano-instant-1-kg-bib
2026-09-11,726014,Soya Vegetable Milk - 600G Modern Herbal,600 g,600.0,g,722.0,850.0,15.06,TRBS726014,Trust Basket,milk-3,milk-3,13.0,0.0,https://othoba.com/soya-vegetable-milk-600g-modern-herbal-trust-basket-726014
2026-09-11,72604,Dano Instant 400gm BIB,400 g,400.0,g,275.0,,,DSP01269,Daily Shopping,milk-3,milk-3,,0.0,https://othoba.com/dano-instant-400gm-bib
2026-09-11,72605,Dano Daily Pushti 325gm BIB,325 g,325.0,g,210.0,,,DSP01270,Daily Shopping,milk-3,milk-3,,5.0,https://othoba.com/dano-daily-pushti-325gm-bib
2026-09-11,72607,Dano Captain Chocolate Flavour 500gm Pouch,500 g,500.0,g,250.0,,,DSP01272,Daily Shopping,milk-3,milk-3,,0.0,https://othoba.com/dano-captain-chocolate-flavour-500gm-pouch
2026-09-11,72608,Dano Sterilized Cream 170 gm,170 g,170.0,g,220.0,,,DSP01273,Daily Shopping,butter-3,butter-3,,5.0,https://othoba.com/dano-sterilized-cream-170-gm
2026-09-11,72610,Dano Captain Chocolate Flavour 150gm Pouch,150 g,150.0,g,75.0,,,DSP01275,Daily Shopping,liquid-milk,liquid-milk,,0.0,https://othoba.com/dano-captain-chocolate-flavour-150gm-pouch
2026-09-11,72613,Dano Daily Pushti 200gm BIB,200 g,200.0,g,100.0,,,DSP01278,Daily Shopping,milk-3,milk-3,,0.0,https://othoba.com/dano-daily-pushti-200gm-bib
2026-09-11,72618,Arla UHT Organic 3.5% 1 Litter,,,,248.0,,,DSP01283,Daily Shopping,milk-3,milk-3,,0.0,https://othoba.com/arla-uht-organic-35-1-litter
2026-09-11,72619,Arla UHT Low Fat 1.5% 1 Litter,,,,320.0,,,DSP01284,Daily Shopping,milk-3,milk-3,,0.0,https://othoba.com/arla-uht-low-fat-15-1-litter
2026-09-11,72621,Arla UHT Skimmed 0.3% 1 Litter,,,,320.0,,,DSP01286,Daily Shopping,milk-3,milk-3,,0.0,https://othoba.com/arla-uht-skimmed-03-1-litter
2026-09-11,72622,Arla UHT Whole 3.5% 1 Litter,,,,320.0,,,DSP01287,Daily Shopping,liquid-milk,liquid-milk,,0.0,https://othoba.com/arla-uht-whole-35-1-litter
2026-09-11,73027,Grapes (Angur) Red,,,,450.0,,,DSP01291,Daily Shopping,fruits-vegetable,fruits-vegetable,,5.0,https://othoba.com/grapes-angur-red
2026-09-11,73055,Low Sugar Grade Potato (আলু) 1kg,1 kg,1.0,kg,42.0,,,DSP01292,Daily Shopping,fruits-vegetable,fruits-vegetable,,5.0,https://othoba.com/low-sugar-grade-potato
2026-09-11,73133,Teer Chinigura Rice 1kg,1 kg,1.0,kg,230.0,,,DSP01295,Daily Shopping,daily-cooking,daily-cooking,,5.0,https://othoba.com/teer-chinigura-rice-1kg
2026-09-11,73134,Kazi Farms Chicken Nuggets Kids 250gm,250 g,250.0,g,230.0,,,DSP01296,Daily Shopping,breakfast-products,breakfast-products,,5.0,https://othoba.com/kazi-farms-chicken-nuggets-kids-250-gm
2026-09-11,73145,Fortune Basmati Rice Biriyani 5Kg,5 kg,5.0,kg,2300.0,,,DSP01307,Daily Shopping,daily-cooking,daily-cooking,,0.0,https://othoba.com/fortune-basmati-rice-biriyani-5kg
2026-09-11,73150,Kazi Farms Chicken Burger Petty 200gm,200 g,200.0,g,200.0,,,DSP01312,Daily Shopping,breakfast-products,breakfast-products,,5.0,https://othoba.com/kazi-farms-chicken-burger-patty-200-gm
2026-09-11,73152,Kazi Farms Chicken Meat Ball 250gm,250 g,250.0,g,200.0,,,DSP01314,Daily Shopping,breakfast-products,breakfast-products,,5.0,https://othoba.com/kazi-farms-chicken-meat-ball-250gm
2026-09-11,73154,Kazi Farms Plain Parata Family 1300gm,1300 g,1300.0,g,340.0,,,DSP01316,Daily Shopping,bakery-breakfast,bakery-breakfast,,5.0,https://othoba.com/kazi-farms-plain-parata-family-1300gm
2026-09-11,73156,Kazi Farms Shrimp Spring Roll 250gm,250 g,250.0,g,240.0,,,DSP01318,Daily Shopping,breakfast-products,breakfast-products,,5.0,https://othoba.com/kazi-farms-shrimp-spring-roll-250gm
2026-09-11,73157,Kazi Farms Chicken Lollipop 300gm,300 g,300.0,g,255.0,,,DSP01319,Daily Shopping,breakfast-products,breakfast-products,,5.0,https://othoba.com/kazi-farms-chicken-lollipop-300gm
2026-09-11,73158,Kazi Farms Chicken Samosa 250gm,250 g,250.0,g,210.0,,,DSP01320,Daily Shopping,breakfast-products,breakfast-products,,5.0,https://othoba.com/kazi-farms-chicken-samosa-250gm
2026-09-11,73159,Kazi Farms Chicken Spring Roll 250gm,250 g,250.0,g,230.0,,,DSP01321,Daily Shopping,breakfast-products,breakfast-products,,5.0,https://othoba.com/kazi-farms-chicken-spring-roll-250gm
2026-09-11,73160,Kazi Farms Chicken Meatball Spicy 250gm,250 g,250.0,g,200.0,,,DSP01322,Daily Shopping,breakfast-products,breakfast-products,,5.0,https://othoba.com/kazi-farms-chicken-meatball-spicy-250gm
2026-09-11,73161,Kazi Farms Chicken Nuggets Original250g,250 g,250.0,g,220.0,,,DSP01323,Daily Shopping,breakfast-products,breakfast-products,,5.0,https://othoba.com/kazi-farms-chicken-nuggets-original-250g
2026-09-11,73162,Kazi Farms Chicken Nuggets spicy 250gm,250 g,250.0,g,220.0,,,DSP01324,Daily Shopping,breakfast-products,breakfast-products,,5.0,https://othoba.com/kazi-farms-chicken-nuggets-spicy-250gm
2026-09-11,73163,Kazi Farms Chicken Strips 250gm,250 g,250.0,g,260.0,,,DSP01325,Daily Shopping,breakfast-products,breakfast-products,,5.0,https://othoba.com/kazi-farms-chicken-strips-250gm
2026-09-11,73165,Kazi Farm Kitchen Dried Fish Loitta 125g,125 g,125.0,g,300.0,,,DSP01327,Daily Shopping,breakfast-products,breakfast-products,,5.0,https://othoba.com/kazi-farm-kitchen-dried-fish-loitta-125g
2026-09-11,73166,Kazi Farms Chicken Sausages Plain 340gm,340 g,340.0,g,270.0,,,DSP01328,Daily Shopping,breakfast-products,breakfast-products,,5.0,https://othoba.com/kazi-farms-chicken-sausages-plain-340gm
2026-09-11,73168,Kazi Farm Kitchen Dried Fish Shrimp 125g,125 g,125.0,g,260.0,,,DSP01329,Daily Shopping,breakfast-products,breakfast-products,,5.0,https://othoba.com/kazi-farm-kitchen-dried-fish-shrimp-125g
2026-09-11,73169,Kazi Farms Chicken Sausages Spicy 340gm,340 g,340.0,g,270.0,,,DSP01330,Daily Shopping,breakfast-products,breakfast-products,,5.0,https://othoba.com/kazi-farms-chicken-sausages-spicy-340gm
2026-09-11,73170,Kazi Farm Kitchen Dried Fish Churi 125g,125 g,125.0,g,340.0,,,DSP01331,Daily Shopping,breakfast-products,breakfast-products,,5.0,https://othoba.com/kazi-farm-kitchen-dried-fish-churi-125g
2026-09-11,73172,Kazi Farms Shirmp Samosa 250gm,250 g,250.0,g,200.0,,,DSP01332,Daily Shopping,breakfast-products,breakfast-products,,5.0,https://othoba.com/kazi-farms-shirmp-samosa-250gm
2026-09-11,73197,Aarong UHT Milk 500ml,500 ml,500.0,ml,60.0,,,DSP01336,Daily Shopping,milk-3,milk-3,,0.0,https://othoba.com/aarong-uht-milk-500ml
2026-09-11,73202,Aarong UHT Chocolate Milk 200ml,200 ml,200.0,ml,35.0,,,DSP01337,Daily Shopping,milk-3,milk-3,,0.0,https://othoba.com/aarong-uht-chocolate-milk-200ml
2026-09-11,73203,Aarong UHT Strawberry Milk 200ml,200 ml,200.0,ml,35.0,,,DSP01338,Daily Shopping,milk-3,milk-3,,0.0,https://othoba.com/aarong-uht-strawberry-milk-200ml
2026-09-11,73205,Aarong Ghee 1kg,1 kg,1.0,kg,1735.0,,,DSP01339,Daily Shopping,butter-3,butter-3,,0.0,https://othoba.com/aarong-ghee-900gm
2026-09-11,73207,Aarong Ghee 450gm,450 g,450.0,g,825.0,,,DSP01340,Daily Shopping,butter-3,butter-3,,0.0,https://othoba.com/aarong-ghee-400gm
2026-09-11,73215,Aarong Butter 200gm,200 g,200.0,g,270.0,,,DSP01341,Daily Shopping,butter-3,butter-3,,0.0,https://othoba.com/aarong-butter-200gm
2026-09-11,73217,Aarong Sweet Curd 500ml,500 ml,500.0,ml,150.0,,,DSP01342,Daily Shopping,yogurt,yogurt,,0.0,https://othoba.com/aarong-sweet-curd-500ml
2026-09-11,73218,Aarong Shredded Chezzarella Classic 500gm,500 g,500.0,g,650.0,,,DSP01343,Daily Shopping,cheese,cheese,,0.0,https://othoba.com/aarong-shredded-mozzarella-cheese-500gm
2026-09-11,73219,Aarong Austagram Cheese 200gm,200 g,200.0,g,190.0,,,DSP01344,Daily Shopping,cheese,cheese,,0.0,https://othoba.com/aarong-austagram-cheese-200gm
2026-09-11,73220,Aarong Sour Curd 500ml-,500 ml,500.0,ml,120.0,,,DSP01345,Daily Shopping,yogurt,yogurt,,0.0,https://othoba.com/aarong-sour-curd-500ml
2026-09-11,73221,Aarong Low fat Sour Yogurt 500gm,500 g,500.0,g,110.0,,,DSP01346,Daily Shopping,yogurt,yogurt,,0.0,https://othoba.com/aarong-low-fat-sour-yogurt-500gm
2026-09-11,73222,Aarong Spread Cheese Classic 180gm,180 g,180.0,g,290.0,,,DSP01347,Daily Shopping,cheese,cheese,,0.0,https://othoba.com/aarong-spread-cheese-classic-180gm
2026-09-11,73223,Aarong Sliced Cheese Classic 204gm,204 g,204.0,g,350.0,,,DSP01348,Daily Shopping,cheese,cheese,,0.0,https://othoba.com/aarong-sliced-cheese-classic-200gm
2026-09-11,73224,Aarong Instant Low Fat Milk Powder 400gm,400 g,400.0,g,425.0,,,DSP01349,Daily Shopping,milk-3,milk-3,,0.0,https://othoba.com/aarong-instant-low-fat-milk-powder-400gm
2026-09-11,73225,Aarong Sliced Cheese Pizza 204gm,204 g,204.0,g,370.0,,,DSP01350,Daily Shopping,cheese,cheese,,0.0,https://othoba.com/aarong-sliced-cheese-pizza-200gm
2026-09-11,73226,Aarong Spread Cheese Garlic 180gm,180 g,180.0,g,300.0,,,DSP01351,Daily Shopping,cheese,cheese,,0.0,https://othoba.com/aarong-spread-cheese-garlic-180gm
2026-09-11,73227,Aarong Shredded Chezzarella Cheese 200gm,200 g,200.0,g,270.0,,,DSP01352,Daily Shopping,cheese,cheese,,0.0,https://othoba.com/aarong-shredded-mozzarella-cheese-200gm
2026-09-11,73228,Aarong Spread Cheese Pizza 180gm,180 g,180.0,g,300.0,,,DSP01353,Daily Shopping,cheese,cheese,,0.0,https://othoba.com/aarong-spread-cheese-pizza-180gm
2026-09-11,73295,Igloo 1litre Vanilla,1 l,1.0,l,300.0,,,DSP01354,Daily Shopping,ice-cream,ice-cream,,5.0,https://othoba.com/igloo-vanilla-ice-cream-1-litre
2026-09-11,73297,Igloo 1litre Strawberry,1 l,1.0,l,300.0,,,DSP01355,Daily Shopping,ice-cream,ice-cream,,5.0,https://othoba.com/igloo-strawberry-ice-cream-1-litre
2026-09-11,73298,Igloo 1litre Chocolate,1 l,1.0,l,300.0,,,DSP01356,Daily Shopping,ice-cream,ice-cream,,5.0,https://othoba.com/igloo-chocolate-ice-cream-1-litre
2026-09-11,73299,Igloo 1litre Mango,1 l,1.0,l,300.0,,,DSP01357,Daily Shopping,ice-cream,ice-cream,,5.0,https://othoba.com/igloo-mango-ice-cream-1-litre
2026-09-11,73301,Igloo Gold Butter Scotch Ice Cream 1000ml,1000 ml,1000.0,ml,400.0,,,DSP01358,Daily Shopping,ice-cream,ice-cream,,0.0,https://othoba.com/igloo-gold-butter-scotch-ice-cream-1000ml
2026-09-11,73303,Igloo 1 Litre Caramel Combo,1 l,1.0,l,350.0,,,DSP01359,Daily Shopping,ice-cream,ice-cream,,5.0,https://othoba.com/igloo-1-litre-caramel-combo
2026-09-11,73305,Igloo 1 Litre Strawberry Sparkle,1 l,1.0,l,350.0,,,DSP01360,Daily Shopping,ice-cream,ice-cream,,5.0,https://othoba.com/igloo-1-litre-strawberry-sparkle
2026-09-11,73307,Igloo 1 Litre Mango Melody,1 l,1.0,l,350.0,,,DSP01361,Daily Shopping,ice-cream,ice-cream,,5.0,https://othoba.com/igloo-1-litre-mango-melody-2
2026-09-11,73311,Igloo Pistachie Passion Ice Cream 1 Litre,1 l,1.0,l,330.0,,,DSP01362,Daily Shopping,ice-cream,ice-cream,,0.0,https://othoba.com/igloo-pistachie-passion-ice-cream-1-litre
2026-09-11,73344,Igloo 1 Litre Chocolate Cheers,1 l,1.0,l,350.0,,,DSP01363,Daily Shopping,ice-cream,ice-cream,,5.0,https://othoba.com/igloo-1-litre-chocolate-cheers
2026-09-11,73345,Igloo Gold Ambrosia Ice Cream 1000ml,1000 ml,1000.0,ml,400.0,,,DSP01364,Daily Shopping,ice-cream,ice-cream,,0.0,https://othoba.com/igloo-2-litre-vanilla
2026-09-11,73346,Igloo Black Forest 100ml,100 ml,100.0,ml,70.0,,,DSP01365,Daily Shopping,ice-cream,ice-cream,,5.0,https://othoba.com/igloo-black-forest-100ml
2026-09-11,73347,Igloo Blue Berry Yoghurt,,,,795.0,,,DSP01366,Daily Shopping,ice-cream,ice-cream,,5.0,https://othoba.com/igloo-blue-berry-yoghurt
2026-09-11,73348,Igloo Chocolate Chips Cookie Dough,,,,400.0,,,DSP01367,Daily Shopping,ice-cream,ice-cream,,0.0,https://othoba.com/igloo-chocolate-chips-cookie-dough
2026-09-11,73349,Igloo Butter Pecan 1000ml,1000 ml,1000.0,ml,795.0,,,DSP01368,Daily Shopping,ice-cream,ice-cream,,5.0,https://othoba.com/igloo-butter-pecan-1000ml
2026-09-11,73350,Igloo Kheer Malai 1000ml,1000 ml,1000.0,ml,400.0,,,DSP01369,Daily Shopping,ice-cream,ice-cream,,5.0,https://othoba.com/igloo-kheer-malai-1000ml
2026-09-11,73352,Igloo Rosh Malai 1ltr,1 l,1.0,l,450.0,,,DSP01370,Daily Shopping,ice-cream,ice-cream,,5.0,https://othoba.com/igloo-rosh-malai-1ltr
2026-09-11,73354,Igloo 2 Litre Strawberry,2 l,2.0,l,580.0,,,DSP01371,Daily Shopping,ice-cream,ice-cream,,0.0,https://othoba.com/igloo-2-litre-strawberry
2026-09-11,73361,Igloo Doi Ice Cream 1ltr,1 l,1.0,l,450.0,,,DSP01372,Daily Shopping,ice-cream,ice-cream,,5.0,https://othoba.com/igloo-doi-ice-cream-1-litre
2026-09-11,73363,Igloo Ice Cafe 1000ml,1000 ml,1000.0,ml,350.0,,,DSP01373,Daily Shopping,ice-cream,ice-cream,,5.0,https://othoba.com/igloo-ice-caf%C3%A9-1000ml
2026-09-11,73365,Igloo 2Litre Chocolate,2 l,2.0,l,580.0,,,DSP01374,Daily Shopping,ice-cream,ice-cream,,0.0,https://othoba.com/igloo-2litre-chocolate
2026-09-11,73366,Igloo Strawberry Cheesecake 1ltr,1 l,1.0,l,795.0,,,DSP01375,Daily Shopping,ice-cream,ice-cream,,5.0,https://othoba.com/igloo-strawberry-chesse-cake-ice-cream-1-litre
2026-09-11,73367,Igloo 2 Litre Mango,2 l,2.0,l,580.0,,,DSP01376,Daily Shopping,ice-cream,ice-cream,,0.0,https://othoba.com/igloo-2-litre-mango
2026-09-11,73368,Igloo 1 Litre Ripple Cake,1 l,1.0,l,500.0,,,DSP01377,Daily Shopping,ice-cream,ice-cream,,5.0,https://othoba.com/igloo-1-litre-ripple-cake
2026-09-11,73369,Igloo Nutricks 1000ml,1000 ml,1000.0,ml,350.0,,,DSP01378,Daily Shopping,ice-cream,ice-cream,,5.0,https://othoba.com/igloo-nutricks-1000ml
2026-09-11,73370,Igloo French Vanilla 1ltr,1 l,1.0,l,795.0,,,DSP01379,Daily Shopping,ice-cream,ice-cream,,5.0,https://othoba.com/igloo-french-vanilla-ice-cream-1-litre
2026-09-11,73373,Polar Chocolate Finesta Ice Cream 1Ltr,1 l,1.0,l,650.0,,,DSP01380,Daily Shopping,ice-cream,ice-cream,,0.0,https://othoba.com/igloo-15-litre-ripple-cake
2026-09-11,73375,Igloo Diet Vanilla 1000ml,1000 ml,1000.0,ml,275.0,,,DSP01381,Daily Shopping,ice-cream,ice-cream,,5.0,https://othoba.com/igloo-diet-vanilla-1000ml
2026-09-11,73378,Igloo 1 Litre Nawabi Mithai,1 l,1.0,l,400.0,,,DSP01382,Daily Shopping,ice-cream,ice-cream,,5.0,https://othoba.com/igloo-1-litre-nawabi-mithai
2026-09-11,73381,Igloo 1litre Lassi,1 l,1.0,l,260.0,,,DSP01383,Daily Shopping,ice-cream,ice-cream,,0.0,https://othoba.com/igloo-1litre-lassi
2026-09-11,73392,Igloo Red Velvet 1ltr,1 l,1.0,l,795.0,,,DSP01384,Daily Shopping,ice-cream,ice-cream,,5.0,https://othoba.com/igloo-red-velvet-ice-cream-1-litre
2026-09-11,73394,Mothers Smile Milk Prima 1 400gm,400 g,400.0,g,850.0,,,DSP01385,Daily Shopping,milk-3,milk-3,,0.0,https://othoba.com/mothers-smile-milk-prima-1-400gm
2026-09-11,73395,Mothers Smile Milk Prima 2 400gm,400 g,400.0,g,870.0,,,DSP01386,Daily Shopping,milk-3,milk-3,,0.0,https://othoba.com/mothers-smile-milk-prima-2-400gm
2026-09-11,73399,Mothers Smile Milk Lactofix 250gm,250 g,250.0,g,1000.0,,,DSP01388,Daily Shopping,milk-3,milk-3,,0.0,https://othoba.com/mothers-smile-milk-lactofix-250gm
2026-09-11,73400,Igloo French Vanilla Cup 100ml,100 ml,100.0,ml,100.0,,,DSP01389,Daily Shopping,ice-cream,ice-cream,,0.0,https://othoba.com/igloo-french-vanilla-cup-ice-cream-120-ml
2026-09-11,73403,Igloo Strawberry Cheese Cake Cup Ice Cream 120 ml,120 ml,120.0,ml,50.0,,,DSP01390,Daily Shopping,ice-cream,ice-cream,,0.0,https://othoba.com/igloo-strawberry-cheese-cake-cup-ice-cream-120-ml
2026-09-11,73407,Mothers Smile Milk Grow Up 2+ 400gm,400 g,400.0,g,530.0,,,DSP01391,Daily Shopping,milk-3,milk-3,,0.0,https://othoba.com/mothers-smile-milk-grow-up-2-400gm
2026-09-11,73409,Igloo White Chocolate Pistachio 1000ml,1000 ml,1000.0,ml,795.0,,,DSP01392,Daily Shopping,ice-cream,ice-cream,,5.0,https://othoba.com/igloo-white-chocolate-pistachio-ice-cream-1000-ml
2026-09-11,73416,Mothers Smile Milk Profom 400gm,400 g,400.0,g,630.0,,,DSP01394,Daily Shopping,milk-3,milk-3,,0.0,https://othoba.com/mothers-smile-milk-profom-400gm
2026-09-11,73426,Marks Active School 2in1 Chocolate Milk 400gm,400 g,400.0,g,425.0,,,DSP01396,Daily Shopping,milk-3,milk-3,,0.0,https://othoba.com/marks-active-school-2in1-chocolate-milk-400gm
2026-09-11,73430,Mothers Smile Cereal Rice Milk 400gm,400 g,400.0,g,620.0,,,DSP01397,Daily Shopping,bakery-breakfast,bakery-breakfast,,0.0,https://othoba.com/mothers-smile-cereal-rice-milk-400gm
2026-09-11,73431,Marks Young  Star 400gm,400 g,400.0,g,425.0,,,DSP01398,Daily Shopping,milk-3,milk-3,,0.0,https://othoba.com/marks-young-star-400gm
2026-09-11,73436,Mothers Smile Cereal 4 Fruits 400gm,400 g,400.0,g,730.0,,,DSP01399,Daily Shopping,bakery-breakfast,bakery-breakfast,,0.0,https://othoba.com/mothers-smile-cereal-4-fruits-400gm
2026-09-11,73443,Mothers Smile Cereal Honey Milk 400gm,400 g,400.0,g,630.0,,,DSP01401,Daily Shopping,bakery-breakfast,bakery-breakfast,,0.0,https://othoba.com/mothers-smile-cereal-honey-milk-400gm
2026-09-11,73761,Bambino Macaroni Disc 170gm,170 g,170.0,g,50.0,,,DSP01418,Daily Shopping,macaroni,macaroni,,0.0,https://othoba.com/bambino-macaroni-disc-170gm
2026-09-11,73777,Tayas Orient Assorted Luxury Square Box 200gm,200 g,200.0,g,335.0,,,DSP01429,Daily Shopping,macaroni,macaroni,,0.0,https://othoba.com/bambino-macaroni-elbow-170gm
2026-09-11,73779,Bambino Macaroni Shell 170gm,170 g,170.0,g,50.0,,,DSP01431,Daily Shopping,macaroni,macaroni,,0.0,https://othoba.com/bambino-macaroni-shell-170gm
2026-09-11,73782,Bambino Macaroni Trottolino 170gm,170 g,170.0,g,50.0,,,DSP01433,Daily Shopping,macaroni,macaroni,,0.0,https://othoba.com/bambino-macaroni-trottolino-170gm
2026-09-11,73784,Azad Mughol Shahi Pan Masala 250gm,250 g,250.0,g,140.0,,,DSP01435,Daily Shopping,macaroni,macaroni,,0.0,https://othoba.com/bambino-premium-pasta-spirali-225gm
2026-09-11,73789,Tayas Orient Hazelnut Luxury Square Box 200gm,200 g,200.0,g,335.0,,,DSP01438,Daily Shopping,macaroni,macaroni,,0.0,https://othoba.com/bambino-premium-pasta-penne-225gm
2026-09-11,73792,Bambino Spaghetti 250gm,250 g,250.0,g,120.0,,,DSP01441,Daily Shopping,macaroni,macaroni,,0.0,https://othoba.com/bambino-spaghetti-250gm
2026-09-11,73793,Bambino Roasted Vermicelli Regular 170gm,170 g,170.0,g,55.0,,,DSP01442,Daily Shopping,vermicellies,vermicellies,,0.0,https://othoba.com/bambino-roasted-vermicelli-regular-170gm
2026-09-11,73800,Tayas Orient Assorted Luxury Love Box 200gm,200 g,200.0,g,335.0,,,DSP01449,Daily Shopping,soup-2,soup-2,,0.0,https://othoba.com/bambino-mushroom-soup-25gm
2026-09-11,73806,Bambino Tomato Soup 28gm,28 g,28.0,g,35.0,,,DSP01454,Daily Shopping,soup-2,soup-2,,0.0,https://othoba.com/bambino-tomato-soup-28gm
2026-09-11,73808,Azad Palki Shahi Pan Masala 150gm,150 g,150.0,g,90.0,,,DSP01455,Daily Shopping,soup-2,soup-2,,0.0,https://othoba.com/bambino-sweet-corn-vegetable-soup-28gm
2026-09-11,73810,Shareat Get Set Treat Pani Puri Kit 180gm,180 g,180.0,g,120.0,,,DSP01457,Daily Shopping,soup-2,soup-2,,0.0,https://othoba.com/bambino-hot-sour-soup-28gm
2026-09-11,73825,Bambino Mixed Vegetable Soup 28gm,28 g,28.0,g,35.0,,,DSP01471,Daily Shopping,ready-mix,ready-mix,,0.0,https://othoba.com/bambino-mixed-vegetable-soup-28gm
2026-09-11,73837,Dabur Honey 100 gm,100 g,100.0,g,130.0,,,DSP01483,Daily Shopping,bakery-breakfast,bakery-breakfast,,5.0,https://othoba.com/dabur-honey-100-gm
2026-09-11,73839,Dabur Honey 250 gm,250 g,250.0,g,250.0,,,DSP01485,Daily Shopping,bakery-breakfast,bakery-breakfast,,5.0,https://othoba.com/dabur-honey-250-gm
2026-09-11,73841,Dabur Honey 500 gm,500 g,500.0,g,465.0,,,DSP01487,Daily Shopping,bakery-breakfast,bakery-breakfast,,5.0,https://othoba.com/dabur-honey-500-gm
2026-09-11,73842,Dabur Chyawanprash 500 gm,500 g,500.0,g,600.0,,,DSP01488,Daily Shopping,bakery-breakfast,bakery-breakfast,,0.0,https://othoba.com/dabur-chyawanprash-500-gm
2026-09-11,73845,Saffola Honey 250ml,250 ml,250.0,ml,250.0,,,DSP01491,Daily Shopping,bakery-breakfast,bakery-breakfast,,5.0,https://othoba.com/dabur-honey-squeezy-400-gm
2026-09-11,73885,Fresh No1 Condensed Milk,,,,105.0,,,DSP01510,Daily Shopping,milk-3,milk-3,,5.0,https://othoba.com/fresh-no1-condensed-milk
2026-09-11,73979,Saffola Natural Oats 400gm,400 g,400.0,g,265.0,,,DSP01541,Daily Shopping,bakery-breakfast,bakery-breakfast,,0.0,https://othoba.com/saffola-natural-oats-400gm
2026-09-11,74001,Anchor FCMP BIB 350gm,350 g,350.0,g,210.0,,,DSP01559,Daily Shopping,milk-3,milk-3,,0.0,https://othoba.com/anchor-fcmp-bib-350gm
2026-09-11,74003,Red Cow I-FCMP BIB 1kg,1 kg,1.0,kg,605.0,,,DSP01561,Daily Shopping,milk-3,milk-3,,0.0,https://othoba.com/red-cow-i-fcmp-bib-1kg
2026-09-11,74007,Shape Up Non Fat Milk Powder 400gm,400 g,400.0,g,490.0,,,DSP01565,Daily Shopping,milk-3,milk-3,,5.0,https://othoba.com/shape-up-non-fat-milk-powder-400gm
2026-09-11,74009,Red Cow I-FCMP BIB 400gm,400 g,400.0,g,250.0,,,DSP01566,Daily Shopping,milk-3,milk-3,,0.0,https://othoba.com/red-cow-i-fcmp-bib-400gm
2026-09-11,74012,Diploma I-FCMP BIB 400gm,400 g,400.0,g,260.0,,,DSP01567,Daily Shopping,milk-3,milk-3,,0.0,https://othoba.com/diploma-i-fcmp-bib-400gm
2026-09-11,74013,Calci-Pro Hi-Calcium Non Fat Powder Milk 400gm,400 g,400.0,g,490.0,,,DSP01568,Daily Shopping,milk-3,milk-3,,5.0,https://othoba.com/calci-pro-hi-calcium-non-fat-powder-milk-400gm
2026-09-11,74015,Red Cow Butter Oil 900gm,900 g,900.0,g,1750.0,,,DSP01569,Daily Shopping,butter-3,butter-3,,5.0,https://othoba.com/red-cow-butter-oil-900gm
2026-09-11,74017,Red Cow Butter Oil 400gm,400 g,400.0,g,810.0,,,DSP01570,Daily Shopping,butter-3,butter-3,,5.0,https://othoba.com/red-cow-butter-oil-400gm
2026-09-11,74018,Doodles Masala 248gm,248 g,248.0,g,90.0,,,DSP01571,Daily Shopping,macaroni,macaroni,,0.0,https://othoba.com/doodles-masala-248gm
2026-09-11,74019,Red Cow Butter Oil 200gm,200 g,200.0,g,415.0,,,DSP01572,Daily Shopping,butter-3,butter-3,,5.0,https://othoba.com/red-cow-butter-oil-200gm
2026-09-11,74021,Doodles Chicken 248gm,248 g,248.0,g,85.0,,,DSP01573,Daily Shopping,macaroni,macaroni,,0.0,https://othoba.com/doodles-chicken-248gm
2026-09-11,74022,Anchor FCMP 500gm,500 g,500.0,g,296.0,,,DSP01574,Daily Shopping,milk-3,milk-3,,0.0,https://othoba.com/anchor-fcmp-500gm
2026-09-11,74023,Detos Chicken Wings 30gm,30 g,30.0,g,20.0,,,DSP01575,Daily Shopping,chips,chips,,5.0,https://othoba.com/detos-chiken-wings-30gm
2026-09-11,74024,Diploma IFCMP 200gm,200 g,200.0,g,205.0,,,DSP01576,Daily Shopping,milk-3,milk-3,,5.0,https://othoba.com/diploma-ifcmp-200gm
2026-09-11,74025,Detos Tomatina 30gm,30 g,30.0,g,20.0,,,DSP01577,Daily Shopping,chips,chips,,5.0,https://othoba.com/detos-tomatina-30gm
2026-09-11,74026,Diploma IFCMP 100gm,100 g,100.0,g,70.0,,,DSP01578,Daily Shopping,milk-3,milk-3,,0.0,https://othoba.com/diploma-ifcmp-100gm
2026-09-11,74027,Poppers Corn Coconut 25gm,25 g,25.0,g,20.0,,,DSP01579,Daily Shopping,chips,chips,,5.0,https://othoba.com/poppers-corn-coconut-25gm
2026-09-11,74033,Doodles Instant Noodles Masala 496gm,496 g,496.0,g,170.0,,,DSP01580,Daily Shopping,noodles,noodles,,0.0,https://othoba.com/doodles-instant-noodles-masala-496gm
2026-09-11,74034,Doodles Instnt Noodles Chicken Cury 496gm,496 g,496.0,g,170.0,,,DSP01581,Daily Shopping,noodles,noodles,,0.0,https://othoba.com/doodles-instnt-noodles-chicken-cury-496gm
2026-09-11,74036,Doodles Stick Noodles 300gm,300 g,300.0,g,45.0,,,DSP01582,Daily Shopping,noodles,noodles,,0.0,https://othoba.com/doodles-stick-noodles-300gm
2026-09-11,74037,Doodles Sticknoodles Chicken Masala 300gm,300 g,300.0,g,50.0,,,DSP01583,Daily Shopping,noodles,noodles,,0.0,https://othoba.com/doodles-sticknoodles-chicken-masala-300gm
2026-09-11,74070,Danish Turmeric Powder 200gm,200 g,200.0,g,90.0,,,DSP01587,Daily Shopping,spice-herb,spice-herb,,0.0,https://othoba.com/danish-turmeric-powder-200gm
2026-09-11,74074,Danish Coriander Powder 200gm,200 g,200.0,g,65.0,,,DSP01589,Daily Shopping,spice-herb,spice-herb,,0.0,https://othoba.com/danish-coriander-powder-200gm
2026-09-11,74076,Danish Chili Powder Jar 200gm,200 g,200.0,g,135.0,,,DSP01590,Daily Shopping,spice-herb,spice-herb,,0.0,https://othoba.com/danish-chili-powder-jar-200gm
2026-09-11,74079,Mehran Tandoori Masala 25gm,25 g,25.0,g,115.0,,,DSP01592,Daily Shopping,spice-herb,spice-herb,,0.0,https://othoba.com/danish-turmeric-powder-jar-200gm
2026-09-11,74080,Danish Nutri Rich Malai Cookies 320gm,320 g,320.0,g,60.0,,,DSP01593,Daily Shopping,biscuit-cookies,biscuit-cookies,,0.0,https://othoba.com/danish-nutri-rich-malai-cookies-320gm
2026-09-11,74081,Danish Cumin Powder Jar 200gm,200 g,200.0,g,175.0,,,DSP01594,Daily Shopping,spice-herb,spice-herb,,0.0,https://othoba.com/danish-cumin-powder-jar-200gm
2026-09-11,74084,Danish Top Nut Peanut Biscuits 240gm,240 g,240.0,g,60.0,,,DSP01596,Daily Shopping,biscuit-cookies,biscuit-cookies,,0.0,https://othoba.com/danish-top-nut-peanut-biscuits-240gm
2026-09-11,74085,Danish Nutri Rich 70gm,70 g,70.0,g,25.0,,,DSP01597,Daily Shopping,biscuit-cookies,biscuit-cookies,,0.0,https://othoba.com/danish-nutri-rich-70gm
2026-09-11,74086,2Fun Instant Noodles Masala 4pcs 248gm,248 g,248.0,g,132.0,,,DSP01598,Daily Shopping,noodles,noodles,,0.0,https://othoba.com/2fun-instant-noodles-masala-4pcs-248gm
2026-09-11,74087,Danish FC Milk Powder 500 gm,500 g,500.0,g,425.0,,,DSP01599,Daily Shopping,milk-3,milk-3,,4.0,https://othoba.com/danish-fc-milk-powder-500-gm
2026-09-11,74088,2Fun Instant Noodles Chicken 4pcs 248gm,248 g,248.0,g,132.0,,,DSP01600,Daily Shopping,noodles,noodles,,0.0,https://othoba.com/2fun-instant-noodles-chicken-4pcs-248gm
2026-09-11,74089,Danish Lachcha Semai 200gm,200 g,200.0,g,35.0,,,DSP01601,Daily Shopping,vermicellies,vermicellies,,0.0,https://othoba.com/danish-lachcha-semai-200gm
2026-09-11,74090,Danish FC Milk Powder 1kg,1 kg,1.0,kg,840.0,,,DSP01602,Daily Shopping,milk-3,milk-3,,5.0,https://othoba.com/danish-fc-milk-powder-1-kg
2026-09-11,74091,Danish Florida Orange Biscuit 70gm,70 g,70.0,g,15.0,,,DSP01603,Daily Shopping,biscuit-cookies,biscuit-cookies,,5.0,https://othoba.com/danish-florida-orange-biscuit-70gm
2026-09-11,74093,Danish Premium Ghee 200 gm,200 g,200.0,g,275.0,,,DSP01604,Daily Shopping,butter-3,butter-3,,0.0,https://othoba.com/danish-premium-ghee-200-gm
2026-09-11,74094,Danish Premium Ghee 400 gm,400 g,400.0,g,525.0,,,DSP01605,Daily Shopping,butter-3,butter-3,,0.0,https://othoba.com/danish-premium-ghee-400-gm
2026-09-11,74096,Danish Kheer Cookies 320 gm,320 g,320.0,g,60.0,,,DSP01606,Daily Shopping,biscuit-cookies,biscuit-cookies,,0.0,https://othoba.com/danish-kheer-cookies-320-gm
2026-09-11,74097,Danish Doreo Biscuit 300 gm,300 g,300.0,g,120.0,,,DSP01607,Daily Shopping,biscuit-cookies,biscuit-cookies,,0.0,https://othoba.com/danish-doreo-biscuit-300-gm
2026-09-11,74098,Nutri Rich Diabetic Biscuits 210gm,210 g,210.0,g,80.0,,,DSP01608,Daily Shopping,biscuit-cookies,biscuit-cookies,,0.0,https://othoba.com/nutri-rich-diabetic-biscuits-210gm
2026-09-11,74100,Denish Lemon Toast Biscuit 350gm,350 g,350.0,g,60.0,,,DSP01609,Daily Shopping,biscuit-cookies,biscuit-cookies,,0.0,https://othoba.com/denish-lemon-toast-biscuit-350gm
2026-09-11,74101,Danish LEXUS Biscuits 65gm,65 g,65.0,g,20.0,,,DSP01610,Daily Shopping,biscuit-cookies,biscuit-cookies,,5.0,https://othoba.com/danish-lexus-biscuits-65gm
2026-09-11,74102,Danish Milk Marie Biscuit 285gm,285 g,285.0,g,70.0,,,DSP01611,Daily Shopping,biscuit-cookies,biscuit-cookies,,0.0,https://othoba.com/danish-milk-marie-biscuit-285gm
2026-09-11,74104,Danish Toast 350gm,350 g,350.0,g,60.0,,,DSP01612,Daily Shopping,biscuit-cookies,biscuit-cookies,,0.0,https://othoba.com/danish-toast-350gm
2026-09-11,74105,Danish Sweet Toast Buscuits 350gm,350 g,350.0,g,65.0,,,DSP01613,Daily Shopping,biscuit-cookies,biscuit-cookies,,0.0,https://othoba.com/danish-sweet-toast-buscuits-350gm
2026-09-11,75154,Kokola Butter Cookies 227gm,227 g,227.0,g,515.0,,,DSP01640,Daily Shopping,local-snacks,local-snacks,,0.0,https://othoba.com/act-ii-ipc-classic-salted-35gm
2026-09-11,75159,Prosperity Noodles Tomato 454gm,454 g,454.0,g,390.0,,,DSP01643,Daily Shopping,local-snacks,local-snacks,,0.0,https://othoba.com/act-ii-ipc-golden-sizzle-35gm
2026-09-11,75161,Prosperity Noodles Pumpkin 454gm,454 g,454.0,g,390.0,,,DSP01645,Daily Shopping,local-snacks,local-snacks,,0.0,https://othoba.com/act-ii-ipc-chilli-surprise-35-gm
2026-09-11,75164,Kelloggs Varity Pack 115gm,115 g,115.0,g,100.0,,,DSP01647,Daily Shopping,local-snacks,local-snacks,,0.0,https://othoba.com/act-ii-ipc-mwpc-butter-33-gm
2026-09-11,75167,ACT II IPC MWPC Butter Lovers 33 gm,33 g,33.0,g,45.0,,,DSP01650,Daily Shopping,local-snacks,local-snacks,,0.0,https://othoba.com/act-ii-ipc-mwpc-butter-lovers-33-gm
2026-09-11,75169,Sunfeast Dark Fantasy Choco Fills 75g (B3G1),75 g,75.0,g,324.0,,,DSP01652,Daily Shopping,local-snacks,local-snacks,,0.0,https://othoba.com/act-ii-ipc-mwpc-natural-33-gm
2026-09-11,75170,Snickers Power Pack (50g x 5),50 g,50.0,g,282.0,,,DSP01653,Daily Shopping,chocolate-candy,chocolate-candy,,0.0,https://othoba.com/snickers-power-pack-50g-x-5
2026-09-11,75174,Snickers Miniatures 150gm,150 g,150.0,g,280.0,,,DSP01657,Daily Shopping,chocolate-candy,chocolate-candy,,0.0,https://othoba.com/snickers-miniatures-150gm
2026-09-11,75175,Mars Miniatures 150gm,150 g,150.0,g,295.0,,,DSP01658,Daily Shopping,chocolate-candy,chocolate-candy,,0.0,https://othoba.com/mars-miniatures-150gm
2026-09-11,75182,Doritos Nacho Cheese Flavor 39gm,39 g,39.0,g,30.0,,,DSP01665,Daily Shopping,local-snacks,local-snacks,,0.0,https://othoba.com/doritos-nacho-cheese-flavor-39gm
2026-09-11,75188,Doritos Nacho Cheese Flavor 75gm,75 g,75.0,g,100.0,,,DSP01669,Daily Shopping,local-snacks,local-snacks,,0.0,https://othoba.com/doritos-nacho-cheese-flavor-75gm
2026-09-11,75190,Act II IPC Butter Delite 63gm,63 g,63.0,g,45.0,,,DSP01670,Daily Shopping,local-snacks,local-snacks,,0.0,https://othoba.com/act-ii-ipc-butter-delite-63gm
2026-09-11,75192,Act II IPC Butter Pepper 63gm,63 g,63.0,g,460.0,,,DSP01671,Daily Shopping,local-snacks,local-snacks,,0.0,https://othoba.com/act-ii-ipc-butter-pepper-63gm
2026-09-11,75202,Buffalo Meat Standard Boneless (Imported) Frozen 1kg,1 kg,1.0,kg,530.0,,,DSP01672,Daily Shopping,meat-fish,meat-fish,,5.0,https://othoba.com/buffalo-meat-1kg-boneless
2026-09-11,75265,PRAN Badam Bhaja 30 gm,30 g,30.0,g,10.0,,,DSP01686,Daily Shopping,local-snacks,local-snacks,,5.0,https://othoba.com/pran-badam-bhaja-30-gm
2026-09-11,75267,PRAN Dal Bhaja 30gm,30 g,30.0,g,10.0,,,DSP01687,Daily Shopping,local-snacks,local-snacks,,5.0,https://othoba.com/pran-dal-bhaja-30gm
2026-09-11,75270,PRAN Krako Curl 20gm,20 g,20.0,g,10.0,,,DSP01688,Daily Shopping,local-snacks,local-snacks,,0.0,https://othoba.com/pran-krako-curl-20gm
2026-09-11,75300,Olympic Crack Jack Classic 70gm,70 g,70.0,g,14.0,,,DSP01697,Daily Shopping,biscuit-cookies,biscuit-cookies,,0.0,https://othoba.com/olympic-crack-jack-classic-70gm
2026-09-11,75304,Donna Sofia Pasta Snails 500gm,500 g,500.0,g,135.0,,,DSP01699,Daily Shopping,biscuit-cookies,biscuit-cookies,,0.0,https://othoba.com/olympic-digestive-125gm
2026-09-11,75306,Olympic Chocolate Plus 70gm,70 g,70.0,g,10.0,,,DSP01701,Daily Shopping,biscuit-cookies,biscuit-cookies,,0.0,https://othoba.com/olympic-chocolate-plus-70gm
2026-09-11,75310,Olympic Dry Cake 350gm,350 g,350.0,g,120.0,,,DSP01703,Daily Shopping,biscuit-cookies,biscuit-cookies,,0.0,https://othoba.com/olympic-dry-cake-350gm
2026-09-11,75313,Donna Sofia Pasta Fusilli 500gm,500 g,500.0,g,135.0,,,DSP01704,Daily Shopping,biscuit-cookies,biscuit-cookies,,0.0,https://othoba.com/olympic-dry-cake-small-160gm
2026-09-11,75317,Olympic First Choice Salted Biscuit 240gm,240 g,240.0,g,40.0,,,DSP01705,Daily Shopping,biscuit-cookies,biscuit-cookies,,0.0,https://othoba.com/olympic-first-choice-salted-biscuit-240gm
2026-09-11,75323,Donna Sofia Pasta Elbow 500gm,500 g,500.0,g,135.0,,,DSP01707,Daily Shopping,biscuit-cookies,biscuit-cookies,,0.0,https://othoba.com/olympic-hilux-240gm
2026-09-11,75325,Arpi Acros Assorted Chocolate love Box 300gm,300 g,300.0,g,480.0,,,DSP01708,Daily Shopping,biscuit-cookies,biscuit-cookies,,0.0,https://othoba.com/olympic-nutty-biscuits-80gm
2026-09-11,75330,Olympic Nutty Biscuits Family175gm,175 g,175.0,g,50.0,,,DSP01711,Daily Shopping,biscuit-cookies,biscuit-cookies,,0.0,https://othoba.com/olympic-nutty-biscuits-family-250gm
2026-09-11,75333,Olympic Butter Bite Cookies Family 250g,250 g,250.0,g,60.0,,,DSP01713,Daily Shopping,biscuit-cookies,biscuit-cookies,,0.0,https://othoba.com/olympic-butter-bite-cookies-family-250g
2026-09-11,75349,Mentos Sour Fruit Mix 29gm,29 g,29.0,g,155.0,,,DSP01721,Daily Shopping,biscuit-cookies,biscuit-cookies,,0.0,https://othoba.com/olympic-twinkle-chocolate-vanila-72gm
2026-09-11,75350,Olympic Black Cream Sandwich Biscuits 85 gm,85 g,85.0,g,30.0,,,DSP01722,Daily Shopping,biscuit-cookies,biscuit-cookies,,0.0,https://othoba.com/olympic-black-cream-sandwich-biscuits-85-gm
2026-09-11,75351,Olympic Twinkle Strawberry Vanila 72gm,72 g,72.0,g,15.0,,,DSP01723,Daily Shopping,biscuit-cookies,biscuit-cookies,,0.0,https://othoba.com/olympic-twinkle-strawberry-vanila-72gm
2026-09-11,75352,Olympic Salted Classic Biscuits 200gm,200 g,200.0,g,60.0,,,DSP01724,Daily Shopping,biscuit-cookies,biscuit-cookies,,0.0,https://othoba.com/olympic-salted-biscuit-205-gm
2026-09-11,75353,Nom Noms Marshmallow Strawberry Flv 22gm,22 g,22.0,g,65.0,,,DSP01725,Daily Shopping,biscuit-cookies,biscuit-cookies,,0.0,https://othoba.com/olympic-twinkle-orange-vanila-72gm
2026-09-11,75354,Nom Noms Marshmallow Original Flv 22gm,22 g,22.0,g,65.0,,,DSP01726,Daily Shopping,biscuit-cookies,biscuit-cookies,,0.0,https://othoba.com/olympic-butter-bite-biscuits-73gm
2026-09-11,75355,Memory Tila  Topi (Jar)200gm,200 g,200.0,g,110.0,,,DSP01727,Daily Shopping,biscuit-cookies,biscuit-cookies,,0.0,https://othoba.com/olympic-daily-cookies-250-gm
2026-09-11,75356,Olympic Lite Bite Sugar Free Biscuits 85g,85 g,85.0,g,20.0,,,DSP01728,Daily Shopping,biscuit-cookies,biscuit-cookies,,0.0,https://othoba.com/olympic-lite-bite-sugar-free-biscuits-85g
2026-09-11,75357,Lechao Marshmallow Color Ring 15gm,15 g,15.0,g,65.0,,,DSP01729,Daily Shopping,biscuit-cookies,biscuit-cookies,,0.0,https://othoba.com/olympic-tim-tim-mango-60gm
2026-09-11,75359,Olympic Badami Cookies Family 300gm,300 g,300.0,g,65.0,,,DSP01730,Daily Shopping,biscuit-cookies,biscuit-cookies,,0.0,https://othoba.com/olympic-badami-cookies-family-300gm
2026-09-11,75360,Memory Badam Topi (Jar)200gm,200 g,200.0,g,110.0,,,DSP01731,Daily Shopping,biscuit-cookies,biscuit-cookies,,0.0,https://othoba.com/olympic-atta-cookies-250-gm
2026-09-11,75361,Olympic Kaju Bite 75 gm,75 g,75.0,g,20.0,,,DSP01732,Daily Shopping,biscuit-cookies,biscuit-cookies,,0.0,https://othoba.com/olympic-kaju-bite-75-gm
2026-09-11,75362,Foster Clarks White Oats 500gm,500 g,500.0,g,560.0,,,DSP01733,Daily Shopping,biscuit-cookies,biscuit-cookies,,0.0,https://othoba.com/olympic-energy-plus-malai-cream-45gm
2026-09-11,75363,Olympic Bisconi Choco Chips 200 gm,200 g,200.0,g,75.0,,,DSP01734,Daily Shopping,local-snacks,local-snacks,,0.0,https://othoba.com/olympic-bisconi-choco-chips-200-gm
2026-09-11,75364,Olympic Namkin 300gm,300 g,300.0,g,60.0,,,DSP01735,Daily Shopping,biscuit-cookies,biscuit-cookies,,0.0,https://othoba.com/olympic-namkin-300gm
2026-09-11,75626,Sajeeb Corn Flakes 200gm,200 g,200.0,g,155.0,,,DSP01750,Daily Shopping,bakery-breakfast,bakery-breakfast,,5.0,https://othoba.com/sajeeb-corn-flakes-200gm
2026-09-11,75627,Sajeeb Nocilla Chocolate 250gm,250 g,250.0,g,230.0,,,DSP01751,Daily Shopping,noodles,noodles,,0.0,https://othoba.com/sajeeb-bar-b-q-noodles-180gm
2026-09-11,75628,Sajeeb Nocilla Chocolate 400gm,400 g,400.0,g,350.0,,,DSP01752,Daily Shopping,noodles,noodles,,0.0,https://othoba.com/sajeeb-tandouri-noodles-180gm
2026-09-11,75630,Sajeeb Nocilla Choco&Cream 190gm,190 g,190.0,g,595.0,,,DSP01753,Daily Shopping,bakery-breakfast,bakery-breakfast,,5.0,https://othoba.com/sajeeb-nocilla-choco-cream-200gm
2026-09-11,75633,Kolson Macaroni Oyester Medium 400gm,400 g,400.0,g,65.0,,,DSP01754,Daily Shopping,macaroni,macaroni,,0.0,https://othoba.com/kolson-macaroni-oyester-medium-400gm
2026-09-11,75642,Sajeeb Corn Flakes 100gm,100 g,100.0,g,80.0,,,DSP01755,Daily Shopping,bakery-breakfast,bakery-breakfast,,5.0,https://othoba.com/sajeeb-corn-flakes-100gm
2026-09-11,75657,Kolson Macaroni Screw 400gm,400 g,400.0,g,65.0,,,DSP01756,Daily Shopping,macaroni,macaroni,,5.0,https://othoba.com/kolson-macaroni-screw-400gm
2026-09-11,75660,Kolson Macaroni Screw 200gm,200 g,200.0,g,35.0,,,DSP01757,Daily Shopping,macaroni,macaroni,,5.0,https://othoba.com/kolson-macaroni-screw-200gm
2026-09-11,75661,Shezan Orange Jelly 250gm,250 g,250.0,g,60.0,,,DSP01758,Daily Shopping,bakery-breakfast,bakery-breakfast,,0.0,https://othoba.com/shezan-orange-jelly-250gm
2026-09-11,75664,Shezan Mango Jelly 250gm,250 g,250.0,g,60.0,,,DSP01759,Daily Shopping,bakery-breakfast,bakery-breakfast,,0.0,https://othoba.com/shezan-mango-jelly-250gm
2026-09-11,75666,Shezan Mixed Fruit Jelly 250gm,250 g,250.0,g,60.0,,,DSP01760,Daily Shopping,bakery-breakfast,bakery-breakfast,,0.0,https://othoba.com/shezan-mixed-fruit-jelly-250gm
2026-09-11,75669,Sajeeb Nocilla Chocolate 135gm,135 g,135.0,g,130.0,,,DSP01761,Daily Shopping,bakery-breakfast,bakery-breakfast,,5.0,https://othoba.com/sajeeb-nocilla-chocolate-135gm
2026-09-11,75672,Nocilla Chocolate New Pack 320gm,320 g,320.0,g,425.0,,,DSP01762,Daily Shopping,bakery-breakfast,bakery-breakfast,,5.0,https://othoba.com/nocilla-chocolate-new-pack-320gm
2026-09-11,75676,Nocilla Choco & Cream New Pack 320gm,320 g,320.0,g,425.0,,,DSP01763,Daily Shopping,bakery-breakfast,bakery-breakfast,,0.0,https://othoba.com/nocilla-choco-cream-new-pack-320gm
2026-09-11,75681,Kolson Macaroni Assorted Box 300gm,300 g,300.0,g,55.0,,,DSP01764,Daily Shopping,macaroni,macaroni,,5.0,https://othoba.com/kolson-macaroni-assorted-box-300gm
2026-09-11,757404,Pusti Soyebean Oil (সয়াবিন তেল) 5 Litre,5 l,5.0,l,955.0,,,PUST757404,Pusti Bangladesh,oil,oil,,0.0,https://othoba.com/pusti-soyebean-oil-%E0%A6%B8%E0%A6%AF%E0%A6%AC%E0%A6%A8-%E0%A6%A4%E0%A6%B2-5-litre
2026-09-11,76088,Goldmark Savory Cookies 250gm,250 g,250.0,g,50.0,,,DSP01837,Daily Shopping,biscuit-cookies,biscuit-cookies,,5.0,https://othoba.com/goldmark-savory-cookies-250gm
2026-09-11,76269,Daily Milk Instant FCMP 500gm,500 g,500.0,g,290.0,,,DSP01867,Daily Shopping,milk-3,milk-3,,0.0,https://othoba.com/daily-milk-instant-fcmp-500gm
2026-09-11,76271,Daily Milk Instant FCMP 250gm,250 g,250.0,g,160.0,,,DSP01868,Daily Shopping,milk-3,milk-3,,0.0,https://othoba.com/daily-milk-instant-fcmp-250gm
2026-09-11,763267,Buniaydi Psyllium husk (Isobgul) 150 gm,150 g,150.0,g,420.0,,,BUNY763267,Buniyadi,bakery-breakfast,bakery-breakfast,10.0,0.0,https://othoba.com/buniaydi-psyllium-husk-isobgul-150-gm-buniyadi-763267
2026-09-11,763272,Buniaydi Psyllium husk (Isobgul) 250 gm,250 g,250.0,g,690.0,,,BUNY763272,Buniyadi,bakery-breakfast,bakery-breakfast,43.0,0.0,https://othoba.com/buniaydi-psyllium-husk-isobgul-250-gm-buniyadi-763272
2026-09-11,763278,Buniyadi Ghee 400gm,400 g,400.0,g,680.0,,,BUNY763278,Buniyadi,ghee-3,ghee-3,50.0,0.0,https://othoba.com/buniyadi-ghee-400gm-buniyadi-763278
2026-09-11,763279,Buniyadi Ghee 900gm,900 g,900.0,g,1490.0,,,BUNY763279,Buniyadi,ghee-3,ghee-3,24.0,0.0,https://othoba.com/buniyadi-ghee-900gm-buniyadi-763279
2026-09-11,76486,Nestle Everyday Milk Powder 1000 gm,1000 g,1000.0,g,550.0,,,DSP01877,Daily Shopping,milk-3,milk-3,,0.0,https://othoba.com/nestle-everyday-milk-powder-1000-gm
2026-09-11,76508,Nestle Cerelac Mixed Veg. BIB 400gm,400 g,400.0,g,375.0,,,DSP01879,Daily Shopping,ready-mix,ready-mix,,0.0,https://othoba.com/nestle-cerelac-mixed-veg-bib-400gm
2026-09-11,76705,Maggi Rich Tomato Sauce 500gm,500 g,500.0,g,230.0,,,DSP01894,Daily Shopping,sauces,sauces,,0.0,https://othoba.com/maggi-rich-tomato-sauce-500gm
2026-09-11,76709,MAGGI Soya Sauce 700ml,700 ml,700.0,ml,220.0,,,DSP01895,Daily Shopping,sauces,sauces,,0.0,https://othoba.com/maggi-soya-sauce-700ml
2026-09-11,76713,Maggi HLTH Soup (Regular) Vegetable 25gm,25 g,25.0,g,55.0,,,DSP01896,Daily Shopping,soup-2,soup-2,,2.9,https://othoba.com/maggi-hlth-soup-regular-vegetable-25gm
2026-09-11,76716,Nestle Koko Krunch DUO 300gm,300 g,300.0,g,500.0,,,DSP01897,Daily Shopping,bakery-breakfast,bakery-breakfast,,5.0,https://othoba.com/nestle-koko-krunch-duo-330gm
2026-09-11,76718,MAGGI Noodles MASALA 744gm,744 g,744.0,g,265.0,,,DSP01898,Daily Shopping,noodles,noodles,,0.0,https://othoba.com/maggi-noodles-masala-744gm
2026-09-11,76722,KOKO KRUNCH Pouch Pack 70gm,70 g,70.0,g,150.0,,,DSP01899,Daily Shopping,bakery-breakfast,bakery-breakfast,,5.0,https://othoba.com/nestle-koko-krunch-pouch-pack-80gm
2026-09-11,77315,PRAN Honey Glass Jar 150gm,150 g,150.0,g,128.0,,,DSP01900,Daily Shopping,bakery-breakfast,bakery-breakfast,,5.0,https://othoba.com/pran-honey-150-gm
2026-09-11,77317,PRAN Honey 250gm,250 g,250.0,g,240.0,,,DSP01901,Daily Shopping,bakery-breakfast,bakery-breakfast,,5.0,https://othoba.com/pran-honey-250-gm
2026-09-11,77319,PRAN Honey 650 gm,650 g,650.0,g,420.0,,,DSP01902,Daily Shopping,bakery-breakfast,bakery-breakfast,,0.0,https://othoba.com/pran-honey-650-gm
2026-09-11,77408,Pran Hot Tomato Sauce 250gm,250 g,250.0,g,70.0,,,DSP01903,Daily Shopping,sauces,sauces,,0.0,https://othoba.com/pran-hot-tomato-sauce-250gm
2026-09-11,77422,PRAN Iodized Salt 1 kg,1 kg,1.0,kg,42.0,,,DSP01904,Daily Shopping,daily-cooking,daily-cooking,,5.0,https://othoba.com/pran-iodized-salt-1-kg
2026-09-11,77425,Loitta Fish 1kg,1 kg,1.0,kg,239.0,250.0,4.4,DSP01905,Daily Shopping,meat-fish,meat-fish,,5.0,https://othoba.com/loitta-fish-1kg
2026-09-11,775370,Almarai 8 Portion Triangle Cheese 120gm,120 g,120.0,g,353.0,403.0,12.41,AMTG775370,Al Maktum Grocery Food,cheese-3,cheese-3,20.0,0.0,https://othoba.com/almarai-8-portion-triangle-cheese-120gm-al-maktum-grocery-food-775370
2026-09-11,775394,Buldak Quattro Cheese Ramen Hot Chicken Flavor Ramen Pack Of 5 (145G X5),145 g,145.0,g,1064.0,1254.0,15.15,AMTG775394,Al Maktum Grocery Food,cheese-3,cheese-3,38.0,0.0,https://othoba.com/buldak-quattro-cheese-ramen-hot-chicken-flavor-ramen-pack-of-5-145g-x5-al-maktum-grocery-food-775394
2026-09-11,775408,Cow & Gate 2 Follow Milk Formula 800g(UK),800 g,800.0,g,4266.0,4589.0,7.04,AMTG775408,Al Maktum Grocery Food,milk-3,milk-3,47.0,0.0,https://othoba.com/cow-gate-2-follow-milk-formula-800guk-al-maktum-grocery-food-775408
2026-09-11,775409,1 Kilogram No Added Preservatives Healthy Raw Milk Pure And Fresh Ghee,,,,2813.0,3289.0,14.47,AMTG775409,Al Maktum Grocery Food,milk-3,milk-3,9.0,0.0,https://othoba.com/1-kilogram-no-added-preservatives-healthy-raw-milk-pure-and-fresh-ghee-al-maktum-grocery-food-775409
2026-09-11,775450,"Ferrero Rocher Fine Hazelnut Milk Chocolates, 2 Piece",2 pcs,2.0,pcs,142.0,173.0,17.92,AMTG775450,Al Maktum Grocery Food,milk-3,milk-3,11.0,0.0,https://othoba.com/ferrero-rocher-fine-hazelnut-milk-chocolates-2-piece-al-maktum-grocery-food-775450
2026-09-11,775495,Milk UHT -1 Ltr ( New Zealand ),1 l,1.0,l,410.0,495.0,17.17,AMTG775495,Al Maktum Grocery Food,milk-3,milk-3,52.0,0.0,https://othoba.com/milk-uht-1-ltr-new-zealand-al-maktum-grocery-food-775495
2026-09-11,77550,Onion (Indian) 1kg,1 kg,1.0,kg,112.0,,,DSP01906,Daily Shopping,fruits-vegetable,fruits-vegetable,,4.0,https://othoba.com/onion-indian-1kg
2026-09-11,775542,"2pcs-Carnation Evaporated Milk Cooking And Bakery , 2 x 410 g, Tin",410 g,410.0,g,608.0,794.0,23.43,AMTG775542,Al Maktum Grocery Food,milk-3,milk-3,50.0,0.0,https://othoba.com/2pcs-carnation-evaporated-milk-cooking-and-bakery-2-x-410-g-tin-al-maktum-grocery-food-775542
2026-09-11,775575,AMUL PURE GHEE 1L TIN,1 l,1.0,l,2776.0,3301.0,15.9,AMTG775575,Al Maktum Grocery Food,ghee-3,ghee-3,53.0,0.0,https://othoba.com/amul-pure-ghee-1l-tin-al-maktum-grocery-food-775575
2026-09-11,775583,Caring Honey Milk Protein with Collagen Hair Treatment 250ml,250 ml,250.0,ml,859.0,1127.0,23.78,AMTG775583,Al Maktum Grocery Food,milk-3,milk-3,35.0,0.0,https://othoba.com/caring-honey-milk-protein-with-collagen-hair-treatment-250ml-al-maktum-grocery-food-775583
2026-09-11,775664,Amul pasteurised butter 200gm,200 g,200.0,g,424.0,564.0,24.82,AMTG775664,Al Maktum Grocery Food,butter-3,butter-3,10.0,0.0,https://othoba.com/amul-pasteurised-butter-200gm-al-maktum-grocery-food-775664
2026-09-11,775666,AMUL/ PASTEURISED BUTTER (200gm) pack 2,200 g,200.0,g,630.0,748.0,15.78,AMTG775666,Al Maktum Grocery Food,butter-3,butter-3,46.0,0.0,https://othoba.com/amul-pasteurised-butter-200gm-pack-2-al-maktum-grocery-food-775666
2026-09-11,775678,NAN 2 OPTIPRO Formula Milk-800gm(Dubai),800 g,800.0,g,4833.0,5405.0,10.58,AMTG775678,Al Maktum Grocery Food,milk-3,milk-3,44.0,0.0,https://othoba.com/nan-2-optipro-formula-milk-800gmdubai-al-maktum-grocery-food-775678
2026-09-11,775698,Lactogrow 3 Milk Powder 1.8kg from 1 to 3 years 1.8kg (Malaysia),1.8 kg,1.8,kg,6029.0,8039.0,25.0,AMTG775698,Al Maktum Grocery Food,milk-3,milk-3,40.0,0.0,https://othoba.com/lactogrow-3-milk-powder-18kg-from-1-to-3-years-18kg-malaysia-al-maktum-grocery-food-775698
2026-09-11,77571,Mithai Vogsagor,,,,720.0,800.0,10.0,TST00141,Mithai,sweetmeat,sweetmeat,,5.0,https://othoba.com/mithai-vogsagor
2026-09-11,775720,Nan Pro 1  milk powder 800g Switzerland,800 g,800.0,g,4182.0,4773.0,12.38,AMTG775720,Al Maktum Grocery Food,milk-3,milk-3,32.0,0.0,https://othoba.com/nan-pro-1-milk-powder-800g-switzerland-al-maktum-grocery-food-775720
2026-09-11,775751,Herbal Essences Bio:Renew Hydrate Shampoo with Coconut Milk (0% Parabens & Colourants)-600ml,600 ml,600.0,ml,2661.0,3220.0,17.36,AMTG775751,Al Maktum Grocery Food,milk-3,milk-3,8.0,0.0,https://othoba.com/herbal-essences-biorenew-hydrate-shampoo-with-coconut-milk-0-parabens-colourants-600ml-al-maktum-grocery-food-775751
2026-09-11,775860,Cow & Gate 2 Follow  Milk Formula 800g(UK),800 g,800.0,g,4214.0,4485.0,6.04,AMTG775860,Al Maktum Grocery Food,milk-3,milk-3,24.0,0.0,https://othoba.com/cow-gate-2-follow-milk-formula-800guk-al-maktum-grocery-food-775860
2026-09-11,775862,"Combo of Amul Dark, Milk, Fruit N Nut Chocolate - 150 gm pack of 3",150 g,150.0,g,847.0,920.0,7.93,AMTG775862,Al Maktum Grocery Food,milk-3,milk-3,51.0,0.0,https://othoba.com/combo-of-amul-dark-milk-fruit-n-nut-chocolate-150-gm-pack-of-3-al-maktum-grocery-food-775862
2026-09-11,775909,St. Ives Vanilla & Oat Milk Pampering Body Wash 650ml,650 ml,650.0,ml,1624.0,2070.0,21.55,AMTG775909,Al Maktum Grocery Food,milk-3,milk-3,24.0,0.0,https://othoba.com/st-ives-vanilla-oat-milk-pampering-body-wash-650ml-al-maktum-grocery-food-775909
2026-09-11,775992,"Almarai Full Cream Milk Powder, 2.25 kg,",2.25 kg,2.25,kg,4508.0,5175.0,12.89,AMTG775992,Al Maktum Grocery Food,milk-3,milk-3,36.0,0.0,https://othoba.com/almarai-full-cream-milk-powder-225-kg-al-maktum-grocery-food-775992
2026-09-11,775994,"Al Mudhish Instant Full Cream Milk Powder, 2.5 Kg (oman)",2.5 kg,2.5,kg,4189.0,4485.0,6.6,AMTG775994,Al Maktum Grocery Food,milk-3,milk-3,33.0,0.0,https://othoba.com/al-mudhish-instant-full-cream-milk-powder-25-kg-oman-al-maktum-grocery-food-775994
2026-09-11,775999,Nan Optipro 3 Baby Milk 800g (Dubai),800 g,800.0,g,4747.0,5405.0,12.17,AMTG775999,Al Maktum Grocery Food,milk-3,milk-3,30.0,0.0,https://othoba.com/nan-optipro-3-baby-milk-800g-dubai-al-maktum-grocery-food-775999
2026-09-11,776002,Cow & Gate 1 Milk Formula  800g(UK),800 g,800.0,g,4334.0,4715.0,8.08,AMTG776002,Al Maktum Grocery Food,milk-3,milk-3,51.0,0.0,https://othoba.com/cow-gate-1-milk-formula-800guk-al-maktum-grocery-food-776002
2026-09-11,776006,Amul Pure Ghee 1 L (Tin),1 l,1.0,l,1814.0,1955.0,7.21,AMTG776006,Al Maktum Grocery Food,ghee-3,ghee-3,22.0,0.0,https://othoba.com/amul-pure-ghee-1-l-tin-al-maktum-grocery-food-776006
2026-09-11,776044,Multi Fruit Milk And Fruit Candy -170Gm - Chocolate,170 g,170.0,g,412.0,518.0,20.46,AMTG776044,Al Maktum Grocery Food,milk-3,milk-3,52.0,0.0,https://othoba.com/multi-fruit-milk-and-fruit-candy-170gm-chocolate-al-maktum-grocery-food-776044
2026-09-11,776048,Butterscotch Emulsion/Paste /Flavour 35gm,35 g,35.0,g,110.0,156.0,29.49,AMTG776048,Al Maktum Grocery Food,butter-3,butter-3,55.0,0.0,https://othoba.com/butterscotch-emulsionpaste-flavour-35gm-al-maktum-grocery-food-776048
2026-09-11,776061,"Aptamil 2 Follow On  Milk Powder Formula, 6-12 Months, 800 g uk",800 g,800.0,g,4149.0,5520.0,24.84,AMTG776061,Al Maktum Grocery Food,milk-3,milk-3,9.0,0.0,https://othoba.com/aptamil-2-follow-on-milk-powder-formula-6-12-months-800-g-uk-al-maktum-grocery-food-776061
2026-09-11,776160,Alfredo With Fresh Cream & Cheese Pasta Sauce 490g,490 g,490.0,g,707.0,863.0,18.08,AMTG776160,Al Maktum Grocery Food,cheese-3,cheese-3,11.0,0.0,https://othoba.com/alfredo-with-fresh-cream-cheese-pasta-sauce-490g-al-maktum-grocery-food-776160
2026-09-11,776202,Kraft Processed Cheddar Cheese Tin -190Gm,190 g,190.0,g,425.0,518.0,17.95,AMTG776202,Al Maktum Grocery Food,cheese-3,cheese-3,10.0,0.0,https://othoba.com/kraft-processed-cheddar-cheese-tin-190gm-al-maktum-grocery-food-776202
2026-09-11,776207,Coco Coconut Milk -400ml,400 ml,400.0,ml,288.0,322.0,10.56,AMTG776207,Al Maktum Grocery Food,milk-3,milk-3,9.0,0.0,https://othoba.com/coco-coconut-milk-400ml-al-maktum-grocery-food-776207
2026-09-11,776222,T-Special Premium Dairy Whitener Milk Powder 1 kg(indian),1 kg,1.0,kg,1251.0,1438.0,13.0,AMTG776222,Al Maktum Grocery Food,milk-3,milk-3,38.0,0.0,https://othoba.com/t-special-premium-dairy-whitener-milk-powder-1-kgindian-al-maktum-grocery-food-776222
2026-09-11,776227,Milkita Milk Candy 120g,120 g,120.0,g,310.0,449.0,30.96,AMTG776227,Al Maktum Grocery Food,milk-3,milk-3,44.0,0.0,https://othoba.com/milkita-milk-candy-120g-al-maktum-grocery-food-776227
2026-09-11,776265,3w Clinic Crystal White Milky Body Lotion – 150gm,150 g,150.0,g,1087.0,1254.0,13.32,AMTG776265,Al Maktum Grocery Food,milk-3,milk-3,29.0,0.0,https://othoba.com/3w-clinic-crystal-white-milky-body-lotion-150gm-al-maktum-grocery-food-776265
2026-09-11,776296,"Kraft Processed Cheddar Cheese Tin, 190g(bahrain)",190 g,190.0,g,457.0,564.0,18.97,AMTG776296,Al Maktum Grocery Food,cheese-3,cheese-3,56.0,0.0,https://othoba.com/kraft-processed-cheddar-cheese-tin-190gbahrain-al-maktum-grocery-food-776296
2026-09-11,776327,Oats Bar Milk Choco-400 g,400 g,400.0,g,610.0,667.0,8.55,AMTG776327,Al Maktum Grocery Food,milk-3,milk-3,54.0,0.0,https://othoba.com/oats-bar-milk-choco-400-g-al-maktum-grocery-food-776327
2026-09-11,776332,"Amul 3 Flavour Chocolate Combo Pack Total 450gm 150gm Each Dark, Milk, Fruit N Nut",150 g,150.0,g,1456.0,1783.0,18.34,AMTG776332,Al Maktum Grocery Food,milk-3,milk-3,36.0,0.0,https://othoba.com/amul-3-flavour-chocolate-combo-pack-total-450gm-150gm-each-dark-milk-fruit-n-nut-al-maktum-grocery-food-776332
2026-09-11,776333,"Almarai Cream Cheese, 500G",500 g,500.0,g,1293.0,1553.0,16.74,AMTG776333,Al Maktum Grocery Food,cheese-3,cheese-3,14.0,0.0,https://othoba.com/almarai-cream-cheese-500g-al-maktum-grocery-food-776333
2026-09-11,776337,Crown Peanut Butter (Chunky) 510 gm,510 g,510.0,g,831.0,909.0,8.58,AMTG776337,Al Maktum Grocery Food,butter-3,butter-3,54.0,0.0,https://othoba.com/crown-peanut-butter-chunky-510-gm-al-maktum-grocery-food-776337
2026-09-11,776344,Crown Peanut Butter Chunky With No Cholesterol- 510gm,510 g,510.0,g,803.0,863.0,6.95,AMTG776344,Al Maktum Grocery Food,butter-3,butter-3,51.0,0.0,https://othoba.com/crown-peanut-butter-chunky-with-no-cholesterol-510gm-al-maktum-grocery-food-776344
2026-09-11,776348,NAN PRO2 milk powder 800g Switzerland,800 g,800.0,g,4203.0,4773.0,11.94,AMTG776348,Al Maktum Grocery Food,milk-3,milk-3,10.0,0.0,https://othoba.com/nan-pro2-milk-powder-800g-switzerland-al-maktum-grocery-food-776348
2026-09-11,776391,amul Milk Chocolate-125gm,125 g,125.0,g,489.0,564.0,13.3,AMTG776391,Al Maktum Grocery Food,milk-3,milk-3,28.0,0.0,https://othoba.com/amul-milk-chocolate-125gm-al-maktum-grocery-food-776391
2026-09-11,776402,Aichun Beauty Yogurt Milk Whitening Underarm Cream 80g,80 g,80.0,g,321.0,518.0,38.03,AMTG776402,Al Maktum Grocery Food,milk-3,milk-3,56.0,0.0,https://othoba.com/aichun-beauty-yogurt-milk-whitening-underarm-cream-80g-al-maktum-grocery-food-776402
2026-09-11,776446,Cow & gate 3 Growing up Milk 800gm(UK),800 g,800.0,g,3857.0,4485.0,14.0,AMTG776446,Al Maktum Grocery Food,milk-3,milk-3,46.0,0.0,https://othoba.com/cow-gate-3-growing-up-milk-800gmuk-al-maktum-grocery-food-776446
2026-09-11,776474,Almarai Spreadable Cream Cheese 500g(Saudi Arabia),500 g,500.0,g,1358.0,1553.0,12.56,AMTG776474,Al Maktum Grocery Food,cheese-3,cheese-3,11.0,0.0,https://othoba.com/almarai-spreadable-cream-cheese-500gsaudi-arabia-al-maktum-grocery-food-776474
2026-09-11,776511,Almarai Triangle Cheese 32 Slice 480g,480 g,480.0,g,1293.0,1518.0,14.82,AMTG776511,Al Maktum Grocery Food,cheese-3,cheese-3,7.0,0.0,https://othoba.com/almarai-triangle-cheese-32-slice-480g-al-maktum-grocery-food-776511
2026-09-11,776515,Almarai Cheddar Cheese (20 Slices) 400g,400 g,400.0,g,1021.0,1219.0,16.24,AMTG776515,Al Maktum Grocery Food,cheese-3,cheese-3,16.0,0.0,https://othoba.com/almarai-cheddar-cheese-20-slices-400g-al-maktum-grocery-food-776515
2026-09-11,776548,Ensure Complete Vanilla Milk Power -850g (Dubai),850 g,850.0,g,4223.0,4577.0,7.73,AMTG776548,Al Maktum Grocery Food,milk-3,milk-3,12.0,0.0,https://othoba.com/ensure-complete-vanilla-milk-power-850g-dubai-al-maktum-grocery-food-776548
2026-09-11,776577,Almarai Burger Cheese Slices 10 slices 200gm,200 g,200.0,g,483.0,552.0,12.5,AMTG776577,Al Maktum Grocery Food,cheese-3,cheese-3,21.0,0.0,https://othoba.com/almarai-burger-cheese-slices-10-slices-200gm-al-maktum-grocery-food-776577
2026-09-11,776587,Complan Milk Protien New Royale Chocolate Flavour 500gm,500 g,500.0,g,766.0,863.0,11.24,AMTG776587,Al Maktum Grocery Food,milk-3,milk-3,20.0,0.0,https://othoba.com/complan-milk-protien-new-royale-chocolate-flavour-500gm-al-maktum-grocery-food-776587
2026-09-11,776595,"SmartHeart Kitten Chicken, Fish, Egg & Milk- 1100gm",1100 g,1100.0,g,1042.0,1127.0,7.54,AMTG776595,Al Maktum Grocery Food,milk-3,milk-3,40.0,0.0,https://othoba.com/smartheart-kitten-chicken-fish-egg-milk-1100gm-al-maktum-grocery-food-776595
2026-09-11,776604,Cowhead Full Cream Milk Powder 2500g (New Zealand),2500 g,2500.0,g,5518.0,6325.0,12.76,AMTG776604,Al Maktum Grocery Food,milk-3,milk-3,55.0,0.0,https://othoba.com/cowhead-full-cream-milk-powder-2500g-new-zealand-al-maktum-grocery-food-776604
2026-09-11,776627,Similac Gold 2- 800g Milk (Ireland),800 g,800.0,g,4180.0,4589.0,8.91,AMTG776627,Al Maktum Grocery Food,milk-3,milk-3,26.0,0.0,https://othoba.com/similac-gold-2-800g-milk-ireland-al-maktum-grocery-food-776627
2026-09-11,776647,Almarai Triangle 16 Cheese 240g,240 g,240.0,g,707.0,863.0,18.08,AMTG776647,Al Maktum Grocery Food,cheese-3,cheese-3,41.0,0.0,https://othoba.com/almarai-triangle-16-cheese-240g-al-maktum-grocery-food-776647
2026-09-11,776648,"Toblerone of Switzerland Milk Chocolate with Honey and Almond Nougat - 2 Pack Pouch, 2 X 100 g",100 g,100.0,g,532.0,633.0,15.96,AMTG776648,Al Maktum Grocery Food,milk-3,milk-3,23.0,0.0,https://othoba.com/toblerone-of-switzerland-milk-chocolate-with-honey-and-almond-nougat-2-pack-pouch-2-x-100-g-al-maktum-grocery-food-776648
2026-09-11,776650,Amul milk box 250 Gram chocolate,250 g,250.0,g,464.0,610.0,23.93,AMTG776650,Al Maktum Grocery Food,milk-3,milk-3,47.0,0.0,https://othoba.com/amul-milk-box-250-gram-chocolate-al-maktum-grocery-food-776650
2026-09-11,776663,Cow & Gate 3 Growing Up Milk Formula 800g (UK),800 g,800.0,g,4214.0,4485.0,6.04,AMTG776663,Al Maktum Grocery Food,milk-3,milk-3,29.0,0.0,https://othoba.com/cow-gate-3-growing-up-milk-formula-800g-uk-al-maktum-grocery-food-776663
2026-09-11,776673,Cow & Gate 3 Growing Up Milk Formula 800g (UK),800 g,800.0,g,4266.0,4589.0,7.04,AMTG776673,Al Maktum Grocery Food,milk-3,milk-3,13.0,0.0,https://othoba.com/cow-gate-3-growing-up-milk-formula-800g-uk-al-maktum-grocery-food-776673
2026-09-11,776768,Carnation Milk Product For Cooking and Bakery 405g,405 g,405.0,g,293.0,334.0,12.28,AMTG776768,Al Maktum Grocery Food,milk-3,milk-3,26.0,0.0,https://othoba.com/carnation-milk-product-for-cooking-and-bakery-405g-al-maktum-grocery-food-776768
2026-09-11,776787,Similac_Gold 1- 800g Milk (Ireland),800 g,800.0,g,4206.0,4589.0,8.35,AMTG776787,Al Maktum Grocery Food,milk-3,milk-3,19.0,0.0,https://othoba.com/similac_gold-1-800g-milk-ireland-al-maktum-grocery-food-776787
2026-09-11,776830,Similac_Gold 3- 800g Milk (Ireland),800 g,800.0,g,4190.0,4589.0,8.69,AMTG776830,Al Maktum Grocery Food,milk-3,milk-3,21.0,0.0,https://othoba.com/similac_gold-3-800g-milk-ireland-al-maktum-grocery-food-776830
2026-09-11,776873,Hazelnut and Milk Chocolate Premium Box - 16pcs (200grms),16 pcs,16.0,pcs,1461.0,1725.0,15.3,AMTG776873,Al Maktum Grocery Food,milk-3,milk-3,23.0,0.0,https://othoba.com/hazelnut-and-milk-chocolate-premium-box-16pcs-200grms-al-maktum-grocery-food-776873
2026-09-11,776880,Pediasure Vanilla Baby Milk  - 1600g,1600 g,1600.0,g,7006.0,7475.0,6.27,AMTG776880,Al Maktum Grocery Food,milk-3,milk-3,43.0,0.0,https://othoba.com/pediasure-vanilla-baby-milk-1600g-al-maktum-grocery-food-776880
2026-09-11,776885,Nan pro 3  milk powder 800gm (Switzerland ),800 g,800.0,g,4726.0,5175.0,8.68,AMTG776885,Al Maktum Grocery Food,milk-3,milk-3,47.0,0.0,https://othoba.com/nan-pro-3-milk-powder-800gm-switzerland-al-maktum-grocery-food-776885
2026-09-11,776907,"OGX, Shampoo, Nourishing+ Coconut Milk, -385ml",385 ml,385.0,ml,1510.0,2069.0,27.02,AMTG776907,Al Maktum Grocery Food,milk-3,milk-3,44.0,0.0,https://othoba.com/ogx-shampoo-nourishing-coconut-milk-385ml-al-maktum-grocery-food-776907
2026-09-11,776910,Coco Lite Coconut Milk - 400ml,400 ml,400.0,ml,278.0,299.0,7.02,AMTG776910,Al Maktum Grocery Food,milk-3,milk-3,20.0,0.0,https://othoba.com/coco-lite-coconut-milk-400ml-al-maktum-grocery-food-776910
2026-09-11,777022,Savoy Milk Chocolate Bar-1kg,1 kg,1.0,kg,816.0,978.0,16.56,AMTG777022,Al Maktum Grocery Food,milk-3,milk-3,30.0,0.0,https://othoba.com/savoy-milk-chocolate-bar-1kg-al-maktum-grocery-food-777022
2026-09-11,777041,Aroi Thai  Lite Coconut Milk  400ml,400 ml,400.0,ml,278.0,299.0,7.02,AMTG777041,Al Maktum Grocery Food,milk-3,milk-3,41.0,0.0,https://othoba.com/aroi-thai-lite-coconut-milk-400ml-al-maktum-grocery-food-777041
2026-09-11,777067,NAN Optipro 2 Infant Formula Milk 800g,800 g,800.0,g,4731.0,5290.0,10.57,AMTG777067,Al Maktum Grocery Food,milk-3,milk-3,11.0,0.0,https://othoba.com/nan-optipro-2-infant-formula-milk-800g-al-maktum-grocery-food-777067
2026-09-11,777163,Cow & Gate 4 Toddler  Milk Powder Formula- 800Ggm(UK),,,,3964.0,4945.0,19.84,AMTG777163,Al Maktum Grocery Food,milk-3,milk-3,43.0,0.0,https://othoba.com/cow-gate-4-toddler-milk-powder-formula-800ggmuk-al-maktum-grocery-food-777163
2026-09-11,777170,DANO Full Cream Milk Powder 2250 gm ( Denmark ),2250 g,2250.0,g,4930.0,5382.0,8.4,AMTG777170,Al Maktum Grocery Food,milk-3,milk-3,24.0,0.0,https://othoba.com/dano-full-cream-milk-powder-2250-gm-denmark-al-maktum-grocery-food-777170
2026-09-11,777213,Cow & Gate 4 Toddler Milk Formula 800g(UK),800 g,800.0,g,4214.0,4485.0,6.04,AMTG777213,Al Maktum Grocery Food,milk-3,milk-3,36.0,0.0,https://othoba.com/cow-gate-4-toddler-milk-formula-800guk-al-maktum-grocery-food-777213
2026-09-11,777232,"Fortified Milk Powder Rich in Fiber Pouch, 2.25Kg Dubai",2.25 kg,2.25,kg,4334.0,5635.0,23.09,AMTG777232,Al Maktum Grocery Food,milk-3,milk-3,44.0,0.0,https://othoba.com/fortified-milk-powder-rich-in-fiber-pouch-225kg-dubai-al-maktum-grocery-food-777232
2026-09-11,777259,DANO Full Cream Milk Powder Tin 900g-Denmark,900 g,900.0,g,2477.0,2875.0,13.84,AMTG777259,Al Maktum Grocery Food,milk-3,milk-3,10.0,0.0,https://othoba.com/dano-full-cream-milk-powder-tin-900g-denmark-al-maktum-grocery-food-777259
2026-09-11,777290,Light Complete Extra Whitening Repairing Serum Milk UV Body Lotion 400ml,400 ml,400.0,ml,1396.0,1587.0,12.04,AMTG777290,Al Maktum Grocery Food,milk-3,milk-3,14.0,0.0,https://othoba.com/light-complete-extra-whitening-repairing-serum-milk-uv-body-lotion-400ml-al-maktum-grocery-food-777290
2026-09-11,777310,Cow & Gate 2 Follow On Milk Powder 800gm(UK),800 g,800.0,g,3857.0,4830.0,20.14,AMTG777310,Al Maktum Grocery Food,milk-3,milk-3,28.0,0.0,https://othoba.com/cow-gate-2-follow-on-milk-powder-800gmuk-al-maktum-grocery-food-777310
2026-09-11,777328,COCONUT MILK COCO LITE 400 ML*2pcs=800ml,800 ml,800.0,ml,499.0,575.0,13.22,AMTG777328,Al Maktum Grocery Food,milk-3,milk-3,30.0,0.0,https://othoba.com/coconut-milk-coco-lite-400-ml2pcs800ml-al-maktum-grocery-food-777328
2026-09-11,777356,"Aseel Vegetable Ghee, 1KG Dubai",1 kg,1.0,kg,1076.0,1472.0,26.9,AMTG777356,Al Maktum Grocery Food,ghee-3,ghee-3,56.0,0.0,https://othoba.com/aseel-vegetable-ghee-1kg-dubai-al-maktum-grocery-food-777356
2026-09-11,777362,Cow & Gate 1 First Infant Milk Formula (From Birth) 800g  uk,800 g,800.0,g,4266.0,4589.0,7.04,AMTG777362,Al Maktum Grocery Food,milk-3,milk-3,38.0,0.0,https://othoba.com/cow-gate-1-first-infant-milk-formula-from-birth-800g-uk-al-maktum-grocery-food-777362
2026-09-11,777368,Cathy Doll White Milk Shine Body Lotion 450ml,450 ml,450.0,ml,1401.0,1840.0,23.86,AMTG777368,Al Maktum Grocery Food,milk-3,milk-3,30.0,0.0,https://othoba.com/cathy-doll-white-milk-shine-body-lotion-450ml-al-maktum-grocery-food-777368
2026-09-11,777411,Aseel Vegetable Ghee - 500 gm,500 g,500.0,g,750.0,920.0,18.48,AMTG777411,Al Maktum Grocery Food,ghee-3,ghee-3,16.0,0.0,https://othoba.com/aseel-vegetable-ghee-500-gm-al-maktum-grocery-food-777411
2026-09-11,777484,Abbott Gold 3 Growing-Up Formula Milk - 800g (Ireland),800 g,800.0,g,4190.0,4589.0,8.69,AMTG777484,Al Maktum Grocery Food,milk-3,milk-3,24.0,0.0,https://othoba.com/abbott-gold-3-growing-up-formula-milk-800g-ireland-al-maktum-grocery-food-777484
2026-09-11,777490,"Aptamil 2 Follow On Milk From 6-12 m- 800gm, UK",800 g,800.0,g,3422.0,5693.0,39.89,AMTG777490,Al Maktum Grocery Food,milk-3,milk-3,36.0,0.0,https://othoba.com/aptamil-2-follow-on-milk-from-6-12-m-800gm-uk-al-maktum-grocery-food-777490
2026-09-11,777519,Cowhead Pure Milk Uht -1 Ltr ( New Zealand ),1 l,1.0,l,468.0,552.0,15.22,AMTG777519,Al Maktum Grocery Food,milk-3,milk-3,38.0,0.0,https://othoba.com/cowhead-pure-milk-uht-1-ltr-new-zealand-al-maktum-grocery-food-777519
2026-09-11,777526,NAN Optipro 1 Formula Milk 800g Dubai,800 g,800.0,g,4583.0,4945.0,7.32,AMTG777526,Al Maktum Grocery Food,milk-3,milk-3,50.0,0.0,https://othoba.com/nan-optipro-1-formula-milk-800g-dubai-al-maktum-grocery-food-777526
2026-09-11,777529,Pediasure Complete Vanilla Baby Milk Powder - 1 to 10 Years - 850g (Singapore),850 g,850.0,g,4182.0,5175.0,19.19,AMTG777529,Al Maktum Grocery Food,milk-3,milk-3,52.0,0.0,https://othoba.com/pediasure-complete-vanilla-baby-milk-powder-1-to-10-years-850g-singapore-al-maktum-grocery-food-777529
2026-09-11,777533,Almarai processed Cream Cheese - 500 gm,500 g,500.0,g,1260.0,1553.0,18.87,AMTG777533,Al Maktum Grocery Food,cheese-3,cheese-3,48.0,0.0,https://othoba.com/almarai-processed-cream-cheese-500-gm-al-maktum-grocery-food-777533
2026-09-11,777535,Slice Cheese Melbourne  Slices 200 gm-Australia,200 g,200.0,g,521.0,679.0,23.27,AMTG777535,Al Maktum Grocery Food,cheese-3,cheese-3,35.0,0.0,https://othoba.com/slice-cheese-melbourne-slices-200-gm-australia-al-maktum-grocery-food-777535
2026-09-11,777539,Jigott Goat Milk Brightening Cream - 70ml,70 ml,70.0,ml,967.0,1725.0,43.94,AMTG777539,Al Maktum Grocery Food,milk-3,milk-3,34.0,0.0,https://othoba.com/jigott-goat-milk-brightening-cream-70ml-al-maktum-grocery-food-777539
2026-09-11,777580,Cow & Gate 1 First Milk Powder 800g (UK),800 g,800.0,g,3857.0,4830.0,20.14,AMTG777580,Al Maktum Grocery Food,milk-3,milk-3,50.0,0.0,https://othoba.com/cow-gate-1-first-milk-powder-800g-uk-al-maktum-grocery-food-777580
2026-09-11,777632,Amul Fruit N Nut Chocolate & Milk Chocolate Combo 150g*2pcs,2 pcs,2.0,pcs,587.0,633.0,7.27,AMTG777632,Al Maktum Grocery Food,milk-3,milk-3,44.0,0.0,https://othoba.com/amul-fruit-n-nut-chocolate-milk-chocolate-combo-150g2pcs-al-maktum-grocery-food-777632
2026-09-11,777636,"Anchor Fortified Full Cream Milk Powder,2.25kg",2.25 kg,2.25,kg,4296.0,4945.0,13.12,AMTG777636,Al Maktum Grocery Food,milk-3,milk-3,48.0,0.0,https://othoba.com/anchor-fortified-full-cream-milk-powder225kg-al-maktum-grocery-food-777636
2026-09-11,777699,Ovaltine Malted Milk Thailand 400gm,400 g,400.0,g,1064.0,1254.0,15.15,AMTG777699,Al Maktum Grocery Food,milk-3,milk-3,12.0,0.0,https://othoba.com/ovaltine-malted-milk-thailand-400gm-al-maktum-grocery-food-777699
2026-09-11,777761,Cowhead Instant Milk Powder – Full Cream 2.5kg(New Zealand),2.5 kg,2.5,kg,5850.0,6325.0,7.51,AMTG777761,Al Maktum Grocery Food,milk-3,milk-3,47.0,0.0,https://othoba.com/cowhead-instant-milk-powder-full-cream-25kgnew-zealand-al-maktum-grocery-food-777761
2026-09-11,777890,Amul Smooth and Creamy Milk Chocolate 150GM (PACK OF 2),150 g,150.0,g,587.0,633.0,7.27,AMTG777890,Al Maktum Grocery Food,milk-3,milk-3,25.0,0.0,https://othoba.com/amul-smooth-and-creamy-milk-chocolate-150gm-pack-of-2-al-maktum-grocery-food-777890
2026-09-11,777972,Garnier Light Complete Extra Repairing Serum Milk UV Body Lotion 400ml,400 ml,400.0,ml,1798.0,2415.0,25.55,AMTG777972,Al Maktum Grocery Food,milk-3,milk-3,8.0,0.0,https://othoba.com/garnier-light-complete-extra-repairing-serum-milk-uv-body-lotion-400ml-al-maktum-grocery-food-777972
2026-09-11,778075,Almarai Fortified Full Cream Milk Powder 2.5kg ksa,2.5 kg,2.5,kg,5297.0,6210.0,14.7,AMTG778075,Al Maktum Grocery Food,milk-3,milk-3,21.0,0.0,https://othoba.com/almarai-fortified-full-cream-milk-powder-25kg-ksa-al-maktum-grocery-food-778075
2026-09-11,778077,"Aptamil Advanced 3 Milk Powder Formula,800g(uk)",800 g,800.0,g,4182.0,5175.0,19.19,AMTG778077,Al Maktum Grocery Food,milk-3,milk-3,51.0,0.0,https://othoba.com/aptamil-advanced-3-milk-powder-formula800guk-al-maktum-grocery-food-778077
2026-09-11,778099,Nan 3 Optipro Baby Milk Growing up Formula - 800g(Dubai),800 g,800.0,g,4942.0,5520.0,10.47,AMTG778099,Al Maktum Grocery Food,milk-3,milk-3,35.0,0.0,https://othoba.com/nan-3-optipro-baby-milk-growing-up-formula-800gdubai-al-maktum-grocery-food-778099
2026-09-11,778147,"Head & Shoulders 2-in-1 Cool Menthol Anti Dandruff Shampoo + Conditioner for Women & Men, With Almond Milk (1 L)",1 l,1.0,l,2597.0,3220.0,19.35,AMTG778147,Al Maktum Grocery Food,milk-3,milk-3,47.0,0.0,https://othoba.com/head-shoulders-2-in-1-cool-menthol-anti-dandruff-shampoo-conditioner-for-women-men-with-almond-milk-1-l-al-maktum-grocery-food-778147
2026-09-11,778262,Pediasure Complete Nutrition Vanilla Milk Powder 950gm (India),950 g,950.0,g,4508.0,5175.0,12.89,AMTG778262,Al Maktum Grocery Food,milk-3,milk-3,8.0,0.0,https://othoba.com/pediasure-complete-nutrition-vanilla-milk-powder-950gm-india-al-maktum-grocery-food-778262
2026-09-11,778278,"Head & Shoulders 2-in-1 Smooth and Silky Anti Dandruff Shampoo + Conditioner for Women & Men, With Almond Milk (1 L)",1 l,1.0,l,2553.0,2990.0,14.62,AMTG778278,Al Maktum Grocery Food,milk-3,milk-3,11.0,0.0,https://othoba.com/head-shoulders-2-in-1-smooth-and-silky-anti-dandruff-shampoo-conditioner-for-women-men-with-almond-milk-1-l-al-maktum-grocery-food-778278
2026-09-11,778309,Toren Classic Peanut Milky Compound 55G,55 g,55.0,g,180.0,207.0,13.04,AMTG778309,Al Maktum Grocery Food,milk-3,milk-3,52.0,0.0,https://othoba.com/toren-classic-peanut-milky-compound-55g-al-maktum-grocery-food-778309
2026-09-11,778325,Almarai Cheddar Cheese Slices 400 g,400 g,400.0,g,967.0,1127.0,14.2,AMTG778325,Al Maktum Grocery Food,cheese-3,cheese-3,27.0,0.0,https://othoba.com/almarai-cheddar-cheese-slices-400-g-al-maktum-grocery-food-778325
2026-09-11,778411,Al Mudhish Instant Whole Milk Powder 2.5kg,2.5 kg,2.5,kg,5418.0,6785.0,20.15,AMTG778411,Al Maktum Grocery Food,milk-3,milk-3,9.0,0.0,https://othoba.com/al-mudhish-instant-whole-milk-powder-25kg-al-maktum-grocery-food-778411
2026-09-11,778481,St. Ives Vanilla & Oat Milk Pampering Body Wash 650ml,650 ml,650.0,ml,1499.0,2070.0,27.58,AMTG778481,Al Maktum Grocery Food,milk-3,milk-3,54.0,0.0,https://othoba.com/st-ives-vanilla-oat-milk-pampering-body-wash-650ml-al-maktum-grocery-food-778481
2026-09-11,778492,Al Mudhish Instant Whole Milk Powder 2.5kg,2.5 kg,2.5,kg,5374.0,5980.0,10.13,AMTG778492,Al Maktum Grocery Food,milk-3,milk-3,9.0,0.0,https://othoba.com/al-mudhish-instant-whole-milk-powder-25kg-al-maktum-grocery-food-778492
2026-09-11,778522,Honey & Wheat Toddler Cereal with Milk 400gm(Imported From UK),400 g,400.0,g,1496.0,1587.0,5.73,AMTG778522,Al Maktum Grocery Food,milk-3,milk-3,19.0,0.0,https://othoba.com/honey-wheat-toddler-cereal-with-milk-400gmimported-from-uk-al-maktum-grocery-food-778522
2026-09-11,778543,Cupboard Processed Cream Cheese-200 G,200 g,200.0,g,647.0,863.0,25.03,AMTG778543,Al Maktum Grocery Food,cheese-3,cheese-3,22.0,0.0,https://othoba.com/cupboard-processed-cream-cheese-200-g-al-maktum-grocery-food-778543
2026-09-11,778600,Alfredo with Fresh Cream and Cheese Pasta Sauce 490g,490 g,490.0,g,707.0,863.0,18.08,AMTG778600,Al Maktum Grocery Food,cheese-3,cheese-3,10.0,0.0,https://othoba.com/alfredo-with-fresh-cream-and-cheese-pasta-sauce-490g-al-maktum-grocery-food-778600
2026-09-11,778645,"Lakme Peach Milk Soft Cream, 50ml",50 ml,50.0,ml,324.0,403.0,19.6,AMTG778645,Al Maktum Grocery Food,milk-3,milk-3,9.0,0.0,https://othoba.com/lakme-peach-milk-soft-cream-50ml-al-maktum-grocery-food-778645
2026-09-11,778652,Caring Honey Milk Hair Treatment Hair Mask 500g,500 g,500.0,g,1456.0,1840.0,20.87,AMTG778652,Al Maktum Grocery Food,milk-3,milk-3,23.0,0.0,https://othoba.com/caring-honey-milk-hair-treatment-hair-mask-500g-al-maktum-grocery-food-778652
2026-09-11,778676,COCONUT MILK COCO LITE 400 ML*2pcs=800ml,800 ml,800.0,ml,499.0,575.0,13.22,AMTG778676,Al Maktum Grocery Food,milk-3,milk-3,35.0,0.0,https://othoba.com/coconut-milk-coco-lite-400-ml2pcs800ml-al-maktum-grocery-food-778676
2026-09-11,778746,Nesquik Chocolate Flavored Milk Shake Powder (UK)- 300gm,300 g,300.0,g,1281.0,1380.0,7.17,AMTG778746,Al Maktum Grocery Food,milk-3,milk-3,25.0,0.0,https://othoba.com/nesquik-chocolate-flavored-milk-shake-powder-uk-300gm-al-maktum-grocery-food-778746
2026-09-11,778769,Ensure Powdered Milk Complete And Balanced Nutrition For Adults Vanilla 850g,850 g,850.0,g,4159.0,4485.0,7.27,AMTG778769,Al Maktum Grocery Food,milk-3,milk-3,30.0,0.0,https://othoba.com/ensure-powdered-milk-complete-and-balanced-nutrition-for-adults-vanilla-850g-al-maktum-grocery-food-778769
2026-09-11,78063,Farm Egg (Loose)-30 pcs,30 pcs,30.0,pcs,370.0,383.0,3.39,DSP01910,Daily Shopping,eggs-2,eggs-2,,0.0,https://othoba.com/farm-egg-loose-30-pcs
2026-09-11,78120,Jhatpot Plain paratha 5 pcs,5 pcs,5.0,pcs,130.0,,,DSP01911,Daily Shopping,bakery-breakfast,bakery-breakfast,,0.0,https://othoba.com/jhatpot-plain-paratha-5-pcs
2026-09-11,78244,Goldmark Cake It Premium Biscuit 160gm,160 g,160.0,g,40.0,,,DSP01913,Daily Shopping,biscuit-cookies,biscuit-cookies,,0.0,https://othoba.com/goldmark-cake-it-premium-biscuit-160gm
2026-09-11,78336,Julies Everytime Assorted Biscuit Tin 530gm,530 g,530.0,g,822.0,,,DSP01916,Daily Shopping,biscuit-cookies,biscuit-cookies,,0.0,https://othoba.com/julies-everytime-assorted-biscuittin-530gm
2026-09-11,78337,Julies Love Letters Choco.Cream -100gm,100 g,100.0,g,250.0,,,DSP01917,Daily Shopping,chocolate-candy,chocolate-candy,,0.0,https://othoba.com/julies-love-letters-chococream-100gm
2026-09-11,78338,Julies Peanut Butter Sandwich 135gm,135 g,135.0,g,250.0,,,DSP01918,Daily Shopping,bakery-breakfast,bakery-breakfast,,0.0,https://othoba.com/julies-peanut-butter-sandwich-135gm
2026-09-11,78339,Julies Ceria Assorted Biscuits Tin 530gm,530 g,530.0,g,885.0,,,DSP01919,Daily Shopping,biscuit-cookies,biscuit-cookies,,0.0,https://othoba.com/julies-ceria-assorted-biscuits-tin-530gm
2026-09-11,78341,Julies Cheese Sandwich Tin-420gm,420 g,420.0,g,822.0,,,DSP01920,Daily Shopping,biscuit-cookies,biscuit-cookies,,0.0,https://othoba.com/julies-cheese-sandwich-tin-420gm
2026-09-11,78342,Julies Butter Crackers 20pack Box 500gm,500 g,500.0,g,822.0,,,DSP01921,Daily Shopping,biscuit-cookies,biscuit-cookies,,0.0,https://othoba.com/julies-butter-crackers-20pack-box-500gm
2026-09-11,78343,Julies Oat 25 Ten Grains 200gm,200 g,200.0,g,375.0,,,DSP01922,Daily Shopping,biscuit-cookies,biscuit-cookies,,0.0,https://othoba.com/julies-oat-25-ten-grains-200gm
2026-09-11,78344,Hup Seng Cream Crackers 125gm,125 g,125.0,g,350.0,,,DSP01923,Daily Shopping,biscuit-cookies,biscuit-cookies,,0.0,https://othoba.com/hup-seng-cream-crackers-125gm
2026-09-11,78347,Julies Peanut Butter Sandwich 540gm,540 g,540.0,g,885.0,,,DSP01924,Daily Shopping,bakery-breakfast,bakery-breakfast,,0.0,https://othoba.com/julies-peanut-butter-sandwich-540gm
2026-09-11,78348,Hup Seng Delux Peanut Butter Sandwich 160gm,160 g,160.0,g,225.0,,,DSP01925,Daily Shopping,bakery-breakfast,bakery-breakfast,,0.0,https://othoba.com/hup-seng-delux-peanut-butter-sandwich-160gm
2026-09-11,78349,Julies Oat 25 Strawberry 200gm,200 g,200.0,g,375.0,,,DSP01926,Daily Shopping,biscuit-cookies,biscuit-cookies,,0.0,https://othoba.com/julies-oat-25-strawberry-200gm
2026-09-11,78350,Hup Seng Deluxe Vegetable Crackers Biscuit 258gm,258 g,258.0,g,425.0,,,DSP01927,Daily Shopping,biscuit-cookies,biscuit-cookies,,0.0,https://othoba.com/hup-seng-deluxe-vegetable-crackers-biscuit-258gm
2026-09-11,78351,Hup Seng Delux Cheese Sandwich 160gm,160 g,160.0,g,225.0,,,DSP01928,Daily Shopping,biscuit-cookies,biscuit-cookies,,0.0,https://othoba.com/hup-seng-delux-cheese-sandwich-160gm
2026-09-11,78352,Julies Oat 25 Hazelnuts& Chocolate 200gm,200 g,200.0,g,375.0,,,DSP01929,Daily Shopping,biscuit-cookies,biscuit-cookies,,0.0,https://othoba.com/julies-oat-25-hazelnuts-chocolate-200gm
2026-09-11,78353,Hup Seng Cream Crackers 428gm,428 g,428.0,g,1195.0,,,DSP01930,Daily Shopping,biscuit-cookies,biscuit-cookies,,0.0,https://othoba.com/hup-seng-cream-crackers-428gm
2026-09-11,78355,Hup Seng Deluxe Original Crackers Biscuit 258gm,258 g,258.0,g,425.0,,,DSP01931,Daily Shopping,biscuit-cookies,biscuit-cookies,,0.0,https://othoba.com/hup-seng-deluxe-original-crackers-biscuit-258gm
2026-09-11,78356,Kerk Deluxe Vegetable Crackers Biscuit 192gm,192 g,192.0,g,300.0,,,DSP01932,Daily Shopping,biscuit-cookies,biscuit-cookies,,0.0,https://othoba.com/kerk-deluxe-vegetable-crackers-biscuit-192gm
2026-09-11,78357,Julies Le-mond Puff Sand.Ched.Cheese180g,180 g,180.0,g,375.0,,,DSP01933,Daily Shopping,biscuit-cookies,biscuit-cookies,,0.0,https://othoba.com/julies-le-mond-puff-sand-ched-cheese-180g-dsp01933
2026-09-11,78358,Kerk Sweet Time Assorted Biscuit 600gm,600 g,600.0,g,885.0,,,DSP01934,Daily Shopping,biscuit-cookies,biscuit-cookies,,0.0,https://othoba.com/kerk-sweet-time-assorted-biscuit-600gm
2026-09-11,78359,Julies Le-mond Puff Sand.ChocoHaznut180g,180 g,180.0,g,350.0,,,DSP01935,Daily Shopping,biscuit-cookies,biscuit-cookies,,0.0,https://othoba.com/julies-le-mond-puff-sand-choco-hazelnut-180g
2026-09-11,78360,Julies Cheese Sandwich 125gm,125 g,125.0,g,250.0,,,DSP01936,Daily Shopping,biscuit-cookies,biscuit-cookies,,0.0,https://othoba.com/julies-cheese-sandwich-125gm
2026-09-11,78361,Julies Love Letters Choco.Cream Tin400gm,400 g,400.0,g,822.0,,,DSP01937,Daily Shopping,biscuit-cookies,biscuit-cookies,,0.0,https://othoba.com/julies-love-letters-choco-cream-tin-400gm
2026-09-11,78487,Lotte Choco Pie 168gm 6pcs,6 pcs,6.0,pcs,150.0,,,DSP01967,Daily Shopping,biscuit-cookies,biscuit-cookies,,0.0,https://othoba.com/lotte-choco-pie-168gm-6pcs
2026-09-11,78488,Siam Khatta Meetha 100gm,100 g,100.0,g,50.0,,,DSP01968,Daily Shopping,local-snacks,local-snacks,,0.0,https://othoba.com/siam-khatta-meetha-100gm
2026-09-11,78491,Alshifa Acacia Honey 500ml,500 ml,500.0,ml,1160.0,,,DSP01971,Daily Shopping,bakery-breakfast,bakery-breakfast,,0.0,https://othoba.com/alshifa-acacia-honey-500ml
2026-09-11,78495,Alshifa Acacia Honey 250ml,250 ml,250.0,ml,600.0,,,DSP01975,Daily Shopping,bakery-breakfast,bakery-breakfast,,0.0,https://othoba.com/alshifa-acacia-honey-250ml
2026-09-11,78496,Alshifa Acacia Honey 125ml,125 ml,125.0,ml,360.0,,,DSP01976,Daily Shopping,bakery-breakfast,bakery-breakfast,,0.0,https://othoba.com/alshifa-acacia-honey-125ml
2026-09-11,78497,Nestle Milo Chocolate Tin 400gm,400 g,400.0,g,430.0,,,DSP01977,Daily Shopping,chocolate-candy,chocolate-candy,,5.0,https://othoba.com/milo-chocolate-tin-400gm
2026-09-11,78499,Tiffany Deluxe Eclairs ToffeePacket350gm,350 g,350.0,g,320.0,,,DSP01979,Daily Shopping,chocolate-candy,chocolate-candy,,0.0,https://othoba.com/tiffany-deluxe-eclairs-toffee-packet-350gm
2026-09-11,78502,Rico Chococos 25gm,25 g,25.0,g,40.0,,,DSP01982,Daily Shopping,chocolate-candy,chocolate-candy,,0.0,https://othoba.com/rico-chococos-25gm
2026-09-11,78505,Stute Diabetic Orange Marmalade 430gm,430 g,430.0,g,710.0,,,DSP01985,Daily Shopping,bakery-breakfast,bakery-breakfast,,0.0,https://othoba.com/stute-diabetic-orange-marmalade-430gm
2026-09-11,78508,Stute Diabetic Apricot Extra Jam 430gm,430 g,430.0,g,710.0,,,DSP01988,Daily Shopping,bakery-breakfast,bakery-breakfast,,0.0,https://othoba.com/stute-diabetic-apricot-extra-jam-430gm
2026-09-11,78510,Stute Diabetic Strawberry Extra Jam 430gm,430 g,430.0,g,390.0,,,DSP01990,Daily Shopping,bakery-breakfast,bakery-breakfast,,0.0,https://othoba.com/stute-diabetic-strawberry-extra-jam-430gm
2026-09-11,78511,Ahmed Green Chilli Sauce 340gm,340 g,340.0,g,100.0,,,DSP01991,Daily Shopping,sauces,sauces,,0.0,https://othoba.com/ag-bbq-sauce-500-ml
2026-09-11,78513,Cadburry Cocoa Powder 125gm,125 g,125.0,g,485.0,,,DSP01993,Daily Shopping,food-additives,food-additives,,5.0,https://othoba.com/cadbury-cocoa-powder-125-gm
2026-09-11,78516,Big Babol Gum Rasa Blueberry 20gm,20 g,20.0,g,60.0,,,DSP01996,Daily Shopping,chocolate-candy,chocolate-candy,,0.0,https://othoba.com/big-babol-gum-rasa-blueberry-20-gm
2026-09-11,78520,Erko Mallow World Pink & White 150gm,150 g,150.0,g,405.0,,,DSP01998,Daily Shopping,chocolate-candy,chocolate-candy,,5.0,https://othoba.com/erko-mallow-world-pink-white-150-gm
2026-09-11,78522,Foxs  Fruits Packet 125gm,125 g,125.0,g,175.0,,,DSP01999,Daily Shopping,chocolate-candy,chocolate-candy,,0.0,https://othoba.com/foxs-fruits-packet-125-gm
2026-09-11,78523,Lotte Choco Pie 336gm 12 Pcs,12 pcs,12.0,pcs,280.0,,,DSP02000,Daily Shopping,chocolate-candy,chocolate-candy,,0.0,https://othoba.com/lotte-choco-pie-336gm-12-pcs
2026-09-11,78529,Cadbury GEMS Surprise 21.36gm IN,21.36 g,21.36,g,92.0,,,DSP02004,Daily Shopping,chocolate-candy,chocolate-candy,,0.0,https://othoba.com/cadbury-gems-surprise-2136gm-in
2026-09-11,78530,Cadbury Temptation Almond Treat 72 ±3gm,3 g,3.0,g,250.0,,,DSP02005,Daily Shopping,chocolate-candy,chocolate-candy,,0.0,https://othoba.com/cadbury-temptation-almond-treat-72gm
2026-09-11,78531,Santa Sophia La Pasta Penne Rigate 500gm,500 g,500.0,g,300.0,,,DSP02006,Daily Shopping,macaroni,macaroni,,5.0,https://othoba.com/santa-sophia-la-pasta-penne-rigate-500gm
2026-09-11,78532,Arnotts Tim Tam Cappuccino Biscuit 120g,120 g,120.0,g,200.0,,,DSP02007,Daily Shopping,biscuit-cookies,biscuit-cookies,,0.0,https://othoba.com/arnotts-tim-tam-cappuccino-biscuit-120g
2026-09-11,78533,Cadbury Temptation Cashew Appeal 72gm,72 g,72.0,g,190.0,,,DSP02008,Daily Shopping,chocolate-candy,chocolate-candy,,0.0,https://othoba.com/cadbury-temptation-cashew-appeal-72gm
2026-09-11,78534,Arnotts Tim Tam Milk Chocolate Biscuit 120g,120 g,120.0,g,200.0,,,DSP02009,Daily Shopping,biscuit-cookies,biscuit-cookies,,0.0,https://othoba.com/arnotts-tim-tam-milk-chocolate-biscuit-120g
2026-09-11,78535,Cadbury Temptations Rum & Raisins 72 ±3gm,3 g,3.0,g,250.0,,,DSP02010,Daily Shopping,chocolate-candy,chocolate-candy,,0.0,https://othoba.com/cadbury-temptation-rum-raisins-72gm
2026-09-11,78536,Arnotts TimTam Vanilla Biscuit 120gm,120 g,120.0,g,200.0,,,DSP02011,Daily Shopping,biscuit-cookies,biscuit-cookies,,0.0,https://othoba.com/arnotts-timtam-vanilla-biscuit-120gm
2026-09-11,78537,Tiffany Delights Bourbon Biscuit  200gm,200 g,200.0,g,470.0,,,DSP02012,Daily Shopping,biscuit-cookies,biscuit-cookies,,0.0,https://othoba.com/tiffany-delights-bourbon-biscuit-250gm
2026-09-11,78538,Besler  Kalem Kesme Penne Rigate  500gm,500 g,500.0,g,120.0,,,DSP02013,Daily Shopping,macaroni,macaroni,,5.0,https://othoba.com/besler-kalem-kesme-penne-rigate-500gm
2026-09-11,78539,Tiffany Delights Butter Cookies -80 gm,80 g,80.0,g,300.0,,,DSP02014,Daily Shopping,biscuit-cookies,biscuit-cookies,,0.0,https://othoba.com/tiffany-delights-butter-cookies-100-gm
2026-09-11,78540,Santa Sophia La Pasta Rotini 500gm,500 g,500.0,g,140.0,,,DSP02015,Daily Shopping,macaroni,macaroni,,5.0,https://othoba.com/santa-sophia-la-pasta-rotini-500gm
2026-09-11,78541,Besler Midye Makarma 500gm,500 g,500.0,g,130.0,,,DSP02016,Daily Shopping,macaroni,macaroni,,0.0,https://othoba.com/besler-midye-makarma-500gm
2026-09-11,78542,Tiffany Delights ShortbreadsBiscuit200g,200 g,200.0,g,510.0,,,DSP02017,Daily Shopping,biscuit-cookies,biscuit-cookies,,0.0,https://othoba.com/tiffany-delights-short-breads-biscuit-200g
2026-09-11,78543,Besler Short Cut 250gm,250 g,250.0,g,130.0,,,DSP02018,Daily Shopping,macaroni,macaroni,,0.0,https://othoba.com/besler-short-cut-250gm
2026-09-11,78544,Cadbury Dairy Milk Lickables 20gm,20 g,20.0,g,112.0,,,DSP02019,Daily Shopping,chocolate-candy,chocolate-candy,,5.0,https://othoba.com/cadbury-dairy-milk-lickables-20gm
2026-09-11,78545,Tiffany Digestive Nat. Wheat Biscuit 250g,250 g,250.0,g,280.0,,,DSP02020,Daily Shopping,biscuit-cookies,biscuit-cookies,,0.0,https://othoba.com/tiffany-digestive-nat-wheat-biscuit-250g
2026-09-11,78546,Julies Cheese Crackers Tin 700gm,700 g,700.0,g,998.0,,,DSP02021,Daily Shopping,chocolate-candy,chocolate-candy,,0.0,https://othoba.com/elit-gourmet-collection-truffle-43gm
2026-09-11,78547,Besler Spaghetti 500gm,500 g,500.0,g,120.0,,,DSP02022,Daily Shopping,macaroni,macaroni,,0.0,https://othoba.com/besler-spaghetti-500gm
2026-09-11,78548,Julies Butter Crackers 250gm,250 g,250.0,g,350.0,,,DSP02023,Daily Shopping,chocolate-candy,chocolate-candy,,0.0,https://othoba.com/elit-gourmet-collection-truffle-225gm
2026-09-11,78549,Cadbury Bournville Raisin&Nut 80 ±3gm,3 g,3.0,g,250.0,,,DSP02024,Daily Shopping,chocolate-candy,chocolate-candy,,0.0,https://othoba.com/cadbury-bournville-raisin-nut-80gm-in
2026-09-11,78550,Cadbury Bournville Rich Cocoa 31 ±3gm,3 g,3.0,g,105.0,,,DSP02025,Daily Shopping,chocolate-candy,chocolate-candy,,0.0,https://othoba.com/cadbury-bournville-cranberry-33gm
2026-09-11,78551,JB Coin Chocolate 112gm,112 g,112.0,g,340.0,,,DSP02026,Daily Shopping,chocolate-candy,chocolate-candy,,0.0,https://othoba.com/jb-coin-chocolate-112gm-5500001536
2026-09-11,78552,Cadbury Bournville Raisin & Nut 33gm IN,33 g,33.0,g,100.0,,,DSP02027,Daily Shopping,chocolate-candy,chocolate-candy,,0.0,https://othoba.com/cadbury-bournville-raisin-nut-33gm-in
2026-09-11,78553,Nestle Milkybar 13gm,13 g,13.0,g,18.0,,,DSP02028,Daily Shopping,chocolate-candy,chocolate-candy,,0.0,https://othoba.com/nestle-milkybar-13gm
2026-09-11,78554,Cocoaland Wafer 20gm,20 g,20.0,g,30.0,,,DSP02029,Daily Shopping,chocolate-candy,chocolate-candy,,0.0,https://othoba.com/cocoaland-wafer-20gm
2026-09-11,78555,Cocoaland Peanut Wafer 20gm,20 g,20.0,g,30.0,,,DSP02030,Daily Shopping,chocolate-candy,chocolate-candy,,0.0,https://othoba.com/cocoaland-peanut-wafer-20gm
2026-09-11,78556,Cadbury Dairy Milk Crackle 36 ±3gm,3 g,3.0,g,100.0,,,DSP02031,Daily Shopping,chocolate-candy,chocolate-candy,,0.0,https://othoba.com/cadbury-dairy-milk-crackle-38gm
2026-09-11,78557,Cadbury Dairy Milk Shots 14.4gm,14.4 g,14.4,g,35.0,,,DSP02032,Daily Shopping,chocolate-candy,chocolate-candy,,0.0,https://othoba.com/cadbury-dairy-milk-shots-144gm
2026-09-11,78558,Lotte Spout 23.8gm,23.8 g,23.8,g,38.0,,,DSP02033,Daily Shopping,chocolate-candy,chocolate-candy,,5.0,https://othoba.com/lotte-spout-238gm
2026-09-11,78559,Cadbury Dairy Milk Silk Oreo 60 ±3gm,3 g,3.0,g,230.0,,,DSP02034,Daily Shopping,chocolate-candy,chocolate-candy,,5.0,https://othoba.com/cadbury-dairy-milk-silk-oreo-choco-60gm-5500001405-2
2026-09-11,78561,Cadberry 5star 3D 42 ±3gm,3 g,3.0,g,100.0,,,DSP02035,Daily Shopping,chocolate-candy,chocolate-candy,,0.0,https://othoba.com/cadberry-5star-3d-chocolate-45gm
2026-09-11,78566,Lea& Perrins Sauce 290ml,290 ml,290.0,ml,460.0,,,DSP02039,Daily Shopping,sauces,sauces,,0.0,https://othoba.com/lea-perrins-sauce-290ml
2026-09-11,78567,Flora Margarine 500Gm,500 g,500.0,g,590.0,,,DSP02040,Daily Shopping,butter-3,butter-3,,0.0,https://othoba.com/flora-margarine-500-gm
2026-09-11,78568,Heinz White Vinegar 473ml,473 ml,473.0,ml,230.0,,,DSP02041,Daily Shopping,vinegars,vinegars,,0.0,https://othoba.com/heinz-white-vinegar-473ml
2026-09-11,78570,A1 Sauce 240gm,240 g,240.0,g,280.0,,,DSP02043,Daily Shopping,sauces,sauces,,0.0,https://othoba.com/a1-sauce-240gm
2026-09-11,78571,Bega Cream Cheese 250gm,250 g,250.0,g,480.0,,,DSP02044,Daily Shopping,cheese,cheese,,0.0,https://othoba.com/parmesan-cheese-100gm
2026-09-11,78572,Heinz Tomato Ketchup 500ml,500 ml,500.0,ml,440.0,,,DSP02045,Daily Shopping,sauces,sauces,,0.0,https://othoba.com/heinz-tomato-ketchup-500ml
2026-09-11,78573,Melbourne Sandwich Slice Cheese 200gm,200 g,200.0,g,460.0,,,DSP02046,Daily Shopping,cheese,cheese,,5.0,https://othoba.com/melbourne-sandwich-slice-cheese-200gm
2026-09-11,78575,Hunts Original BBQ Sauce 510gm,510 g,510.0,g,300.0,,,DSP02048,Daily Shopping,sauces,sauces,,0.0,https://othoba.com/hunts-original-bbq-sauce-510gm
2026-09-11,78576,Macaroni GUL Fusilli 500gm,500 g,500.0,g,130.0,,,DSP02049,Daily Shopping,macaroni,macaroni,,0.0,https://othoba.com/macaroni-gul-fusilli-500gm
2026-09-11,78578,Melbourne Cheese Slice  250gm,250 g,250.0,g,330.0,,,DSP02051,Daily Shopping,cheese,cheese,,0.0,https://othoba.com/melbourne-cheese-slice-250gm
2026-09-11,78579,Meiji Autoland Printed Biscuits 70gm,70 g,70.0,g,175.0,,,DSP02052,Daily Shopping,bakery-snacks,bakery-snacks,,0.0,https://othoba.com/victoria-butter-beans-400gm
2026-09-11,78580,Leggos Pasta Sauce Carbonara 490gm,490 g,490.0,g,425.0,,,DSP02053,Daily Shopping,sauces,sauces,,0.0,https://othoba.com/leggos-pasta-sauce-carbonara-490gm
2026-09-11,78582,Kraft Cream Cheese Spread Cheddar 500gm,500 g,500.0,g,735.0,,,DSP02055,Daily Shopping,cheese,cheese,,0.0,https://othoba.com/kraft-cream-cheese-spread-cheddar-500gm
2026-09-11,78583,Leggos Pasta Sauce BologGarlicTomato500g,500 g,500.0,g,425.0,,,DSP02056,Daily Shopping,sauces,sauces,,0.0,https://othoba.com/leggos-pasta-sauce-bolog-garlictomato-500g
2026-09-11,78584,Samyang Stew Hot Chicken Flavor Ramen 145gm,145 g,145.0,g,195.0,,,DSP02057,Daily Shopping,bakery-breakfast,bakery-breakfast,,0.0,https://othoba.com/heinz-sandwich-spread-270gm
2026-09-11,78585,So Good Soy Milk 1ltr Regular,1 l,1.0,l,288.0,,,DSP02058,Daily Shopping,liquid-milk,liquid-milk,,0.0,https://othoba.com/so-good-soy-milk-1ltr-regular
2026-09-11,78586,Kraft Cream Cheese Spread Cheddar 250gm,250 g,250.0,g,375.0,,,DSP02059,Daily Shopping,cheese,cheese,,0.0,https://othoba.com/kraft-cream-cheese-spread-cheddar-250gm
2026-09-11,78587,So Good Soy Milk 1ltr Vanilla Bliss,1 l,1.0,l,288.0,,,DSP02060,Daily Shopping,liquid-milk,liquid-milk,,0.0,https://othoba.com/so-good-soy-milk-1ltr-vanilla-bliss
2026-09-11,78588,Remia Mayonnaise 250gm,250 g,250.0,g,165.0,,,DSP02061,Daily Shopping,bakery-breakfast,bakery-breakfast,,0.0,https://othoba.com/remia-mayonnaise-250gm
2026-09-11,78589,Tiffany Faro Crispy Wafer Chocolate 45gm,45 g,45.0,g,95.0,,,DSP02062,Daily Shopping,bakery-breakfast,bakery-breakfast,,0.0,https://othoba.com/kraft-peanut-butter-smooth-375-gm
2026-09-11,78590,Bon Appetit Slice Cheese 170gm,170 g,170.0,g,290.0,,,DSP02063,Daily Shopping,cheese,cheese,,5.0,https://othoba.com/bon-appetit-slice-cheese-170gm
2026-09-11,78591,Kraft Cream Cheese Spread Original 500gm,500 g,500.0,g,700.0,,,DSP02064,Daily Shopping,cheese,cheese,,0.0,https://othoba.com/kraft-cream-cheese-spread-original-500gm
2026-09-11,78592,Remia Mayonnaise 500gm,500 g,500.0,g,300.0,,,DSP02065,Daily Shopping,bakery-breakfast,bakery-breakfast,,0.0,https://othoba.com/remia-mayonnaise-500gm
2026-09-11,78593,Leggos Pasta Sauce Alfredo 490gm,490 g,490.0,g,425.0,,,DSP02066,Daily Shopping,sauces,sauces,,0.0,https://othoba.com/leggos-pasta-sauce-alfredo-490gm
2026-09-11,78594,Kraft Cream Cheese Spread Original 250gm,250 g,250.0,g,360.0,,,DSP02067,Daily Shopping,cheese,cheese,,0.0,https://othoba.com/kraft-cream-cheese-spread-original-250gm
2026-09-11,78595,Flora Margarine 250Gm,250 g,250.0,g,325.0,,,DSP02068,Daily Shopping,butter-3,butter-3,,0.0,https://othoba.com/flora-margarine-250gm
2026-09-11,78596,Lowan Muesli Tropical Natural 750gm,750 g,750.0,g,890.0,,,DSP02069,Daily Shopping,bakery-breakfast,bakery-breakfast,,0.0,https://othoba.com/lowan-muesli-tropical-natural-750gm
2026-09-11,78597,Kraft Cheddar 250gm,250 g,250.0,g,440.0,,,DSP02070,Daily Shopping,butter-3,butter-3,,0.0,https://othoba.com/kraft-cheddar-250gm
2026-09-11,78598,Remia Blue Cheese Dressing 250ml,250 ml,250.0,ml,370.0,,,DSP02071,Daily Shopping,bakery-breakfast,bakery-breakfast,,0.0,https://othoba.com/remia-blue-cheese-dressing-250ml
2026-09-11,78599,Kraft Peanut Butter Crunchy 200 Gm,200 g,200.0,g,320.0,,,DSP02072,Daily Shopping,bakery-breakfast,bakery-breakfast,,0.0,https://othoba.com/kraft-peanut-butter-crunchy-200-gm
2026-09-11,78601,Lowan Muesli Fruit& Nut 750gm,750 g,750.0,g,890.0,,,DSP02074,Daily Shopping,bakery-breakfast,bakery-breakfast,,0.0,https://othoba.com/lowan-muesli-fruit-nut-750gm
2026-09-11,78602,Remia Thousand Island Dressing 250ml,250 ml,250.0,ml,325.0,,,DSP02075,Daily Shopping,bakery-breakfast,bakery-breakfast,,0.0,https://othoba.com/remia-thousand-island-dressing-250ml
2026-09-11,78603,Remia French Dressing 250ml,250 ml,250.0,ml,325.0,,,DSP02076,Daily Shopping,bakery-breakfast,bakery-breakfast,,0.0,https://othoba.com/remia-french-dressing-250ml
2026-09-11,78604,Remia Garlic Sauce 250ml,250 ml,250.0,ml,360.0,,,DSP02077,Daily Shopping,sauces,sauces,,5.0,https://othoba.com/remia-garlic-sauce-250ml
2026-09-11,78706,Heinz Vanilla Custard 110gm,110 g,110.0,g,145.0,,,DSP02079,Daily Shopping,chocolate-candy,chocolate-candy,,0.0,https://othoba.com/heinz-vanilla-custard-110gm
2026-09-11,78709,Heinz Egg Custard 110gm,110 g,110.0,g,145.0,,,DSP02082,Daily Shopping,chocolate-candy,chocolate-candy,,0.0,https://othoba.com/heinz-egg-custard-110gm
2026-09-11,78736,Amul Butter 200gm,200 g,200.0,g,305.0,,,DSP02109,Daily Shopping,butter-3,butter-3,,0.0,https://othoba.com/amul-butter-200gm
2026-09-11,78737,SIS Brown Sugar 800gm,800 g,800.0,g,650.0,,,DSP02110,Daily Shopping,salt-sugar,salt-sugar,,0.0,https://othoba.com/sis-brown-sugar-800gm
2026-09-11,78738,Almarai Slices Cheese Burger 200gm,200 g,200.0,g,495.0,,,DSP02111,Daily Shopping,cheese,cheese,,0.0,https://othoba.com/almarai-slices-cheese-burger-200gm
2026-09-11,78739,SIS Icing Sugar 500gm,500 g,500.0,g,270.0,,,DSP02112,Daily Shopping,salt-sugar,salt-sugar,,0.0,https://othoba.com/sis-icing-sugar-500gm
2026-09-11,78740,Almarai Slices Cheese Sandwich 200gm,200 g,200.0,g,450.0,,,DSP02113,Daily Shopping,cheese,cheese,,0.0,https://othoba.com/almarai-slices-cheese-sandwich-200gm
2026-09-11,78741,Cowhead Slim Pure Milk Fat Free 1Ltr,1 l,1.0,l,450.0,,,DSP02114,Daily Shopping,liquid-milk,liquid-milk,,0.0,https://othoba.com/cowhead-slim-pure-milk-fat-free-1ltr
2026-09-11,78742,Cowhead Lite Milk Low Fat 1Ltr,1 l,1.0,l,390.0,,,DSP02115,Daily Shopping,liquid-milk,liquid-milk,,0.0,https://othoba.com/cowhead-lite-milk-low-fat-1ltr
2026-09-11,78743,Cowhead Lactose Free Pure Milk 1Ltr,1 l,1.0,l,510.0,,,DSP02116,Daily Shopping,liquid-milk,liquid-milk,,0.0,https://othoba.com/cowhead-lactose-free-pure-milk-1ltr
2026-09-11,78744,SIS White Sugar Cubes 454gm,454 g,454.0,g,300.0,,,DSP02117,Daily Shopping,salt-sugar,salt-sugar,,0.0,https://othoba.com/sis-white-sugar-cubes-454gm
2026-09-11,78745,SIS Raw Suger Sachet 500gm (100 Sachet),500 g,500.0,g,480.0,,,DSP02118,Daily Shopping,salt-sugar,salt-sugar,,0.0,https://othoba.com/sis-raw-suger-sachet-500gm-100-sachet
2026-09-11,78746,Nawar Margarine 250gm,250 g,250.0,g,350.0,,,DSP02119,Daily Shopping,butter-3,butter-3,,0.0,https://othoba.com/nawar-margarine-250gm
2026-09-11,78747,Nawar Margarine 500gm,500 g,500.0,g,595.0,,,DSP02120,Daily Shopping,butter-3,butter-3,,0.0,https://othoba.com/nawar-margarine-500gm
2026-09-11,78748,Carnation Milk 405gm,405 g,405.0,g,180.0,,,DSP02121,Daily Shopping,milk-3,milk-3,,0.0,https://othoba.com/carnation-milk-405gm
2026-09-11,78749,La Vache qui rit 32 Portions,,,,660.0,,,DSP02122,Daily Shopping,butter-3,butter-3,,5.0,https://othoba.com/la-vache-qui-rit-32-portions
2026-09-11,78753,Nestle Cream 160gm,160 g,160.0,g,180.0,,,DSP02126,Daily Shopping,butter-3,butter-3,,0.0,https://othoba.com/nestle-cream-160gm
2026-09-11,78766,MAGGI Hot&Sweet Tomato Chilli Sauce680ml,680 ml,680.0,ml,320.0,,,DSP02130,Daily Shopping,sauces,sauces,,0.0,https://othoba.com/maggi-hotsweet-tomato-chilli-sauce-680ml
2026-09-11,78768,Saf-Instant Yeast 125gm,125 g,125.0,g,110.0,,,DSP02132,Daily Shopping,spice-herb,spice-herb,,0.0,https://othoba.com/saf-instant-yeast-125gm
2026-09-11,78770,Tabasco Pepper Sauce 60ml,60 ml,60.0,ml,180.0,,,DSP02134,Daily Shopping,sauces,sauces,,0.0,https://othoba.com/tabasco-pepper-sauce-60ml
2026-09-11,78772,American Garden BBQ Sauce Original 510gm,510 g,510.0,g,340.0,,,DSP02136,Daily Shopping,sauces,sauces,,0.0,https://othoba.com/american-garden-bbq-sauce-original-510gm
2026-09-11,78773,Mehran Basmati Kernel Rice 1kg,1 kg,1.0,kg,675.0,,,DSP02137,Daily Shopping,daily-cooking,daily-cooking,,0.0,https://othoba.com/mehran-basmati-kernel-rice-1kg
2026-09-11,78775,Mehran Biryani Masala 55gm,55 g,55.0,g,145.0,,,DSP02139,Daily Shopping,spice-herb,spice-herb,,0.0,https://othoba.com/mehran-biryani-masala-55gm
2026-09-11,78776,Mehran Bombay Biryani Masala 65gm,65 g,65.0,g,145.0,,,DSP02140,Daily Shopping,spice-herb,spice-herb,,0.0,https://othoba.com/mehran-bombay-biryani-masala-65gm
2026-09-11,78777,American Gourmet AppleCider Vinegar473ml,473 ml,473.0,ml,240.0,,,DSP02141,Daily Shopping,vinegars,vinegars,,0.0,https://othoba.com/american-gourmet-apple-cider-vinegar-473ml
2026-09-11,78778,BRAGG Organic Apple Cider Vinegar 473ml,473 ml,473.0,ml,1050.0,,,DSP02142,Daily Shopping,vinegars,vinegars,,3.0,https://othoba.com/bragg-organic-apple-cider-vinegar-473ml
2026-09-11,78784,Tastie Bread Crumbs White 200gm,200 g,200.0,g,110.0,,,DSP02148,Daily Shopping,bakery-snacks,bakery-snacks,,0.0,https://othoba.com/tastie-bread-crumbs-white-200gm
2026-09-11,78785,Hosen Coconut Milk Rich& Creamy 400ml,400 ml,400.0,ml,295.0,,,DSP02149,Daily Shopping,milk-3,milk-3,,0.0,https://othoba.com/hosen-coconut-milk-rich-creamy-400ml
2026-09-11,78786,Heinz Chili Sauce 300ml,300 ml,300.0,ml,220.0,,,DSP02150,Daily Shopping,sauces,sauces,,0.0,https://othoba.com/heinz-chili-sauce-300ml
2026-09-11,78789,Oreo Biscuit Vanilla Flavored Cream 123.5gm,123.5 g,123.5,g,145.0,,,DSP02153,Daily Shopping,biscuit-cookies,biscuit-cookies,,0.0,https://othoba.com/oreo-biscuit-vanilla-flavored-cream-137gm
2026-09-11,78790,Oreo Biscuit Chocolate Creme 123.5gm,123.5 g,123.5,g,145.0,,,DSP02154,Daily Shopping,biscuit-cookies,biscuit-cookies,,0.0,https://othoba.com/oreo-biscuit-chocolate-cr%C3%A8me-137gm
2026-09-11,78791,Oreo Biscuit Ice Cream flavour 137gm,137 g,137.0,g,125.0,,,DSP02155,Daily Shopping,biscuit-cookies,biscuit-cookies,,0.0,https://othoba.com/oreo-biscuit-ice-cream-flavour-137gm
2026-09-11,78792,Saporito Whole Peeled Tomatoes 800gm,800 g,800.0,g,450.0,,,DSP02156,Daily Shopping,fruits-vegetable,fruits-vegetable,,0.0,https://othoba.com/saporito-whole-peeled-tomatoes-800gm
2026-09-11,78793,Ragu Pizza Sauce 396gm,396 g,396.0,g,475.0,,,DSP02157,Daily Shopping,sauces,sauces,,0.0,https://othoba.com/ragu-pizza-sauce-396gm
2026-09-11,78794,Oreo Mini Cup Chocolate Flav.Cream 61.3gm,61.3 g,61.3,g,180.0,,,DSP02158,Daily Shopping,chocolate-candy,chocolate-candy,,0.0,https://othoba.com/oreo-mini-chocolate-flavored-cream-cup-67-gm
2026-09-11,78795,Nicobena Mix Hot Pickle 300gm,300 g,300.0,g,170.0,,,DSP02159,Daily Shopping,ready-mix,ready-mix,,0.0,https://othoba.com/nicobena-mix-hot-pickle-300gm
2026-09-11,78796,Pringles Pizza 158gm,158 g,158.0,g,240.0,,,DSP02160,Daily Shopping,chips,chips,,0.0,https://othoba.com/pringles-pizza-158gm
2026-09-11,78798,PRINGLES SOUR CRM & ONION 158gm,158 g,158.0,g,445.0,,,DSP02162,Daily Shopping,chips,chips,,0.0,https://othoba.com/pringles-sour-crm-onion-158gm
2026-09-11,78799,Oreo Strawberry Cream 137gm,137 g,137.0,g,125.0,,,DSP02163,Daily Shopping,biscuit-cookies,biscuit-cookies,,0.0,https://othoba.com/oreo-strawberry-cream-137gm
2026-09-11,78800,Meiji Plain Crakers 104gm,104 g,104.0,g,270.0,,,DSP02164,Daily Shopping,biscuit-cookies,biscuit-cookies,,0.0,https://othoba.com/oreo-dark-white-chocolate-137gm
2026-09-11,78802,Jack N Jell Dewberry Sandw B.berry 105gm,105 g,105.0,g,230.0,,,DSP02166,Daily Shopping,biscuit-cookies,biscuit-cookies,,0.0,https://othoba.com/jack-n-jell-dewberry-sandw-bberry-105gm
2026-09-11,78804,Sunfeast Dark Fantasy Bourbon 50gm (B6G2 Free,50 g,50.0,g,360.0,,,DSP02168,Daily Shopping,biscuit-cookies,biscuit-cookies,,0.0,https://othoba.com/jack-n-jell-cremo-chocolate-cream-105gm
2026-09-11,78805,Oreo Peanut Butter &Chocolate Cream137gm,137 g,137.0,g,125.0,,,DSP02169,Daily Shopping,bakery-breakfast,bakery-breakfast,,0.0,https://othoba.com/oreo-peanut-butter-chocolate-cream-biscuit-137gm
2026-09-11,78806,Mama Noodles Kimchi 90gm,90 g,90.0,g,150.0,,,DSP02170,Daily Shopping,noodles,noodles,,0.0,https://othoba.com/mama-noodles-kimchi-90gm
2026-09-11,78807,Ferrero Nutella 400gm,400 g,400.0,g,800.0,,,DSP02171,Daily Shopping,butter-3,butter-3,,0.0,https://othoba.com/ferrero-nutella-400-gm
2026-09-11,78809,Lays Stax Sour Cream & Onion 155.9gm MX,155.9 g,155.9,g,270.0,,,DSP02173,Daily Shopping,chips,chips,,0.0,https://othoba.com/lays-stax-sour-cream-onion-1559gm-mx
2026-09-11,78810,Lays Stax Orginal 155.9gm MX,155.9 g,155.9,g,270.0,,,DSP02174,Daily Shopping,chips,chips,,0.0,https://othoba.com/lays-stax-orginal-chips-1559g-m-mx
2026-09-11,78811,Orion Choco Pie 168 gm 6 Pcs,6 pcs,6.0,pcs,260.0,,,DSP02175,Daily Shopping,chocolate-candy,chocolate-candy,,0.0,https://othoba.com/orion-choco-pie-168-gm-6-pcs
2026-09-11,78812,Orion Dr.Xylitol Fresh Mint 32gm,32 g,32.0,g,145.0,,,DSP02176,Daily Shopping,chocolate-candy,chocolate-candy,,0.0,https://othoba.com/orion-dr-xylitol-sugar-free-fresh-mint-32-gm
2026-09-11,78813,Munchys Oat Krunch Dark Choco 208gm,208 g,208.0,g,520.0,,,DSP02177,Daily Shopping,biscuit-cookies,biscuit-cookies,,0.0,https://othoba.com/munchys-oat-krunch-dark-choco-208gm
2026-09-11,78814,Imee Ins.Cup Noodles Chicken Flavour65gm,65 g,65.0,g,170.0,,,DSP02178,Daily Shopping,noodles,noodles,,0.0,https://othoba.com/imee-instant-cup-noodles-chicken-flavour-65-gm
2026-09-11,78815,Munchys Oat Krunch Strw& BlackCur 208gm,208 g,208.0,g,480.0,,,DSP02179,Daily Shopping,biscuit-cookies,biscuit-cookies,,0.0,https://othoba.com/munchys-oat-krunch-strw-black-cur-208gm
2026-09-11,78816,Munchys Lexus Veg. Calcium Cracker 200gm,200 g,200.0,g,370.0,,,DSP02180,Daily Shopping,biscuit-cookies,biscuit-cookies,,0.0,https://othoba.com/munchys-lexus-vegetable-calcium-cracker-200-gm
2026-09-11,78817,Munchys Crackers Wheat Cracker 322gm,322 g,322.0,g,495.0,,,DSP02181,Daily Shopping,biscuit-cookies,biscuit-cookies,,0.0,https://othoba.com/munchys-crackers-wheat-cracker-322gm
2026-09-11,78818,Munchys Muzic Strawberry Wafer 100gm,100 g,100.0,g,190.0,,,DSP02182,Daily Shopping,biscuit-cookies,biscuit-cookies,,0.0,https://othoba.com/munchys-muzic-strawberry-wafer-100-gm
2026-09-11,78823,Mama Noodles Chicken 90gm,90 g,90.0,g,150.0,,,DSP02187,Daily Shopping,noodles,noodles,,0.0,https://othoba.com/mama-noodles-chicken-90gm
2026-09-11,78824,Mama Noodles Shrimp Creamy Tom Yum 90gm,90 g,90.0,g,150.0,,,DSP02188,Daily Shopping,noodles,noodles,,0.0,https://othoba.com/mama-noodles-shrimp-creamy-tom-yum-90gm
2026-09-11,78825,Mama Noodles Hot & Spice 90gm,90 g,90.0,g,170.0,,,DSP02189,Daily Shopping,noodles,noodles,,0.0,https://othoba.com/mama-noodles-hot-spice-90gm
2026-09-11,78904,Cadburry Dairy Milk Wholenut (UK) 180gm,180 g,180.0,g,550.0,,,DSP02190,Daily Shopping,chocolate-candy,chocolate-candy,,0.0,https://othoba.com/cadburry-dairy-milk-wholenut-uk-200gm
2026-09-11,78905,Cadburry Twirl Intense Chocolate 43gm,43 g,43.0,g,110.0,,,DSP02191,Daily Shopping,chocolate-candy,chocolate-candy,,0.0,https://othoba.com/cadburry-twirl-intense-chocolate-43gm
2026-09-11,78906,Toblerone Mini Swiss Milk Chocolate 200gm,200 g,200.0,g,750.0,,,DSP02192,Daily Shopping,chocolate-candy,chocolate-candy,,0.0,https://othoba.com/toblerone-mini-swiss-milk-chocolate-200gm
2026-09-11,78907,Wrigleys Eclipse Mints Peppermint 35gm,35 g,35.0,g,220.0,,,DSP02193,Daily Shopping,chocolate-candy,chocolate-candy,,0.0,https://othoba.com/wrigleys-eclipse-mints-peppermint-35gm
2026-09-11,78908,Skittles Fruits 38gm,38 g,38.0,g,170.0,,,DSP02194,Daily Shopping,chocolate-candy,chocolate-candy,,0.0,https://othoba.com/skittles-fruits-55gm
2026-09-11,78909,Trident Gum Original -18Stick USA,,,,140.0,,,DSP02195,Daily Shopping,chocolate-candy,chocolate-candy,,0.0,https://othoba.com/trident-gum-original-18-stick-usa
2026-09-11,78910,Guylian Sea Shell 250gm BE,250 g,250.0,g,1200.0,,,DSP02196,Daily Shopping,chocolate-candy,chocolate-candy,,0.0,https://othoba.com/guylian-sea-shell-250gm
2026-09-11,78911,Trident Gum Cinnamon -18Stick USA,,,,140.0,,,DSP02197,Daily Shopping,chocolate-candy,chocolate-candy,,0.0,https://othoba.com/trident-gum-cinnamon-18-stick-usa
2026-09-11,78912,Big Babol Filifolly Gum Fruit 11gm IT,11 g,11.0,g,100.0,,,DSP02198,Daily Shopping,chocolate-candy,chocolate-candy,,0.0,https://othoba.com/big-babol-filifolly-gum-fruit-11gm-it
2026-09-11,78913,Trident Gum Bubblegum -18Stick USA,,,,140.0,,,DSP02199,Daily Shopping,chocolate-candy,chocolate-candy,,0.0,https://othoba.com/trident-gum-bubblegum-18-stick-usa
2026-09-11,78914,Trident Gum Spearmint -18Stick USA,,,,140.0,,,DSP02200,Daily Shopping,chocolate-candy,chocolate-candy,,0.0,https://othoba.com/trident-gum-spearmint-18-stick-usa
2026-09-11,78915,Big Babol Filifolly Gum Grape 11gm IT,11 g,11.0,g,100.0,,,DSP02201,Daily Shopping,chocolate-candy,chocolate-candy,,0.0,https://othoba.com/big-babol-filifolly-gum-grape-11gm-it
2026-09-11,78916,Trident Gum Strawberry Twist -18Stick USA,,,,140.0,,,DSP02202,Daily Shopping,chocolate-candy,chocolate-candy,,0.0,https://othoba.com/trident-gum-strawberry-twist-18-stick-usa
2026-09-11,78917,Big Babol Filifolly Gum Watermelon 11gm IT,11 g,11.0,g,100.0,,,DSP02203,Daily Shopping,chocolate-candy,chocolate-candy,,0.0,https://othoba.com/big-babol-filifolly-gum-watermelon-11gm-it
2026-09-11,78918,Big Babol Filifolly Gum Strawberry 11gm IT,11 g,11.0,g,100.0,,,DSP02204,Daily Shopping,chocolate-candy,chocolate-candy,,0.0,https://othoba.com/big-babol-filifolly-gum-strawberry-11gm-it
2026-09-11,78919,Hersheys Kisses Milk Choc with Almonds 150gm MY,150 g,150.0,g,640.0,,,DSP02205,Daily Shopping,chocolate-candy,chocolate-candy,,0.0,https://othoba.com/hersheys-kisses-milk-chocolate-with-almonds-150gm-my
2026-09-11,78920,Celebrations Gift Box 380gm UK,380 g,380.0,g,1180.0,,,DSP02206,Daily Shopping,chocolate-candy,chocolate-candy,,0.0,https://othoba.com/celebrations-gift-box-380gm-uk
2026-09-11,78921,Snickers Miniatures 220gm UK,220 g,220.0,g,600.0,,,DSP02207,Daily Shopping,chocolate-candy,chocolate-candy,,0.0,https://othoba.com/snickers-miniatures-220gm-uk
2026-09-11,78922,Hersheys Kisses Hazelnut 150gm MY,150 g,150.0,g,640.0,,,DSP02208,Daily Shopping,chocolate-candy,chocolate-candy,,0.0,https://othoba.com/hersheys-kisses-hazelnut-150gm-my
2026-09-11,78923,Hersheys Kisses Cookis N Cream 150gm MY,150 g,150.0,g,640.0,,,DSP02209,Daily Shopping,chocolate-candy,chocolate-candy,,0.0,https://othoba.com/hersheys-kisses-cookis-n-cream-150gm-my
2026-09-11,78924,Cadbury Bournville Classic Dark Chocolate 180gm,180 g,180.0,g,400.0,,,DSP02210,Daily Shopping,chocolate-candy,chocolate-candy,,0.0,https://othoba.com/cadbury-bournville-classic-dark-chocolate-180gm
2026-09-11,78925,Ferrero Rocher Assorted Collection T 24 269gm IT,269 g,269.0,g,2000.0,,,DSP02211,Daily Shopping,chocolate-candy,chocolate-candy,,0.0,https://othoba.com/ferrero-rocher-assorted-collection-t-24-269gm-it
2026-09-11,78926,Ferrero Rocher T 24 300gm IT,300 g,300.0,g,1400.0,,,DSP02212,Daily Shopping,chocolate-candy,chocolate-candy,,0.0,https://othoba.com/ferrero-rocher-t-24-300gm-it
2026-09-11,78927,Toblerone White Chocolate 100gm,100 g,100.0,g,340.0,,,DSP02213,Daily Shopping,chocolate-candy,chocolate-candy,,0.0,https://othoba.com/toblerone-white-chocolate-100gm
2026-09-11,78936,Daawat Biryani Bashmati Rice 5kg,5 kg,5.0,kg,2570.0,,,DSP02221,Daily Shopping,daily-cooking,daily-cooking,,0.0,https://othoba.com/daawat-biryani-bashmati-rice-5kg
2026-09-11,78937,Kohinoor Bashmoti Rice 1kg,1 kg,1.0,kg,505.0,,,DSP02222,Daily Shopping,daily-cooking,daily-cooking,,0.0,https://othoba.com/kohinoor-bashmoti-rice-1kg
2026-09-11,78938,Kohinoor Bashmoti Rice 5kg,5 kg,5.0,kg,2490.0,,,DSP02223,Daily Shopping,daily-cooking,daily-cooking,,0.0,https://othoba.com/kohinoor-bashmoti-rice-5kg
2026-09-11,78939,Tayas Damla Soft Candy With Fruit 300gm,300 g,300.0,g,360.0,,,DSP02224,Daily Shopping,chocolate-candy,chocolate-candy,,0.0,https://othoba.com/tayas-damla-soft-candy-with-fruit-300gm
2026-09-11,78940,Crown Peanut Butter Smooth & Creamy 340gm,340 g,340.0,g,650.0,,,DSP02225,Daily Shopping,bakery-breakfast,bakery-breakfast,,0.0,https://othoba.com/crown-peanut-butter-smooth-creamy-340gm
2026-09-11,78941,Daawat Biryani Bashmati Rice 1kg,1 kg,1.0,kg,522.0,,,DSP02226,Daily Shopping,daily-cooking,daily-cooking,,0.0,https://othoba.com/daawat-biryani-bashmati-rice-1kg
2026-09-11,78942,Crown Peanut Butter Chunky 340gm,340 g,340.0,g,650.0,,,DSP02227,Daily Shopping,bakery-breakfast,bakery-breakfast,,0.0,https://othoba.com/crown-peanut-butter-chunky-340gm
2026-09-11,78943,Oreo Mini Cup Vanila Flav.Cream 61.3gm,61.3 g,61.3,g,180.0,,,DSP02228,Daily Shopping,chocolate-candy,chocolate-candy,,0.0,https://othoba.com/oreo-mini-cup-vanila-flavcream-67gm
2026-09-11,78944,La Vache qui rit 8 Portions,,,,340.0,,,DSP02229,Daily Shopping,butter-3,butter-3,,0.0,https://othoba.com/la-vache-qui-rit-8-portions
2026-09-11,78945,Amul Dark Chocolate 150gm,150 g,150.0,g,450.0,,,DSP02230,Daily Shopping,chocolate-candy,chocolate-candy,,5.0,https://othoba.com/amul-dark-chocolate-150gm
2026-09-11,78946,Amul Milk Chocolate 150gm,150 g,150.0,g,450.0,,,DSP02231,Daily Shopping,chocolate-candy,chocolate-candy,,5.0,https://othoba.com/amul-milk-chocolate-150gm
2026-09-11,78947,Amul Fruit n Nut Chocolate 150gm,150 g,150.0,g,290.0,,,DSP02232,Daily Shopping,chocolate-candy,chocolate-candy,,0.0,https://othoba.com/amul-fruit-n-nut-chocolate-150gm
2026-09-11,78948,La Vache qui rit 16 portions,,,,400.0,,,DSP02233,Daily Shopping,butter-3,butter-3,,0.0,https://othoba.com/la-vache-qui-rit-16-portions
2026-09-11,78949,Hersheys Cookies N Crème 43gm,43 g,43.0,g,115.0,,,DSP02234,Daily Shopping,biscuit-cookies,biscuit-cookies,,0.0,https://othoba.com/hersheys-cookies-n-cr%C3%A8me-43gm
2026-09-11,78950,La Vache qui rit 16 portions,,,,400.0,,,DSP02235,Daily Shopping,milk-3,milk-3,,0.0,https://othoba.com/almaria-evaporated-milk-410gm
2026-09-11,78951,Asda Milk Chocolate 100gm,100 g,100.0,g,165.0,,,DSP02236,Daily Shopping,chocolate-candy,chocolate-candy,,0.0,https://othoba.com/asda-milk-chocolate-100gm
2026-09-11,78952,Almarai Cheese Triangles 8 portions 120gm,120 g,120.0,g,340.0,,,DSP02237,Daily Shopping,cheese,cheese,,0.0,https://othoba.com/almarai-cheese-triangles-8-portions-120gm
2026-09-11,78953,Skittles Crazy Sours 55gm,55 g,55.0,g,120.0,,,DSP02238,Daily Shopping,chocolate-candy,chocolate-candy,,0.0,https://othoba.com/skittles-crazy-sours-55gm
2026-09-11,78954,Tesco Everyday Value White Chocolate 100gm,100 g,100.0,g,190.0,,,DSP02239,Daily Shopping,chocolate-candy,chocolate-candy,,0.0,https://othoba.com/tesco-everyday-value-white-chocolate-100gm
2026-09-11,78955,Fine Carre White Chocolate 100gm,100 g,100.0,g,195.0,,,DSP02240,Daily Shopping,chocolate-candy,chocolate-candy,,0.0,https://othoba.com/fine-carre-white-chocolate-100gm
2026-09-11,78956,Kelloggs Cornflakes 475gm Ind,475 g,475.0,g,995.0,,,DSP02241,Daily Shopping,bakery-breakfast,bakery-breakfast,,5.0,https://othoba.com/kelloggs-cornflakes-475-gm
2026-09-11,78957,Dutchie Yogurt Strawberry  135gm,135 g,135.0,g,150.0,,,DSP02242,Daily Shopping,yogurt,yogurt,,0.0,https://othoba.com/dutchie-yogurt-strawberry-135gm
2026-09-11,78958,Pasta Hat Vite 500gm,500 g,500.0,g,175.0,,,DSP02243,Daily Shopping,macaroni,macaroni,,0.0,https://othoba.com/pasta-hat-vite-500gm
2026-09-11,78959,Vivo Whip Topping With Vegetable Fat 1100gm,1100 g,1100.0,g,690.0,,,DSP02244,Daily Shopping,yogurt,yogurt,,0.0,https://othoba.com/dutchie-yogurt-nata-de-coco-135gm
2026-09-11,78960,Hp Sauce 255gm,255 g,255.0,g,360.0,,,DSP02245,Daily Shopping,sauces,sauces,,0.0,https://othoba.com/hp-sauce-255gm
2026-09-11,78961,Kelloggs Fruit Loops 300gm Thai,300 g,300.0,g,600.0,,,DSP02246,Daily Shopping,bakery-breakfast,bakery-breakfast,,0.0,https://othoba.com/kelloggs-fruit-loops-300-gm
2026-09-11,78962,Mentos Pure Fresh Supermint 35gm,35 g,35.0,g,195.0,,,DSP02247,Daily Shopping,chocolate-candy,chocolate-candy,,0.0,https://othoba.com/mentos-pure-fresh-supermint-35-gm
2026-09-11,78963,Pasta Hat Shell Big 500gm,500 g,500.0,g,175.0,,,DSP02248,Daily Shopping,macaroni,macaroni,,0.0,https://othoba.com/pasta-hat-shell-big-500gm
2026-09-11,78964,Tayas Coffee Intense Candies 600gm,600 g,600.0,g,900.0,,,DSP02249,Daily Shopping,chocolate-candy,chocolate-candy,,0.0,https://othoba.com/tayas-coffee-intense-candies-600-gm
2026-09-11,78965,Pasta Hat Penne Rigate 500gm,500 g,500.0,g,175.0,,,DSP02250,Daily Shopping,macaroni,macaroni,,0.0,https://othoba.com/pasta-hat-penne-rigate-500gm
2026-09-11,78966,Loacker Quadratini Dark Chocolate 125gm,125 g,125.0,g,420.0,,,DSP02251,Daily Shopping,chocolate-candy,chocolate-candy,,0.0,https://othoba.com/parle-magix-pineapple-45-gm
2026-09-11,78967,Pasta Hat Spaghetti 500gm,500 g,500.0,g,175.0,,,DSP02252,Daily Shopping,macaroni,macaroni,,0.0,https://othoba.com/pasta-hat-spaghetti-500gm
2026-09-11,78968,Cowhead Cappuccino Butter Cookies -150gm,150 g,150.0,g,280.0,,,DSP02253,Daily Shopping,biscuit-cookies,biscuit-cookies,,0.0,https://othoba.com/cowhead-cappuccino-butter-cookies-150gm
2026-09-11,78969,SNICKERS 50gm NL,50 g,50.0,g,74.0,,,DSP02254,Daily Shopping,biscuit-cookies,biscuit-cookies,,0.0,https://othoba.com/snickers-50gm-nl
2026-09-11,78970,Chewy Dragees Mentos Smoothie 120gm,120 g,120.0,g,195.0,,,DSP02255,Daily Shopping,chocolate-candy,chocolate-candy,,0.0,https://othoba.com/chewy-dragees-mentos-smoothie-120-gm
2026-09-11,78971,Lotte Color Changing Bubble Gum,,,,10.0,,,DSP02256,Daily Shopping,chocolate-candy,chocolate-candy,,0.0,https://othoba.com/lotte-color-changing-bubble-gum
2026-09-11,78972,Strepsils Honey & Lemon 24pcs,24 pcs,24.0,pcs,350.0,,,DSP02257,Daily Shopping,chocolate-candy,chocolate-candy,,0.0,https://othoba.com/strepsils-honey-lemon-24-pcs
2026-09-11,78973,Pasta Hat Elbow 500gm,500 g,500.0,g,175.0,,,DSP02258,Daily Shopping,macaroni,macaroni,,0.0,https://othoba.com/pasta-hat-elbow-macaroni-500-gm
2026-09-11,79120,Cadbury Fruit & Nut 110gm,110 g,110.0,g,315.0,,,DSP02264,Daily Shopping,chocolate-candy,chocolate-candy,,0.0,https://othoba.com/cadbury-fruit-nut-110gm
2026-09-11,79122,Cadbury Fruit & Nut 49gm,49 g,49.0,g,175.0,,,DSP02266,Daily Shopping,chocolate-candy,chocolate-candy,,5.0,https://othoba.com/cadbury-fruit-nut-49gm
2026-09-11,79125,Cadburry Caramel 45gm,45 g,45.0,g,110.0,,,DSP02269,Daily Shopping,chocolate-candy,chocolate-candy,,0.0,https://othoba.com/cadburry-caramel-45gm
2026-09-11,79126,Hershys Strawberry Syrup 623ml,623 ml,623.0,ml,450.0,,,DSP02270,Daily Shopping,bakery-breakfast,bakery-breakfast,,0.0,https://othoba.com/hershys-strawberry-syrup-623ml
2026-09-11,79127,M & M Peanut 45gm,45 g,45.0,g,160.0,,,DSP02271,Daily Shopping,chocolate-candy,chocolate-candy,,0.0,https://othoba.com/m-m-peanut-45gm
2026-09-11,79129,Mentos Strawberry 23.8gm,23.8 g,23.8,g,48.0,,,DSP02273,Daily Shopping,chocolate-candy,chocolate-candy,,0.0,https://othoba.com/mentos-strawberry-238gm
2026-09-11,79130,Mentos Fruit 23.8gm,23.8 g,23.8,g,48.0,,,DSP02274,Daily Shopping,chocolate-candy,chocolate-candy,,0.0,https://othoba.com/mentos-fruit-238gm
2026-09-11,79131,Fox Candy 90g Crystal Clear,90 g,90.0,g,130.0,,,DSP02275,Daily Shopping,chocolate-candy,chocolate-candy,,0.0,https://othoba.com/fox-candy-crystal-clear-fruit-90gm
2026-09-11,79132,Natural French Clas.Yellow Mustrad 226g,226 g,226.0,g,220.0,,,DSP02276,Daily Shopping,bakery-breakfast,bakery-breakfast,,0.0,https://othoba.com/natural-french-classic-yellow-mustrad-226g
2026-09-11,79133,Cadbary Dairy Milk Silk  Fruit & Nut 137 ±3gm,3 g,3.0,g,580.0,,,DSP02277,Daily Shopping,chocolate-candy,chocolate-candy,,5.0,https://othoba.com/cadbary-silk-fruit-nut-145gm
2026-09-11,79134,Cadbury Happy Birthday Box 132gm,132 g,132.0,g,250.0,,,DSP02278,Daily Shopping,chocolate-candy,chocolate-candy,,0.0,https://othoba.com/cadbury-flake-18gm
2026-09-11,79135,Heinz Apple Cider Vinegar 473ml,473 ml,473.0,ml,380.0,,,DSP02279,Daily Shopping,vinegars,vinegars,,5.0,https://othoba.com/heinz-apple-cider-vinegar-473ml
2026-09-11,79143,Raffaello 30g,30 g,30.0,g,190.0,,,DSP02286,Daily Shopping,chocolate-candy,chocolate-candy,,0.0,https://othoba.com/raffaello-30-gm
2026-09-11,79144,Cadbury Dairy Milk Chocolate 90 gm,90 g,90.0,g,160.0,,,DSP02287,Daily Shopping,chocolate-candy,chocolate-candy,,0.0,https://othoba.com/cadbury-dairy-milk-chocolate-90-gm
2026-09-11,79155,Papaya Thai Local 1kg,1 kg,1.0,kg,155.0,,,DSP02296,Daily Shopping,fruits-vegetable,fruits-vegetable,,5.0,https://othoba.com/papaya-thai-local-1kg
2026-09-11,79156,Apple Dilshan 1kg,1 kg,1.0,kg,290.0,,,DSP02297,Daily Shopping,fruits-vegetable,fruits-vegetable,,5.0,https://othoba.com/apple-dilshan-1kg
2026-09-11,79417,Mithai Cream Jam 1,,,,558.0,620.0,10.0,TST00142,Mithai,sweetmeat,sweetmeat,,5.0,https://othoba.com/mithai-cream-jam
2026-09-11,80320,All Time Ruti 175gm,175 g,175.0,g,25.0,,,DSP02299,Daily Shopping,bakery-breakfast,bakery-breakfast,,5.0,https://othoba.com/all-time-ruti-175gm
2026-09-11,80321,PRAN All Time Premium Bake Rusk 250gm,250 g,250.0,g,70.0,,,DSP02300,Daily Shopping,biscuit-cookies,biscuit-cookies,,5.0,https://othoba.com/pran-all-time-premium-bake-rusk-300gm
2026-09-11,80323,PRAN All Time Cream Roll 350gm,350 g,350.0,g,120.0,,,DSP02302,Daily Shopping,bakery-snacks,bakery-snacks,,5.0,https://othoba.com/pran-all-time-cream-roll-35gm
2026-09-11,80325,All Time Sweet Toast 250gm,250 g,250.0,g,70.0,,,DSP02304,Daily Shopping,biscuit-cookies,biscuit-cookies,,5.0,https://othoba.com/all-time-sweet-toast-350gm
2026-09-11,805532,Maxx Cola 250ml,250 ml,250.0,ml,17.0,,,ASS805532,AKC Corporate Seller Side,powder-milk,powder-milk,,0.0,https://othoba.com/maxx-cola-250ml-5
2026-09-11,805533,Pran Mineral Water 250ml,250 ml,250.0,ml,10.0,,,ASS805533,AKC Corporate Seller Side,powder-milk,powder-milk,,0.0,https://othoba.com/pran-mineral-water-250ml
2026-09-11,805534,Sweet yogurt,,,,25.0,,,ASS805534,AKC Corporate Seller Side,powder-milk,powder-milk,,0.0,https://othoba.com/sweet-yogurt-3
2026-09-11,811972,Fresh Flour (Atta) 2Kg,2 kg,2.0,kg,120.0,130.0,7.69,MGIN811972,Meghna Group of Industries,daily-cooking,daily-cooking,188.0,0.0,https://othoba.com/fresh-flour-atta-2kg
2026-09-11,813468,Stevia by Modern Herbal 30 Tablets,30 tablets,30.0,tablets,60.0,90.0,33.33,BUGZ813468,Beauty Girls Zone,sweetmeat,sweetmeat,48.0,0.0,https://othoba.com/stevia-by-modern-herbal-30-tablets-beauty-girls-zone-813468
2026-09-11,81371,Krako Yummy,,,,15.0,,,DSP02310,Daily Shopping,chips,chips,,0.0,https://othoba.com/krako-yummy
2026-09-11,81372,Krako Puffs,,,,10.0,,,DSP02311,Daily Shopping,chips,chips,,5.0,https://othoba.com/krako-puffs
2026-09-11,81737,Pran Mutton Biryani 300g Paper Pack,300 g,300.0,g,110.0,,,DSP02312,Daily Shopping,ready-mix,ready-mix,,0.0,https://othoba.com/redy-to-eat-mutton-biryani-300g-paper-pack
2026-09-11,81738,Pran Chicken Bhuna Khichuri 300gm,300 g,300.0,g,100.0,,,DSP02313,Daily Shopping,ready-mix,ready-mix,,0.0,https://othoba.com/pran-chicken-bhuna-khichuri-300gm
2026-09-11,81739,Pran Beef Tehari 300gm Paper Pack,300 g,300.0,g,100.0,,,DSP02314,Daily Shopping,ready-mix,ready-mix,,0.0,https://othoba.com/pran-beef-tehari-300gm-paper-pack
2026-09-11,81741,American Fresh Coconut Milk 400gm,400 g,400.0,g,160.0,,,DSP02315,Daily Shopping,ready-mix,ready-mix,,0.0,https://othoba.com/pran-chicken-biryani-300gm
2026-09-11,820271,Summer Mens New Stylish Jersey Tshirt & Trouser Combo,,,,700.0,1200.0,41.67,TTFH820271,Thousand Times fashion  House,bread,bread,23.0,0.0,https://othoba.com/summer-mens-new-stylish-jersey-tshirt-trouser-combo-19-thousand-times-fashion-house-820271
2026-09-11,82283,PRAN All Time Cookie 700 gm,700 g,700.0,g,125.0,,,DSP02316,Daily Shopping,biscuit-cookies,biscuit-cookies,,5.0,https://othoba.com/pran-all-time-cookie-700-gm
2026-09-11,82284,All Time Butter Bun 38gm,38 g,38.0,g,10.0,,,DSP02317,Daily Shopping,bakery-breakfast,bakery-breakfast,,0.0,https://othoba.com/all-time-butter-bun
2026-09-11,82285,All Time Sandwich Bread 600 g x 6 Pcs,6 pcs,6.0,pcs,90.0,,,DSP02318,Daily Shopping,bakery-breakfast,bakery-breakfast,,4.2,https://othoba.com/all-time-sandwich-bread-700gm
2026-09-11,82286,All Time Milk Bread 600 g x 6 Pcs,6 pcs,6.0,pcs,100.0,,,DSP02319,Daily Shopping,bakery-breakfast,bakery-breakfast,,2.9,https://othoba.com/all-time-milk-bread-650gm
2026-09-11,82287,All Time Chocolate Bun 45gm,45 g,45.0,g,10.0,,,DSP02320,Daily Shopping,bakery-breakfast,bakery-breakfast,,0.0,https://othoba.com/all-time-chocolate-bun-45gm
2026-09-11,82288,PRAN All-Time Jam Sandwich Bread 90gm,90 g,90.0,g,15.0,,,DSP02321,Daily Shopping,bakery-breakfast,bakery-breakfast,,0.0,https://othoba.com/pran-all-time-jam-sandwich-bread-90gm
2026-09-11,82289,All Time ROMA Chocolate Fill Cookies 10 gm x 6Pcs( Buy 2 Get 20 tk off),6 pcs,6.0,pcs,130.0,,,DSP02322,Daily Shopping,biscuit-cookies,biscuit-cookies,,5.0,https://othoba.com/all-time-roma-chocolate-fill-cookies-10-gm-x-6-pc
2026-09-11,82290,All Time Fruit Bun,,,,20.0,,,DSP02323,Daily Shopping,bakery-breakfast,bakery-breakfast,,5.0,https://othoba.com/all-time-fruit-bun
2026-09-11,82901,Mr.Noodles Magic Masala 35gmx 28pcs,28 pcs,28.0,pcs,525.0,,,DSP02324,Daily Shopping,noodles,noodles,554.0,3.1,https://othoba.com/pran-mrnoodles-magic-masala-40gm-x-28pcs
2026-09-11,82902,PRAN Mr. Noodles 14pcs Box Magic Masala,14 pcs,14.0,pcs,260.0,,,DSP02325,Daily Shopping,noodles,noodles,,0.0,https://othoba.com/pran-mr-noodles-14pcs-box-magic-masala
2026-09-11,83276,PRAN Chocolord Umbrella 25gm,25 g,25.0,g,25.0,,,DSP02327,Daily Shopping,chocolate-candy,chocolate-candy,,5.0,https://othoba.com/pran-tatul-chutney-20-gm
2026-09-11,83279,PRAN Mixed Fruit Chutney (মিক্সড ফ্র্রুট চাটনি) 20 gm,20 g,20.0,g,5.0,,,DSP02330,Daily Shopping,ready-mix,ready-mix,,0.0,https://othoba.com/pran-mixed-chutney-20-gm
2026-09-11,833459,Daily Shopping Mushur Dal Loose/Kg	KG,,,,90.0,,,ASS833459,AKC Corporate Seller Side,daily-cooking,daily-cooking,,0.0,https://othoba.com/daily-shopping-mushur-dal-loosekgkg
2026-09-11,833461,Kofi House Sugar,,,,480.0,,,ASS833461,AKC Corporate Seller Side,powder-milk,powder-milk,35.0,0.0,https://othoba.com/kofi-house-sugar
2026-09-11,833462,Kofi house sugar free,,,,550.0,,,ASS833462,AKC Corporate Seller Side,powder-milk,powder-milk,20.0,0.0,https://othoba.com/kofi-house-sugar-free
2026-09-11,833463,Kofi Cup,,,,1.0,,,ASS833463,AKC Corporate Seller Side,powder-milk,powder-milk,,0.0,https://othoba.com/kofi-cup-2
2026-09-11,833464,TT Snacks Box,,,,130.0,,,ASS833464,AKC Corporate Seller Side,powder-milk,powder-milk,,0.0,https://othoba.com/tt-snacks-box
2026-09-11,833465,Dry Sweets,,,,20.0,,,ASS833465,AKC Corporate Seller Side,powder-milk,powder-milk,,0.0,https://othoba.com/dry-sweets
2026-09-11,83376,PRAN Bisk Club Fit Crackers Masala 60gm,60 g,60.0,g,20.0,,,DSP02332,Daily Shopping,biscuit-cookies,biscuit-cookies,,5.0,https://othoba.com/bisk-club-fit-crackers-small-masala-flavor-60-gm
2026-09-11,83377,Bisk Club Fit Cracker Milk Flavor 130gm,130 g,130.0,g,30.0,,,DSP02333,Daily Shopping,biscuit-cookies,biscuit-cookies,,5.0,https://othoba.com/bisk-club-fit-cracker-milk-flavor-130gm
2026-09-11,83378,Bisk Club Cookies-Kheer Flavor 300 gm,300 g,300.0,g,60.0,,,DSP02334,Daily Shopping,biscuit-cookies,biscuit-cookies,,5.0,https://othoba.com/bisk-club-cookies-kheer-flavor-300-gm
2026-09-11,83496,Mithai Chicken Nan,,,,77.0,85.0,9.41,TST00146,Mithai,bakery-snacks,bakery-snacks,,5.0,https://othoba.com/mithai-chicken-nan
2026-09-11,83499,Mithai Chicken Loaf,,,,85.0,95.0,10.53,TST00149,Mithai,bakery-snacks,bakery-snacks,,5.0,https://othoba.com/mithai-chicken-loaf-165-gm-
2026-09-11,8350,Mr. Noodles single pack Masala,,,,17.0,,,DS32352,Daily Shopping,noodles,noodles,,0.0,https://othoba.com/mr-noodles-single-pack-masala-32352
2026-09-11,8352,Mr. Noodles 4 pcs family pack 40 gm *4 pcs,4 pcs,4.0,pcs,85.0,,,DS32362,Daily Shopping,noodles,noodles,,0.0,https://othoba.com/mr-noodles-4-pcs-family-pack-40-gm-4-pcs-32362
2026-09-11,8356,Mr. Noodles 4 pcs family pack 62gm x 4pcs,4 pcs,4.0,pcs,105.0,,,DS32358,Daily Shopping,noodles,noodles,,5.0,https://othoba.com/mr-noodles-4-pcs-family-pack-62gm-x-4pcs-5500001814
2026-09-11,83570,Jhatpot Chicken Strips 250 gm,250 g,250.0,g,255.0,,,BBY02396,Best Buy,breakfast-products,breakfast-products,,0.0,https://othoba.com/jhatpot-chicken-strips-250-gm-879947
2026-09-11,8364,Mr. Noodles 5 pcs family pack chicken 62gm x 5pcs,5 pcs,5.0,pcs,82.0,,,DS32338,Daily Shopping,noodles,noodles,,0.0,https://othoba.com/mr-noodles-5-pcs-family-pack-chicken-62gm-x-5pcs-32338
2026-09-11,8366,Mr. Noodles 5 pcs family pack Beef flavor 62gm x 5pcs,5 pcs,5.0,pcs,82.0,,,DS32334,Daily Shopping,noodles,noodles,,0.0,https://othoba.com/mr-noodles-5-pcs-family-pack-beef-flavor-62gm-x-5pcs-32334
2026-09-11,8367,Mr. Noodles 5 pcs Family Pack Spicy Tomato Flavor 62gm x 5pcs,5 pcs,5.0,pcs,82.0,,,DS32333,Daily Shopping,noodles,noodles,,0.0,https://othoba.com/mr-noodles-5-pcs-family-pack-spicy-tomato-flavor-62gm-x-5pcs-32333
2026-09-11,8369,Mr. Noodles Magic Masala 8 Pcs Pack 62gm X 8pcs,8 pcs,8.0,pcs,128.0,,,DS32346,Daily Shopping,noodles,noodles,,0.0,https://othoba.com/mr-noodles-magic-masala-8-pcs-pack-62gm-x-8pcs-32346
2026-09-11,8372,Mr. Noodles 8 pcs Family Pack Chicken Flavor 62gm x 8pcs,8 pcs,8.0,pcs,170.0,,,DS32344,Daily Shopping,noodles,noodles,52.0,0.0,https://othoba.com/mr-noodles-8-pcs-family-pack-chicken-flavor-62gm-x-8pcs-32344
2026-09-11,8374,Mr. Noodles Magic Masala Flavor 12 pcs Family Pack (62gm x 12pcs),12 pcs,12.0,pcs,265.0,,,DS33408,Daily Shopping,noodles,noodles,,4.0,https://othoba.com/mr-noodles-12-pcs-family-pack-masala-62gm-x-12pcs-33408
2026-09-11,8376,Mr. Noodles 16 pcs Family Pack masala Flavor 62gm x 16pcs,16 pcs,16.0,pcs,250.0,,,DS34373,Daily Shopping,noodles,noodles,,0.0,https://othoba.com/mr-noodles-16-pcs-family-pack-masala-flavor-62gm-x-16pcs-34373
2026-09-11,8379,Mr. Noodles 14 pcs Value Box,14 pcs,14.0,pcs,250.0,,,DS32586,Daily Shopping,noodles,noodles,,0.0,https://othoba.com/mr-noodles-14-pcs-value-box-32586
2026-09-11,8380,Mr. Noodles Egg Noodles Chicken Flavor,,,,20.0,,,DS33407,Daily Shopping,noodles,noodles,,0.0,https://othoba.com/mr-noodles-egg-noodles-chicken-flavor-33407
2026-09-11,8381,Mr. Noodles Egg Noodles Masala Flavor,,,,18.0,,,DS33401,Daily Shopping,noodles,noodles,,0.0,https://othoba.com/mr-noodles-egg-noodles-masala-flavor-33401
2026-09-11,84282,Mithai Platinum Box,,,,714.0,840.0,15.0,TST00150,Mithai,sweetmeat,sweetmeat,,5.0,https://othoba.com/mithai-platinum-box
2026-09-11,84283,Mithai Gold Box,,,,488.0,574.0,14.98,TST00151,Mithai,sweetmeat,sweetmeat,,3.5,https://othoba.com/mithai-gold-box
2026-09-11,84284,Mithai Silver Box,,,,323.0,380.0,15.0,TST00152,Mithai,sweetmeat,sweetmeat,,4.8,https://othoba.com/mithai-silver-box
2026-09-11,842905,Instant full Cream milk powder 1000gm,1000 g,1000.0,g,950.0,,,DSP842905,Daily Shopping,powder-milk,powder-milk,,0.0,https://othoba.com/instant-full-cream-milk-powder-1000gm
2026-09-11,842906,Marks Instant FCMP Foil 500gm,500 g,500.0,g,480.0,,,DSP842906,Daily Shopping,powder-milk,powder-milk,,0.0,https://othoba.com/marks-instant-fcmp-foil-500gm
2026-09-11,845487,Mithai Dala Regular Round,,,,2970.0,3300.0,10.0,TST845487,Mithai,sweetmeat,sweetmeat,,0.0,https://othoba.com/mithai-dala-regular-round-mithai-845487
2026-09-11,845488,Mithai Dala Regular Round  Mix,,,,2070.0,2300.0,10.0,TST845488,Mithai,sweetmeat,sweetmeat,,0.0,https://othoba.com/mithai-dala-regular-round-mix-mithai-845488
2026-09-11,845626,Mango Cake 300 gm,300 g,300.0,g,540.0,600.0,10.0,TTR845626,Tasty Treat,dessert,dessert,,0.0,https://othoba.com/mango-cake-300-gm-3
2026-09-11,845628,Assorted flavor cake 500 gm,500 g,500.0,g,855.0,950.0,10.0,TTR845628,Tasty Treat,dessert,dessert,,0.0,https://othoba.com/assorted-flavor-cake-500-gm-3
2026-09-11,845629,Traditional Patishapta Pitha-100gm,100 g,100.0,g,41.0,45.0,8.89,TTR845629,Tasty Treat,dessert,dessert,,0.0,https://othoba.com/traditional-patishapta-pitha-100gm-3
2026-09-11,848686,Almarai Full Cream Milk Powder Pack - 2250gm Pack Saudi,2250 g,2250.0,g,4999.0,5500.0,9.11,WEB848686,Wholesale Express BD,milk-3,milk-3,15.0,0.0,https://othoba.com/almarai-full-cream-milk-powder-pack-2250gm-pack-saudi-wholesale-express-bd-848686
2026-09-11,849062,"Pringles Chips Variety Pack - Original, Sour Cream & Onion, Salt & Vinegar, BBQ - 4 Pcs, Made in USA",4 pcs,4.0,pcs,2551.0,3200.0,20.28,WEB849062,Wholesale Express BD,chips,chips,33.0,0.0,https://othoba.com/pringles-chips-variety-pack-original-sour-cream-onion-salt-vinegar-bbq-4-pcs-made-in-usa-wholesale-express-bd-849062
2026-09-11,849063,"Pringles Chips Original Flavor 158g 1 Pcs, Made in USA",1 pcs,1.0,pcs,651.0,799.0,18.52,WEB849063,Wholesale Express BD,chips,chips,41.0,0.0,https://othoba.com/pringles-chips-original-flavor-158g-1-pcs-made-in-usa-wholesale-express-bd-849063
2026-09-11,849064,"Pringles Chips Variety Pack - Original, Sour Cream & Onion - 2 Pack, Made in USA",2 pack,2.0,pack,1351.0,1600.0,15.56,WEB849064,Wholesale Express BD,chips,chips,21.0,0.0,https://othoba.com/pringles-chips-variety-pack-original-sour-cream-onion-2-pack-made-in-usa-wholesale-express-bd-849064
2026-09-11,851427,Motichur Laddu (7 pcs),7 pcs,7.0,pcs,108.0,120.0,10.0,TST851427,Mithai,sweetmeat,sweetmeat,,0.0,https://othoba.com/motichur-laddu-7-pcs-mithai-851427
2026-09-11,851437,Baby Toast-Pkt 280gm,280 g,280.0,g,126.0,140.0,10.0,TST851437,Mithai,biscuites-toast,biscuites-toast,,0.0,https://othoba.com/baby-toast-pkt-280gm-mithai-851437
2026-09-11,851444,White Chocolat Donut,,,,45.0,50.0,10.0,TST851444,Mithai,chocolate-candy,chocolate-candy,,0.0,https://othoba.com/white-chocolat-donut-mithai-851444
2026-09-11,856032,Ceylon Naturals Organic Extra Virgin Coconut Oil 1 litre - Sri Lanka,1 l,1.0,l,3200.0,5000.0,36.0,GGFZ856032,Gulshan Grocery & Food Zone,daily-cooking,daily-cooking,34.0,0.0,https://othoba.com/ceylon-naturals-organic-extra-virgin-coconut-oil-1-litre-sri-lanka-gulshan-grocery-food-zone-856032
2026-09-11,856127,Alpen The Swiss Style Muesli - 550Gm,550 g,550.0,g,1175.0,1250.0,6.0,GGFZ856127,Gulshan Grocery & Food Zone,bakery-breakfast,bakery-breakfast,24.0,0.0,https://othoba.com/alpen-the-swiss-style-muesli-550gm-gulshan-grocery-food-zone-856127
2026-09-11,856175,MandS All Butter Cinnamon Sugar Palmiers-100gm,100 g,100.0,g,522.0,550.0,5.09,GGFZ856175,Gulshan Grocery & Food Zone,butter-3,butter-3,26.0,0.0,https://othoba.com/mands-all-butter-cinnamon-sugar-palmiers-100gm-gulshan-grocery-food-zone-856175
2026-09-11,856195,Quaker Whole Oats 1kg - Dubai,1 kg,1.0,kg,1420.0,2000.0,29.0,GGFZ856195,Gulshan Grocery & Food Zone,bakery-breakfast,bakery-breakfast,12.0,0.0,https://othoba.com/quaker-whole-oats-1kg-dubai-gulshan-grocery-food-zone-856195
2026-09-11,856283,Agrilife Organic Coconut Vinegar-240Ml(Thailand) - Apple Cider Vinegar,240 ml,240.0,ml,706.0,850.0,16.94,GGFZ856283,Gulshan Grocery & Food Zone,vinegars,vinegars,11.0,0.0,https://othoba.com/agrilife-organic-coconut-vinegar-240mlthailand-apple-cider-vinegar-gulshan-grocery-food-zone-856283
2026-09-11,856287,Cowhead Baby Oats Instant Organic Rolled Oats - 500Gm,500 g,500.0,g,948.0,1200.0,21.0,GGFZ856287,Gulshan Grocery & Food Zone,bakery-breakfast,bakery-breakfast,52.0,0.0,https://othoba.com/cowhead-baby-oats-instant-organic-rolled-oats-500gm-gulshan-grocery-food-zone-856287
2026-09-11,856289,Agrilife Coconut Cider Vinegar - 480ml(Thailand),480 ml,480.0,ml,1015.0,1180.0,13.98,GGFZ856289,Gulshan Grocery & Food Zone,vinegars,vinegars,35.0,0.0,https://othoba.com/agrilife-coconut-cider-vinegar-480mlthailand-gulshan-grocery-food-zone-856289
2026-09-11,856293,Ovaltine Malted Milk - 400gm(thailand),400 g,400.0,g,1290.0,1500.0,14.0,GGFZ856293,Gulshan Grocery & Food Zone,milk-3,milk-3,42.0,0.0,https://othoba.com/ovaltine-malted-milk-400gmthailand-gulshan-grocery-food-zone-856293
2026-09-11,856320,Dr. Gram Organic Rolled Oats - 1Kg,1 kg,1.0,kg,1365.0,1500.0,9.0,GGFZ856320,Gulshan Grocery & Food Zone,bakery-breakfast,bakery-breakfast,31.0,0.0,https://othoba.com/dr-gram-organic-rolled-oats-1kg-gulshan-grocery-food-zone-856320
2026-09-11,856322,Skippy Peanut Butter Extra Crunchy- 462gm (Usa),462 g,462.0,g,1085.0,1550.0,30.0,GGFZ856322,Gulshan Grocery & Food Zone,butter-3,butter-3,39.0,0.0,https://othoba.com/skippy-peanut-butter-extra-crunchy-462gm-usa-gulshan-grocery-food-zone-856322
2026-09-11,856330,Skippy Creamy Peanut Butter Spread  - 425gm,425 g,425.0,g,1080.0,1500.0,28.0,GGFZ856330,Gulshan Grocery & Food Zone,butter-3,butter-3,22.0,0.0,https://othoba.com/skippy-creamy-peanut-butter-spread-425gm-gulshan-grocery-food-zone-856330
2026-09-11,856398,Saporito Strawberry Pie Filling - 595gm,595 g,595.0,g,1460.0,2000.0,27.0,GGFZ856398,Gulshan Grocery & Food Zone,daily-cooking,daily-cooking,26.0,0.0,https://othoba.com/saporito-strawberry-pie-filling-595gm-gulshan-grocery-food-zone-856398
2026-09-11,856401,Saporito Blueberry Pie Filling - 595gm,595 g,595.0,g,1560.0,2000.0,22.0,GGFZ856401,Gulshan Grocery & Food Zone,daily-cooking,daily-cooking,22.0,0.0,https://othoba.com/saporito-blueberry-pie-filling-595gm-gulshan-grocery-food-zone-856401
2026-09-11,856403,Golden Champ Young Corn-425gm,425 g,425.0,g,256.0,350.0,26.86,GGFZ856403,Gulshan Grocery & Food Zone,bakery-breakfast,bakery-breakfast,34.0,0.0,https://othoba.com/golden-champ-young-corn-425gm-gulshan-grocery-food-zone-856403
2026-09-11,856405,Golden Country White Oats-500gm,500 g,500.0,g,446.0,550.0,18.91,GGFZ856405,Gulshan Grocery & Food Zone,bakery-breakfast,bakery-breakfast,39.0,0.0,https://othoba.com/golden-country-white-oats-500gm-gulshan-grocery-food-zone-856405
2026-09-11,856408,Saporito Red Grape Vinegar - 500ml,500 ml,500.0,ml,398.0,480.0,17.08,GGFZ856408,Gulshan Grocery & Food Zone,vinegars,vinegars,41.0,0.0,https://othoba.com/saporito-red-grape-vinegar-500ml-gulshan-grocery-food-zone-856408
2026-09-11,856413,Dairy Milk Plain-95gm,95 g,95.0,g,408.0,480.0,15.0,GGFZ856413,Gulshan Grocery & Food Zone,milk-3,milk-3,35.0,0.0,https://othoba.com/dairy-milk-plain-95gm-gulshan-grocery-food-zone-856413
2026-09-11,856425,Kellogs CocoPops-400gm Thailand,400 g,400.0,g,1273.0,1900.0,33.0,GGFZ856425,Gulshan Grocery & Food Zone,bakery-breakfast,bakery-breakfast,30.0,0.0,https://othoba.com/kellogs-cocopops-400gm-thailand-gulshan-grocery-food-zone-856425
2026-09-11,856426,Kellogs Frosties - 500Gm,500 g,500.0,g,988.0,1250.0,20.96,GGFZ856426,Gulshan Grocery & Food Zone,bakery-breakfast,bakery-breakfast,21.0,0.0,https://othoba.com/kellogs-frosties-500gm-gulshan-grocery-food-zone-856426
2026-09-11,856443,Lowan Whole Grain OatsRolled 1 Kg,1 kg,1.0,kg,1215.0,1500.0,19.0,GGFZ856443,Gulshan Grocery & Food Zone,bakery-breakfast,bakery-breakfast,18.0,0.0,https://othoba.com/lowan-whole-grain-oatsrolled-1-kg-gulshan-grocery-food-zone-856443
2026-09-11,856466,Saporito Balsamic Vinegar - 500ml,500 ml,500.0,ml,423.0,580.0,27.07,GGFZ856466,Gulshan Grocery & Food Zone,vinegars,vinegars,17.0,0.0,https://othoba.com/saporito-balsamic-vinegar-500ml-gulshan-grocery-food-zone-856466
2026-09-11,856471,Thai Choice Rice Vinegar-300Ml,300 ml,300.0,ml,712.0,950.0,25.05,GGFZ856471,Gulshan Grocery & Food Zone,vinegars,vinegars,42.0,0.0,https://othoba.com/thai-choice-rice-vinegar-300ml-gulshan-grocery-food-zone-856471
2026-09-11,856479,Ovaltine Naturally Delicious 300gm (50% Extra) UK,300 g,300.0,g,777.0,1050.0,26.0,GGFZ856479,Gulshan Grocery & Food Zone,bakery-breakfast,bakery-breakfast,31.0,0.0,https://othoba.com/ovaltine-naturally-delicious-300gm-50-extra-uk-gulshan-grocery-food-zone-856479
2026-09-11,856480,Pop Tarts Breakfast Toaster Pastry Frosted Strawberry 8 Pice -384 G,384 g,384.0,g,760.0,950.0,20.0,GGFZ856480,Gulshan Grocery & Food Zone,bakery-breakfast,bakery-breakfast,8.0,0.0,https://othoba.com/pop-tarts-breakfast-toaster-pastry-frosted-strawberry-8-pice-384-g-gulshan-grocery-food-zone-856480
2026-09-11,856484,Post Oreo Os Cereal-311gm U.K,311 g,311.0,g,777.0,1050.0,26.0,GGFZ856484,Gulshan Grocery & Food Zone,bakery-breakfast,bakery-breakfast,49.0,0.0,https://othoba.com/post-oreo-os-cereal-311gm-uk-gulshan-grocery-food-zone-856484
2026-09-11,856499,Quaker Instant Oatmeal - 1kg (Jar),1 kg,1.0,kg,1036.0,1400.0,26.0,GGFZ856499,Gulshan Grocery & Food Zone,bakery-breakfast,bakery-breakfast,17.0,0.0,https://othoba.com/quaker-instant-oatmeal-1kg-jar-gulshan-grocery-food-zone-856499
2026-09-11,856500,Quaker Instant Oatmeal - 800g (Refill Pack),800 g,800.0,g,567.0,700.0,19.0,GGFZ856500,Gulshan Grocery & Food Zone,bakery-breakfast,bakery-breakfast,15.0,0.0,https://othoba.com/quaker-instant-oatmeal-800g-refill-pack-gulshan-grocery-food-zone-856500
2026-09-11,856502,Quaker White Oats -500gm,500 g,500.0,g,660.0,750.0,12.0,GGFZ856502,Gulshan Grocery & Food Zone,bakery-breakfast,bakery-breakfast,42.0,0.0,https://othoba.com/quaker-white-oats-500gm-gulshan-grocery-food-zone-856502
2026-09-11,856513,Kraft Cream Cheese Spread - Original - 250gm,250 g,250.0,g,945.0,1500.0,37.0,GGFZ856513,Gulshan Grocery & Food Zone,cheese-3,cheese-3,24.0,0.0,https://othoba.com/kraft-cream-cheese-spread-original-250gm-gulshan-grocery-food-zone-856513
2026-09-11,856514,Kraft Cheddar Cream Cheese Spread 250Gm,250 g,250.0,g,945.0,1500.0,37.0,GGFZ856514,Gulshan Grocery & Food Zone,cheese-3,cheese-3,26.0,0.0,https://othoba.com/kraft-cheddar-cream-cheese-spread-250gm-gulshan-grocery-food-zone-856514
2026-09-11,856516,Kraft Cheddar Cream Cheese Spread 500 G,500 g,500.0,g,518.0,750.0,30.93,GGFZ856516,Gulshan Grocery & Food Zone,cheese-3,cheese-3,19.0,0.0,https://othoba.com/kraft-cheddar-cream-cheese-spread-500-g-gulshan-grocery-food-zone-856516
2026-09-11,856518,Kraft Cheddar Cream Cheese Spread_Original-500Gm,500 g,500.0,g,615.0,750.0,18.0,GGFZ856518,Gulshan Grocery & Food Zone,cheese-3,cheese-3,19.0,0.0,https://othoba.com/kraft-cheddar-cream-cheese-spread_original-500gm-gulshan-grocery-food-zone-856518
2026-09-11,856540,Tower Gate All Butter Shortbred Fingers-210gm(UK,210 g,210.0,g,396.0,550.0,28.0,GGFZ856540,Gulshan Grocery & Food Zone,butter-3,butter-3,26.0,0.0,https://othoba.com/tower-gate-all-butter-shortbred-fingers-210gmuk-gulshan-grocery-food-zone-856540
2026-09-11,856544,Loveache Qui Rit Cheese-8Pcs,8 pcs,8.0,pcs,245.0,350.0,30.0,GGFZ856544,Gulshan Grocery & Food Zone,cheese-3,cheese-3,33.0,0.0,https://othoba.com/loveache-qui-rit-cheese-8pcs-gulshan-grocery-food-zone-856544
2026-09-11,856561,Cavendish and Harvey Creamy Butterscotch 175gm,175 g,175.0,g,340.0,500.0,32.0,GGFZ856561,Gulshan Grocery & Food Zone,butter-3,butter-3,11.0,0.0,https://othoba.com/cavendish-and-harvey-creamy-butterscotch-175gm-gulshan-grocery-food-zone-856561
2026-09-11,856578,Weetabix Cereal - 24pcs,24 pcs,24.0,pcs,1230.0,1500.0,18.0,GGFZ856578,Gulshan Grocery & Food Zone,bakery-breakfast,bakery-breakfast,22.0,0.0,https://othoba.com/weetabix-cereal-24pcs-gulshan-grocery-food-zone-856578
2026-09-11,856581,Cowhead Low Fat Milk Powder 500Gm - Milk Powder,500 g,500.0,g,1836.0,2550.0,28.0,GGFZ856581,Gulshan Grocery & Food Zone,milk-3,milk-3,11.0,0.0,https://othoba.com/cowhead-low-fat-milk-powder-500gm-milk-powder-gulshan-grocery-food-zone-856581
2026-09-11,856602,Tesco No Added Suge Swiss Style Muesli UK-1Kg,1 kg,1.0,kg,1348.0,1550.0,13.03,GGFZ856602,Gulshan Grocery & Food Zone,bakery-breakfast,bakery-breakfast,30.0,0.0,https://othoba.com/tesco-no-added-suge-swiss-style-muesli-uk-1kg-gulshan-grocery-food-zone-856602
2026-09-11,856603,Tesco Swiss Style Muesli Wholesome Multigrains Uk-1Kg,1 kg,1.0,kg,1209.0,1550.0,22.0,GGFZ856603,Gulshan Grocery & Food Zone,bakery-breakfast,bakery-breakfast,15.0,0.0,https://othoba.com/tesco-swiss-style-muesli-wholesome-multigrains-uk-1kg-gulshan-grocery-food-zone-856603
2026-09-11,856606,Lowan Whole Grain Rolled Oats - 1Kg,1 kg,1.0,kg,977.0,1320.0,25.98,GGFZ856606,Gulshan Grocery & Food Zone,bakery-breakfast,bakery-breakfast,33.0,0.0,https://othoba.com/lowan-whole-grain-rolled-oats-1kg-gulshan-grocery-food-zone-856606
2026-09-11,856607,Apple Cider Vinegar with The Mother (Raw-Unfiltered) - 946ml,946 ml,946.0,ml,828.0,1200.0,31.0,GGFZ856607,Gulshan Grocery & Food Zone,vinegars,vinegars,44.0,0.0,https://othoba.com/apple-cider-vinegar-with-the-mother-raw-unfiltered-946ml-gulshan-grocery-food-zone-856607
2026-09-11,856608,DONGWON Cheese Topokki (Rice Cake),,,,630.0,1000.0,37.0,GGFZ856608,Gulshan Grocery & Food Zone,cheese-3,cheese-3,37.0,0.0,https://othoba.com/dongwon-cheese-topokki-rice-cake-gulshan-grocery-food-zone-856608
2026-09-11,856646,Weetabix Cereal - 24pcs,24 pcs,24.0,pcs,1230.0,1500.0,18.0,GGFZ856646,Gulshan Grocery & Food Zone,bakery-breakfast,bakery-breakfast,32.0,0.0,https://othoba.com/weetabix-cereal-24pcs-gulshan-grocery-food-zone-856646
2026-09-11,856649,Masala Oats Veggie Twist,,,,792.0,1070.0,25.98,GGFZ856649,Gulshan Grocery & Food Zone,bakery-breakfast,bakery-breakfast,8.0,0.0,https://othoba.com/masala-oats-veggie-twist-gulshan-grocery-food-zone-856649
2026-09-11,856650,Masala Oats Peppytomato-500gm,500 g,500.0,g,781.0,1070.0,27.01,GGFZ856650,Gulshan Grocery & Food Zone,bakery-breakfast,bakery-breakfast,16.0,0.0,https://othoba.com/masala-oats-peppytomato-500gm-gulshan-grocery-food-zone-856650
2026-09-11,856654,Gol Gappa Ready To Fry Fuchka - 500gm,500 g,500.0,g,104.0,200.0,48.0,GGFZ856654,Gulshan Grocery & Food Zone,dessert,dessert,38.0,0.0,https://othoba.com/gol-gappa-ready-to-fry-fuchka-500gm-gulshan-grocery-food-zone-856654
2026-09-11,856663,Gochujang Hot Pepper Paste  500gm Halal,500 g,500.0,g,989.0,1150.0,14.0,GGFZ856663,Gulshan Grocery & Food Zone,dessert,dessert,28.0,0.0,https://othoba.com/gochujang-hot-pepper-paste-500gm-halal-gulshan-grocery-food-zone-856663
2026-09-11,856669,Natural Park Rolled Oats 1kg (Canada),1 kg,1.0,kg,1036.0,1400.0,26.0,GGFZ856669,Gulshan Grocery & Food Zone,bakery-breakfast,bakery-breakfast,55.0,0.0,https://othoba.com/natural-park-rolled-oats-1kg-canada-gulshan-grocery-food-zone-856669
2026-09-11,856671,Dr Gram Organic Rolled Oats - 1Kg,1 kg,1.0,kg,1185.0,1500.0,21.0,GGFZ856671,Gulshan Grocery & Food Zone,bakery-breakfast,bakery-breakfast,10.0,0.0,https://othoba.com/dr-gram-organic-rolled-oats-1kg-gulshan-grocery-food-zone-856671
2026-09-11,856683,Thai Choice Tom Yum Paste - 110gm,110 g,110.0,g,425.0,500.0,15.0,GGFZ856683,Gulshan Grocery & Food Zone,sauces,sauces,10.0,0.0,https://othoba.com/thai-choice-tom-yum-paste-110gm-gulshan-grocery-food-zone-856683
2026-09-11,856684,Thai Choice Green Curry  Paste - 110gm,110 g,110.0,g,425.0,500.0,15.0,GGFZ856684,Gulshan Grocery & Food Zone,sauces,sauces,39.0,0.0,https://othoba.com/thai-choice-green-curry-paste-110gm-gulshan-grocery-food-zone-856684
2026-09-11,856685,Thai Choice Red  Curry  Paste - 110gm,110 g,110.0,g,425.0,500.0,15.0,GGFZ856685,Gulshan Grocery & Food Zone,sauces,sauces,53.0,0.0,https://othoba.com/thai-choice-red-curry-paste-110gm-gulshan-grocery-food-zone-856685
2026-09-11,856686,Thai Choice Yellow Curry Paste - 110gm,110 g,110.0,g,380.0,500.0,24.0,GGFZ856686,Gulshan Grocery & Food Zone,sauces,sauces,52.0,0.0,https://othoba.com/thai-choice-yellow-curry-paste-110gm-gulshan-grocery-food-zone-856686
2026-09-11,856701,Pop Tarts  Toaster Frosted Strawberry Sensation 8 Pcs -384 Gm,384 g,384.0,g,712.0,1250.0,43.04,GGFZ856701,Gulshan Grocery & Food Zone,bakery-breakfast,bakery-breakfast,29.0,0.0,https://othoba.com/pop-tarts-toaster-frosted-strawberry-sensation-8-pcs-384-gm-gulshan-grocery-food-zone-856701
2026-09-11,856707,Cassia Cinnamon Of Srilanka-1 Kg,1 kg,1.0,kg,1980.0,3000.0,34.0,GGFZ856707,Gulshan Grocery & Food Zone,spice-herb,spice-herb,52.0,0.0,https://othoba.com/cassia-cinnamon-of-srilanka-1-kg-gulshan-grocery-food-zone-856707
2026-09-11,856711,Gochujang Hot Pepper Paste-200 gm(Halal),200 g,200.0,g,610.0,1000.0,39.0,GGFZ856711,Gulshan Grocery & Food Zone,sauces,sauces,33.0,0.0,https://othoba.com/gochujang-hot-pepper-paste-200-gmhalal-gulshan-grocery-food-zone-856711
2026-09-11,856716,Nawar Trans Fat Free Butter(Margarine) - 500Gm,500 g,500.0,g,504.0,950.0,46.95,GGFZ856716,Gulshan Grocery & Food Zone,butter-3,butter-3,41.0,0.0,https://othoba.com/nawar-trans-fat-free-buttermargarine-500gm-gulshan-grocery-food-zone-856716
2026-09-11,856717,Nawar Trans Fat Free Butter - 250Gm,250 g,250.0,g,396.0,550.0,28.0,GGFZ856717,Gulshan Grocery & Food Zone,butter-3,butter-3,12.0,0.0,https://othoba.com/nawar-trans-fat-free-butter-250gm-gulshan-grocery-food-zone-856717
2026-09-11,856746,Cassia Cinnamon Srilanka -250 gm,250 g,250.0,g,610.0,1000.0,39.0,GGFZ856746,Gulshan Grocery & Food Zone,spice-herb,spice-herb,56.0,5.0,https://othoba.com/cassia-cinnamon-srilanka-250-gm-gulshan-grocery-food-zone-856746
2026-09-11,856760,Milkyway Spred 200 gm,200 g,200.0,g,900.0,1250.0,28.0,GGFZ856760,Gulshan Grocery & Food Zone,milk-3,milk-3,48.0,0.0,https://othoba.com/milkyway-spred-200-gm-gulshan-grocery-food-zone-856760
2026-09-11,856765,So Good Almond Milk -1 Litre(Australia),1 l,1.0,l,1360.0,2000.0,32.0,GGFZ856765,Gulshan Grocery & Food Zone,milk-3,milk-3,37.0,0.0,https://othoba.com/so-good-almond-milk-1-litreaustralia-gulshan-grocery-food-zone-856765
2026-09-11,856769,Nescaf Blend & Brew 3 in 1 Original 25 stick,,,,1080.0,1500.0,28.0,GGFZ856769,Gulshan Grocery & Food Zone,bakery-breakfast,bakery-breakfast,27.0,0.0,https://othoba.com/nescaf-blend-brew-3-in-1-original-25-stick-gulshan-grocery-food-zone-856769
2026-09-11,856774,Masala Oats Veggie Twist-500 gm,500 g,500.0,g,690.0,1000.0,31.0,GGFZ856774,Gulshan Grocery & Food Zone,cereal,cereal,39.0,0.0,https://othoba.com/masala-oats-veggie-twist-500-gm-gulshan-grocery-food-zone-856774
2026-09-11,856775,Masala Oats Classic-500 gm,500 g,500.0,g,690.0,1000.0,31.0,GGFZ856775,Gulshan Grocery & Food Zone,cereal,cereal,19.0,0.0,https://othoba.com/masala-oats-classic-500-gm-gulshan-grocery-food-zone-856775
2026-09-11,856776,Masala Oats Tomato-500 gm,500 g,500.0,g,690.0,1000.0,31.0,GGFZ856776,Gulshan Grocery & Food Zone,cereal,cereal,28.0,0.0,https://othoba.com/masala-oats-tomato-500-gm-gulshan-grocery-food-zone-856776
2026-09-11,856786,Nescaf Latte Cereal Milk 15 stick*25 gm,25 g,25.0,g,1110.0,1500.0,26.0,GGFZ856786,Gulshan Grocery & Food Zone,milk-3,milk-3,37.0,0.0,https://othoba.com/nescaf-latte-cereal-milk-15-stick25-gm-gulshan-grocery-food-zone-856786
2026-09-11,856787,Post Oreo Cereal-250gm,250 g,250.0,g,912.0,1200.0,24.0,GGFZ856787,Gulshan Grocery & Food Zone,bakery-breakfast,bakery-breakfast,36.0,0.0,https://othoba.com/post-oreo-cereal-250gm-gulshan-grocery-food-zone-856787
2026-09-11,856789,Kewpie Sandwich Spred(Cheesy Cheese)-310 ml,310 ml,310.0,ml,945.0,1500.0,37.0,GGFZ856789,Gulshan Grocery & Food Zone,cheese-3,cheese-3,39.0,0.0,https://othoba.com/kewpie-sandwich-spredcheesy-cheese-310-ml-gulshan-grocery-food-zone-856789
2026-09-11,856796,Tajin with Lime Seasoning 142g (USA),142 g,142.0,g,870.0,1500.0,42.0,GGFZ856796,Gulshan Grocery & Food Zone,spice-herb,spice-herb,34.0,0.0,https://othoba.com/tajin-with-lime-seasoning-142g-usa-gulshan-grocery-food-zone-856796
2026-09-11,858331,3d Chocolate Molds Silicone Chocolate Molds Custom Chocolate Silicone Mold,,,,130.0,146.0,10.96,FSHP858331,Fashionable Point,chocolate-candy,chocolate-candy,22.0,0.0,https://othoba.com/3d-chocolate-molds-silicone-chocolate-molds-custom-chocolate-silicone-mold-fashionable-point-858331
2026-09-11,858878,Special Benaroshi Box,,,,944.0,1111.0,15.03,TST858878,Mithai,sweetmeat,sweetmeat,,0.0,https://othoba.com/special-benaroshi-box-2
2026-09-11,860685,"Panasonic ER115 Nose Trimmer – Safe & Easy Nose Hair Trimmer | Wet & Dry Use, Black",,,,1750.0,2250.0,22.22,ZAEN860685,Zabir Enterprise,oil,oil,49.0,0.0,https://othoba.com/panasonic-er115-nose-trimmer-safe-easy-nose-hair-trimmer-wet-dry-use-black-zabir-enterprise-860685
2026-09-11,86110,Bisk Club Hatrick Sandwich Biscuit 16gm,16 g,16.0,g,5.0,,,DSP02346,Daily Shopping,biscuit-cookies,biscuit-cookies,,5.0,https://othoba.com/bisk-club-hatrick-sandwich-biscuit-orange-milk-cream
2026-09-11,86121,White Vinegar 300ml  pet NR,300 ml,300.0,ml,40.0,,,DSP02347,Daily Shopping,vinegars,vinegars,,5.0,https://othoba.com/white-vinegar-300ml-pet-nr
2026-09-11,86124,White Vinegar 650ml Pet NR,650 ml,650.0,ml,55.0,,,DSP02348,Daily Shopping,vinegars,vinegars,,5.0,https://othoba.com/white-vinegar-650ml-pet-nr
2026-09-11,86126,PRAN Synthetic Vinegar (White) 6 ltr,6 l,6.0,l,210.0,,,DSP02349,Daily Shopping,vinegars,vinegars,,5.0,https://othoba.com/white-vinegar-6-ltr
2026-09-11,861399,Kernel Sunflower Oil-2.585Kg Or 2.8097 Liter (Bd Navy),2.8097 l,2.8097,l,1151.0,1450.0,20.62,MIS861399,Mindblowing Shop,oil,oil,45.0,0.0,https://othoba.com/kernel-sunflower-oil-2585kg-or-28097-liter-bd-navy-mindblowing-shop-861399
2026-09-11,86146,Chashi Aromatic Chinigura Rice - 1 kg,1 kg,1.0,kg,230.0,,,DSP02350,Daily Shopping,daily-cooking,daily-cooking,,5.0,https://othoba.com/chashi-aromatic-chinigura-rice-1-kg-dsp02350
2026-09-11,86148,PRAN Banglamati 5 kg,5 kg,5.0,kg,560.0,,,DSP02352,Daily Shopping,daily-cooking,daily-cooking,,5.0,https://othoba.com/pran-banglamati-5-kg-dsp02352
2026-09-11,86149,Chashi Aromatic Chinigura Rice 2 kg,2 kg,2.0,kg,450.0,,,DSP02353,Daily Shopping,daily-cooking,daily-cooking,,5.0,https://othoba.com/chashi-aromatic-chinigura-rice-2-kg-dsp02353
2026-09-11,86150,Chashi Aromatic Chinigura Rice 5 kg,5 kg,5.0,kg,1100.0,,,DSP02354,Daily Shopping,daily-cooking,daily-cooking,,5.0,https://othoba.com/chashi-aromatic-chinigura-rice-5-kg-dsp02354
2026-09-11,86170,Goodlife Mozzarella Cheese 370 gm,370 g,370.0,g,415.0,,,DSP02358,Daily Shopping,cheese,cheese,,4.0,https://othoba.com/pran-mozzarella-cheese-370gm
2026-09-11,86195,All Time Cookie (300 gm) Jar,300 g,300.0,g,80.0,,,DSP02369,Daily Shopping,biscuit-cookies,biscuit-cookies,,5.0,https://othoba.com/all-time-cookies-300-gm-jar
2026-09-11,86198,Metro Lachcha Semai 200 gm,200 g,200.0,g,50.0,,,DSP02372,Daily Shopping,vermicellies,vermicellies,,5.0,https://othoba.com/metro-lachcha-semai-200-g
2026-09-11,86199,Mithai Soan Papri 500g,500 g,500.0,g,260.0,,,DSP02373,Daily Shopping,local-snacks,local-snacks,,5.0,https://othoba.com/mithai-soan-papri-500g
2026-09-11,86200,Mr. Noodles Magic Masala Noodles 16pcs Family Pack,16 pcs,16.0,pcs,345.0,,,DSP02374,Daily Shopping,noodles,noodles,,5.0,https://othoba.com/mr-noodles-16pcs-family-pack-magic-masala
2026-09-11,86201,Mr. Noodles Spaghetti,,,,75.0,,,DSP02375,Daily Shopping,noodles,noodles,,5.0,https://othoba.com/mr-noodles-spaghetti-5500002230
2026-09-11,86202,Orange Jelly 500gm,500 g,500.0,g,185.0,,,DSP02376,Daily Shopping,bakery-breakfast,bakery-breakfast,,5.0,https://othoba.com/orange-jelly-500g
2026-09-11,86217,Kurkure Tak Mishti Jhal Flavour 80gm,80 g,80.0,g,50.0,,,DSP02392,Daily Shopping,chips,chips,,5.0,https://othoba.com/kurkure-tak-mishti-jhal-flavour-80gm
2026-09-11,86218,Kurkure Masala Munch 80gm,80 g,80.0,g,50.0,,,DSP02393,Daily Shopping,chips,chips,,5.0,https://othoba.com/kurkure-masala-munch-80gm
2026-09-11,86223,Lays Chips A.S.C.O. 23gm,23 g,23.0,g,25.0,,,DSP02398,Daily Shopping,chips,chips,,0.0,https://othoba.com/lays-chips-asco-25gm
2026-09-11,86225,All Time Bread 300 g x 12 Pcs,12 pcs,12.0,pcs,50.0,,,DSP02400,Daily Shopping,bakery-breakfast,bakery-breakfast,,5.0,https://othoba.com/all-time-bread-350gm
2026-09-11,86227,PRAN Diabetic Jelly 500gm,500 g,500.0,g,270.0,,,DSP02401,Daily Shopping,bakery-breakfast,bakery-breakfast,,5.0,https://othoba.com/pran-diabetic-jelly-500gm
2026-09-11,86231,Goldmark 6 to 9 Vegetable Crackers 170gm,170 g,170.0,g,50.0,,,DSP02405,Daily Shopping,biscuit-cookies,biscuit-cookies,,5.0,https://othoba.com/goldmark-6-to-9-vegetable-crackers-170gm
2026-09-11,86234,Goldmark Chocolate Boom 35gm,35 g,35.0,g,20.0,,,DSP02408,Daily Shopping,biscuit-cookies,biscuit-cookies,,5.0,https://othoba.com/goldmark-chocolate-boom-35gm
2026-09-11,86235,Kurkure American Style Cream & Onion 40gm,40 g,40.0,g,25.0,,,DSP02409,Daily Shopping,chips,chips,,5.0,https://othoba.com/kurkure-american-style-cream-onion-40gm
2026-09-11,86236,Kurkure Naughty Tomato 80gm,80 g,80.0,g,50.0,,,DSP02410,Daily Shopping,chips,chips,,5.0,https://othoba.com/kurkure-spanish-tomato-tango-80gm
2026-09-11,86237,PRAN ALL Time Chessboard Cookies 80gm,80 g,80.0,g,25.0,,,DSP02411,Daily Shopping,biscuit-cookies,biscuit-cookies,,5.0,https://othoba.com/pran-all-time-chessboard-cookies-80gm
2026-09-11,863455,Cowhead Organic Baby Rolled Oats - 500gm,500 g,500.0,g,320.0,500.0,36.0,BTCC863455,Benifit Cosmetic,cereal,cereal,37.0,0.0,https://othoba.com/cowhead-organic-baby-rolled-oats-500gm-benifit-cosmetic-863455
2026-09-11,863457,Cowhead Organic Baby Rolled Oats - 500gm + 500gm,500 g,500.0,g,680.0,1000.0,32.0,BTCC863457,Benifit Cosmetic,cereal,cereal,51.0,0.0,https://othoba.com/cowhead-organic-baby-rolled-oats-500gm-500gm-benifit-cosmetic-863457
2026-09-11,863458,Health Paradise Organic Baby Oats Instant 500G,500 g,500.0,g,325.0,500.0,35.0,BTCC863458,Benifit Cosmetic,cereal,cereal,25.0,0.0,https://othoba.com/health-paradise-organic-baby-oats-instant-500g-benifit-cosmetic-863458
2026-09-11,863526,MACARONI ELBOW PASTA 400G,400 g,400.0,g,265.0,288.0,7.99,BTCC863526,Benifit Cosmetic,pasta-macaroni,pasta-macaroni,33.0,0.0,https://othoba.com/macaroni-elbow-pasta-400g-benifit-cosmetic-863526
2026-09-11,863530,Oat Chocolate Choco Oats - 400G,400 g,400.0,g,670.0,713.0,6.03,BTCC863530,Benifit Cosmetic,cereal,cereal,35.0,0.0,https://othoba.com/oat-chocolate-choco-oats-400g-benifit-cosmetic-863530
2026-09-11,863558,"Herbs, Spices & Seasoning Rosemary -500g",500 g,500.0,g,1116.0,1150.0,2.96,BTCC863558,Benifit Cosmetic,spice-herb,spice-herb,8.0,0.0,https://othoba.com/herbs-spices-seasoning-rosemary-500g-benifit-cosmetic-863558
2026-09-11,863589,"2pcs-Carnation Evaporated Milk Cooking And Bakery , 2 x 410 g, Tin",410 g,410.0,g,643.0,794.0,19.02,BTCC863589,Benifit Cosmetic,milk-3,milk-3,17.0,0.0,https://othoba.com/2pcs-carnation-evaporated-milk-cooking-and-bakery-2-x-410-g-tin-benifit-cosmetic-863589
2026-09-11,863595,Samyang Buldak Hot Chicken Flavour Ramen (140g X 5 Packs),5 pack,5.0,pack,1118.0,1242.0,9.98,BTCC863595,Benifit Cosmetic,macaroni,macaroni,17.0,0.0,https://othoba.com/samyang-buldak-hot-chicken-flavour-ramen-140g-x-5-packs-benifit-cosmetic-863595
2026-09-11,863596,I Am Organic Regular Rolled Oats 500g,500 g,500.0,g,794.0,863.0,8.0,BTCC863596,Benifit Cosmetic,cereal,cereal,25.0,0.0,https://othoba.com/i-am-organic-regular-rolled-oats-500g-benifit-cosmetic-863596
2026-09-11,863597,I Am Organic Instant Baby Oats 500g Gluten Free (Finland),500 g,500.0,g,791.0,909.0,12.98,BTCC863597,Benifit Cosmetic,cereal,cereal,55.0,0.0,https://othoba.com/i-am-organic-instant-baby-oats-500g-gluten-free-finland-benifit-cosmetic-863597
2026-09-11,863609,AMUL PURE GHEE 1L TIN,1 l,1.0,l,2938.0,3301.0,11.0,BTCC863609,Benifit Cosmetic,ghee-3,ghee-3,12.0,0.0,https://othoba.com/amul-pure-ghee-1l-tin-benifit-cosmetic-863609
2026-09-11,863626,Tabasco Red Pepper Sauce 60Ml,60 ml,60.0,ml,242.0,288.0,15.97,BTCC863626,Benifit Cosmetic,sauces,sauces,53.0,0.0,https://othoba.com/tabasco-red-pepper-sauce-60ml-benifit-cosmetic-863626
2026-09-11,863628,American Garden BBQ Sauce-510 gm,510 g,510.0,g,666.0,748.0,10.96,BTCC863628,Benifit Cosmetic,sauces,sauces,21.0,0.0,https://othoba.com/american-garden-bbq-sauce-510-gm-benifit-cosmetic-863628
2026-09-11,863637,CED ORGANIC ROLLED OATS 450gm,450 g,450.0,g,820.0,863.0,4.98,BTCC863637,Benifit Cosmetic,cereal,cereal,17.0,0.0,https://othoba.com/ced-organic-rolled-oats-450gm-benifit-cosmetic-863637
2026-09-11,863653,"White 1 KG Quaker Oats, High in Protein(INDIAN)",1 kg,1.0,kg,880.0,978.0,10.02,BTCC863653,Benifit Cosmetic,cereal,cereal,33.0,0.0,https://othoba.com/white-1-kg-quaker-oats-high-in-proteinindian-benifit-cosmetic-863653
2026-09-11,863663,Crown Peanut Butter (Chunky) 510 gm,510 g,510.0,g,882.0,909.0,2.97,BTCC863663,Benifit Cosmetic,butter-3,butter-3,9.0,0.0,https://othoba.com/crown-peanut-butter-chunky-510-gm-benifit-cosmetic-863663
2026-09-11,863664,Tabasco Pepper Sauce 60ml,60 ml,60.0,ml,253.0,288.0,12.15,BTCC863664,Benifit Cosmetic,sauces,sauces,9.0,0.0,https://othoba.com/tabasco-pepper-sauce-60ml-benifit-cosmetic-863664
2026-09-11,863665,Savoy Chocolate Chips 500 gm,500 g,500.0,g,519.0,633.0,18.01,BTCC863665,Benifit Cosmetic,chips,chips,51.0,0.0,https://othoba.com/savoy-chocolate-chips-500-gm-benifit-cosmetic-863665
2026-09-11,863686,Maggi Thai Seasoning Sauce- 200 mL,200 ml,200.0,ml,383.0,403.0,4.96,BTCC863686,Benifit Cosmetic,sauces,sauces,14.0,0.0,https://othoba.com/maggi-thai-seasoning-sauce-200-ml-benifit-cosmetic-863686
2026-09-11,863688,Lactogrow 3 Milk Powder 1.8kg from 1 to 3 years 1.8kg (Malaysia),1.8 kg,1.8,kg,6351.0,8039.0,21.0,BTCC863688,Benifit Cosmetic,milk-3,milk-3,46.0,0.0,https://othoba.com/lactogrow-3-milk-powder-18kg-from-1-to-3-years-18kg-malaysia-benifit-cosmetic-863688
2026-09-11,863702,Nan Pro 1  milk powder 800g Switzerland,800 g,800.0,g,4439.0,4773.0,7.0,BTCC863702,Benifit Cosmetic,milk-3,milk-3,49.0,0.0,https://othoba.com/nan-pro-1-milk-powder-800g-switzerland-benifit-cosmetic-863702
2026-09-11,863728,Caring Hair Treatment AHA Formula 500ml,500 ml,500.0,ml,1526.0,2277.0,32.98,BTCC863728,Benifit Cosmetic,milk-3,milk-3,17.0,0.0,https://othoba.com/caring-hair-treatment-aha-formula-500ml-benifit-cosmetic-863728
2026-09-11,863759,"Tesco Fruit & Nut or Strawberry Granola Wholegrain Oats 1Kg Pack, Made in UK",1 kg,1.0,kg,2266.0,2289.0,1.0,BTCC863759,Benifit Cosmetic,cereal,cereal,33.0,0.0,https://othoba.com/tesco-fruit-nut-or-strawberry-granola-wholegrain-oats-1kg-pack-made-in-uk-benifit-cosmetic-863759
2026-09-11,863785,Buldak Hot Chicken Flavour Ramen - Jjajang (Korean Black Bean Sauce) 140g (Pack of 5),140 g,140.0,g,870.0,978.0,11.04,BTCC863785,Benifit Cosmetic,sauces,sauces,21.0,0.0,https://othoba.com/buldak-hot-chicken-flavour-ramen-jjajang-korean-black-bean-sauce-140g-pack-of-5-benifit-cosmetic-863785
2026-09-11,863786,Food Care Whole Grain Australian Oats 1kg,1 kg,1.0,kg,786.0,794.0,1.01,BTCC863786,Benifit Cosmetic,cereal,cereal,49.0,0.0,https://othoba.com/food-care-whole-grain-australian-oats-1kg-benifit-cosmetic-863786
2026-09-11,863789,Cow & Gate 2 Follow  Milk Formula 800g(UK),800 g,800.0,g,4440.0,4485.0,1.0,BTCC863789,Benifit Cosmetic,milk-3,milk-3,32.0,0.0,https://othoba.com/cow-gate-2-follow-milk-formula-800guk-benifit-cosmetic-863789
2026-09-11,863804,Multi-Use Gochujang Hot Pepper paste-500gm(Korean ),500 g,500.0,g,1140.0,1702.0,33.02,BTCC863804,Benifit Cosmetic,sauces,sauces,18.0,0.0,https://othoba.com/multi-use-gochujang-hot-pepper-paste-500gmkorean-benifit-cosmetic-863804
2026-09-11,863811,CHRIS’s Hair Spray Fast Drying Formula-230g,230 g,230.0,g,789.0,1127.0,29.99,BTCC863811,Benifit Cosmetic,milk-3,milk-3,25.0,0.0,https://othoba.com/chriss-hair-spray-fast-drying-formula-230g-benifit-cosmetic-863811
2026-09-11,863812,"Gerber Oatmeal Banana Strawberry,227g",227 g,227.0,g,1835.0,1932.0,5.02,BTCC863812,Benifit Cosmetic,cereal,cereal,14.0,0.0,https://othoba.com/gerber-oatmeal-banana-strawberry227g-benifit-cosmetic-863812
2026-09-11,863821,REMIA Salad Cream Dressing-250ml,250 ml,250.0,ml,449.0,541.0,17.01,BTCC863821,Benifit Cosmetic,sauces,sauces,7.0,0.0,https://othoba.com/remia-salad-cream-dressing-250ml-benifit-cosmetic-863821
2026-09-11,863885,Cowhead Organic Baby Rolled Instant Oats - 500 gm,500 g,500.0,g,425.0,518.0,17.95,BTCC863885,Benifit Cosmetic,cereal,cereal,11.0,0.0,https://othoba.com/cowhead-organic-baby-rolled-instant-oats-500-gm-benifit-cosmetic-863885
2026-09-11,863904,Barchun Oyster Sauce 350ml,350 ml,350.0,ml,188.0,207.0,9.18,BTCC863904,Benifit Cosmetic,sauces,sauces,55.0,0.0,https://othoba.com/barchun-oyster-sauce-350ml-benifit-cosmetic-863904
2026-09-11,863912,"Aptamil 2 Follow On  Milk Powder Formula, 6-12 Months, 800 g uk",800 g,800.0,g,4416.0,5520.0,20.0,BTCC863912,Benifit Cosmetic,milk-3,milk-3,21.0,0.0,https://othoba.com/aptamil-2-follow-on-milk-powder-formula-6-12-months-800-g-uk-benifit-cosmetic-863912
2026-09-11,863937,COMBO Cowhead Organic Rolled Baby Oats (Instant)  2 Packets,,,,984.0,1093.0,9.97,BTCC863937,Benifit Cosmetic,cereal,cereal,38.0,0.0,https://othoba.com/combo-cowhead-organic-rolled-baby-oats-instant-2-packets-benifit-cosmetic-863937
2026-09-11,863983,INDIAN Horlicks Classic Malt 500GM,500 g,500.0,g,940.0,1093.0,14.0,BTCC863983,Benifit Cosmetic,milk-3,milk-3,25.0,0.0,https://othoba.com/indian-horlicks-classic-malt-500gm-benifit-cosmetic-863983
2026-09-11,864023,Balsamic Vinegar 500ml,500 ml,500.0,ml,675.0,794.0,14.99,BTCC864023,Benifit Cosmetic,vinegars,vinegars,44.0,0.0,https://othoba.com/balsamic-vinegar-500ml-benifit-cosmetic-864023
2026-09-11,864058,Clorox  Liquid Bleach 1L,1 l,1.0,l,402.0,437.0,8.01,BTCC864058,Benifit Cosmetic,liquid-milk,liquid-milk,11.0,0.0,https://othoba.com/clorox-liquid-bleach-1l-benifit-cosmetic-864058
2026-09-11,864136,Sada Gol Morich(White Pepper) 100gm,100 g,100.0,g,223.0,225.0,0.89,BTCC864136,Benifit Cosmetic,spice-herb,spice-herb,35.0,0.0,https://othoba.com/sada-gol-morichwhite-pepper-100gm-benifit-cosmetic-864136
2026-09-11,864148,Red Paprika Powder 100 Gm,100 g,100.0,g,153.0,219.0,30.14,BTCC864148,Benifit Cosmetic,baking-2,baking-2,17.0,0.0,https://othoba.com/red-paprika-powder-100-gm-benifit-cosmetic-864148
2026-09-11,864151,"Heinz  Cereal, Banana Oat Porridge (7m+) - 220g",220 g,220.0,g,1143.0,1242.0,7.97,BTCC864151,Benifit Cosmetic,cereal,cereal,43.0,0.0,https://othoba.com/heinz-cereal-banana-oat-porridge-7m-220g-benifit-cosmetic-864151
2026-09-11,864167,Almarai Spreadable Cream Cheese 500g(Saudi Arabia),500 g,500.0,g,1444.0,1553.0,7.02,BTCC864167,Benifit Cosmetic,cheese,cheese,18.0,0.0,https://othoba.com/almarai-spreadable-cream-cheese-500gsaudi-arabia-benifit-cosmetic-864167
2026-09-11,864168,Crown Peanut Butter Smooth & Creamy 510 gm,510 g,510.0,g,873.0,909.0,3.96,BTCC864168,Benifit Cosmetic,butter-3,butter-3,8.0,0.0,https://othoba.com/crown-peanut-butter-smooth-creamy-510-gm-benifit-cosmetic-864168
2026-09-11,864171,Healthy Breakfast Rolled Oats 800 gm,800 g,800.0,g,803.0,863.0,6.95,BTCC864171,Benifit Cosmetic,cereal,cereal,49.0,0.0,https://othoba.com/healthy-breakfast-rolled-oats-800-gm-benifit-cosmetic-864171
2026-09-11,864174,White Oats Tin- 500gm(pack of 2) (Imported),500 g,500.0,g,1187.0,1380.0,13.99,BTCC864174,Benifit Cosmetic,cereal,cereal,37.0,0.0,https://othoba.com/white-oats-tin-500gmpack-of-2-imported-benifit-cosmetic-864174
2026-09-11,864175,Shahi Meva Pan Masala (pack of 2),,,,411.0,483.0,14.91,BTCC864175,Benifit Cosmetic,spice-herb,spice-herb,34.0,0.0,https://othoba.com/shahi-meva-pan-masala-pack-of-2-benifit-cosmetic-864175
2026-09-11,864218,Gerber Baby Cereal Lil Bits Oatmeal Banana 227 gm UK,227 g,227.0,g,1811.0,1829.0,0.98,BTCC864218,Benifit Cosmetic,cereal,cereal,56.0,0.0,https://othoba.com/gerber-baby-cereal-lil-bits-oatmeal-banana-227-gm-uk-benifit-cosmetic-864218
2026-09-11,864231,Oats Bar White 400gm,400 g,400.0,g,704.0,782.0,9.97,BTCC864231,Benifit Cosmetic,cereal,cereal,54.0,0.0,https://othoba.com/oats-bar-white-400gm-benifit-cosmetic-864231
2026-09-11,864234,Captain Rolled Oats 1 kg-Malaysia,1 kg,1.0,kg,1363.0,1725.0,20.99,BTCC864234,Benifit Cosmetic,cereal,cereal,56.0,0.0,https://othoba.com/captain-rolled-oats-1-kg-malaysia-benifit-cosmetic-864234
2026-09-11,864235,Gotta Garam Masala 10g*25pcs,25 pcs,25.0,pcs,223.0,265.0,15.85,BTCC864235,Benifit Cosmetic,spice-herb,spice-herb,44.0,0.0,https://othoba.com/gotta-garam-masala-10g25pcs-benifit-cosmetic-864235
2026-09-11,864277,Almarai Triangle 16 Cheese 240g,240 g,240.0,g,751.0,863.0,12.98,BTCC864277,Benifit Cosmetic,cheese-3,cheese-3,43.0,0.0,https://othoba.com/almarai-triangle-16-cheese-240g-benifit-cosmetic-864277
2026-09-11,864282,SAF-Gold Instant Osmotolerant Yeast 500g,500 g,500.0,g,455.0,460.0,1.09,BTCC864282,Benifit Cosmetic,baking-2,baking-2,46.0,0.0,https://othoba.com/saf-gold-instant-osmotolerant-yeast-500g-benifit-cosmetic-864282
2026-09-11,864284,BRAGG Organic Apple Cider Vinegar 473ml,473 ml,473.0,ml,676.0,805.0,16.02,BTCC864284,Benifit Cosmetic,vinegars,vinegars,55.0,0.0,https://othoba.com/bragg-organic-apple-cider-vinegar-473ml-benifit-cosmetic-864284
2026-09-11,864326,Crown Peanut Butter Chunky With No Cholesterol- 510gm,510 g,510.0,g,854.0,863.0,1.04,BTCC864326,Benifit Cosmetic,butter-3,butter-3,47.0,0.0,https://othoba.com/crown-peanut-butter-chunky-with-no-cholesterol-510gm-benifit-cosmetic-864326
2026-09-11,864350,Cocoa Powder100gm.(Malaysia),100 g,100.0,g,137.0,207.0,33.82,BTCC864350,Benifit Cosmetic,baking-2,baking-2,25.0,0.0,https://othoba.com/cocoa-powder100gmmalaysia-benifit-cosmetic-864350
2026-09-11,864371,Saporito Balsamic Vinegar of Modena - Cuka balsamik saus salad -500 ml,500 ml,500.0,ml,726.0,748.0,2.94,BTCC864371,Benifit Cosmetic,vinegars,vinegars,33.0,0.0,https://othoba.com/saporito-balsamic-vinegar-of-modena-cuka-balsamik-saus-salad-500-ml-benifit-cosmetic-864371
2026-09-11,864401,Saporito Red Grape Vinegar 6% Acidity 500 ml,500 ml,500.0,ml,703.0,748.0,6.02,BTCC864401,Benifit Cosmetic,vinegars,vinegars,10.0,0.0,https://othoba.com/saporito-red-grape-vinegar-6-acidity-500-ml-benifit-cosmetic-864401
2026-09-11,864411,Uncle Barn's Bread Crumbs (White) 200 gm(pack of 2),200 g,200.0,g,189.0,230.0,17.83,BTCC864411,Benifit Cosmetic,bakery-breakfast,bakery-breakfast,55.0,0.0,https://othoba.com/uncle-barns-bread-crumbs-white-200-gmpack-of-2-benifit-cosmetic-864411
2026-09-11,864416,Organic Apple Cider Vinegar With The Mother 1 ltr,1 l,1.0,l,2163.0,2185.0,1.01,BTCC864416,Benifit Cosmetic,vinegars,vinegars,32.0,0.0,https://othoba.com/organic-apple-cider-vinegar-with-the-mother-1-ltr-benifit-cosmetic-864416
2026-09-11,864428,Organic Apple Cider Vinegar 500ml,500 ml,500.0,ml,980.0,1127.0,13.04,BTCC864428,Benifit Cosmetic,vinegars,vinegars,7.0,0.0,https://othoba.com/organic-apple-cider-vinegar-500ml-benifit-cosmetic-864428
2026-09-11,864447,Premium Oat Choco Strawberry Flavour Oats 400g,400 g,400.0,g,683.0,690.0,1.01,BTCC864447,Benifit Cosmetic,cereal,cereal,32.0,0.0,https://othoba.com/premium-oat-choco-strawberry-flavour-oats-400g-benifit-cosmetic-864447
2026-09-11,864503,Bragg Organic Raw Unfiltered Apple Cider Vinegar With The Mother- 473 ml,473 ml,473.0,ml,854.0,863.0,1.04,BTCC864503,Benifit Cosmetic,vinegars,vinegars,29.0,0.0,https://othoba.com/bragg-organic-raw-unfiltered-apple-cider-vinegar-with-the-mother-473-ml-benifit-cosmetic-864503
2026-09-11,864505,SHAN BIRYANI MEMONI MUTTON MASALA (PACK OF 2),,,,373.0,414.0,9.9,BTCC864505,Benifit Cosmetic,spice-herb,spice-herb,45.0,0.0,https://othoba.com/shan-biryani-memoni-mutton-masala-pack-of-2-benifit-cosmetic-864505
2026-09-11,864512,Savoy Milk Chocolate Bar-1kg,1 kg,1.0,kg,861.0,978.0,11.96,BTCC864512,Benifit Cosmetic,chocolate-candy,chocolate-candy,39.0,0.0,https://othoba.com/savoy-milk-chocolate-bar-1kg-benifit-cosmetic-864512
2026-09-11,864523,Aroi Thai  Lite Coconut Milk  400ml,400 ml,400.0,ml,293.0,299.0,2.01,BTCC864523,Benifit Cosmetic,liquid-milk,liquid-milk,28.0,0.0,https://othoba.com/aroi-thai-lite-coconut-milk-400ml-benifit-cosmetic-864523
2026-09-11,864557,"Young's Chicken Spread BBQ, 300 ml(Pakistan’s)",300 ml,300.0,ml,636.0,748.0,14.97,BTCC864557,Benifit Cosmetic,spreads,spreads,30.0,0.0,https://othoba.com/youngs-chicken-spread-bbq-300-mlpakistans-benifit-cosmetic-864557
2026-09-11,864558,Health Paradise Organic instant Rolled Oats 500g,500 g,500.0,g,864.0,909.0,4.95,BTCC864558,Benifit Cosmetic,cereal,cereal,41.0,0.0,https://othoba.com/health-paradise-organic-instant-rolled-oats-500g-benifit-cosmetic-864558
2026-09-11,864563,Savoy Dark Chocolate Bar -1kg,1 kg,1.0,kg,825.0,897.0,8.03,BTCC864563,Benifit Cosmetic,chocolate-candy,chocolate-candy,35.0,0.0,https://othoba.com/savoy-dark-chocolate-bar-1kg-benifit-cosmetic-864563
2026-09-11,864613,Complan Nutrition and Health Drink Royale Chocolate 500g - 500,500 g,500.0,g,800.0,920.0,13.04,BTCC864613,Benifit Cosmetic,chocolate-candy,chocolate-candy,30.0,0.0,https://othoba.com/complan-nutrition-and-health-drink-royale-chocolate-500g-500-benifit-cosmetic-864613
2026-09-11,864628,Twinfish Nuts Crisp Chocolate 500gm,500 g,500.0,g,762.0,794.0,4.03,BTCC864628,Benifit Cosmetic,chocolate-candy,chocolate-candy,54.0,0.0,https://othoba.com/twinfish-nuts-crisp-chocolate-500gm-benifit-cosmetic-864628
2026-09-11,864647,Supreme American Chef Chicken Powder 908gm (China),908 g,908.0,g,1256.0,1380.0,8.99,BTCC864647,Benifit Cosmetic,daily-cooking,daily-cooking,30.0,0.0,https://othoba.com/supreme-american-chef-chicken-powder-908gm-china-benifit-cosmetic-864647
2026-09-11,864657,Bush Orange Red Food Color Powder 100gm,100 g,100.0,g,282.0,288.0,2.08,BTCC864657,Benifit Cosmetic,food-additives,food-additives,18.0,0.0,https://othoba.com/bush-orange-red-food-color-powder-100gm-benifit-cosmetic-864657
2026-09-11,864680,Master Gourmet Whipping Cream 1 Ltr,1 l,1.0,l,973.0,1024.0,4.98,BTCC864680,Benifit Cosmetic,baking-2,baking-2,9.0,0.0,https://othoba.com/master-gourmet-whipping-cream-1-ltr-benifit-cosmetic-864680
2026-09-11,864684,Ragu Pizza Sauce 397gm,397 g,397.0,g,476.0,506.0,5.93,BTCC864684,Benifit Cosmetic,sauces,sauces,16.0,0.0,https://othoba.com/ragu-pizza-sauce-397gm-benifit-cosmetic-864684
2026-09-11,864687,Twinfish Nuts Crisp Chocolate 500 g,500 g,500.0,g,746.0,794.0,6.05,BTCC864687,Benifit Cosmetic,chocolate-candy,chocolate-candy,14.0,0.0,https://othoba.com/twinfish-nuts-crisp-chocolate-500-g-benifit-cosmetic-864687
2026-09-11,864705,"Aseel Vegetable Ghee, 1KG Dubai",1 kg,1.0,kg,1133.0,1472.0,23.03,BTCC864705,Benifit Cosmetic,ghee-butter,ghee-butter,54.0,0.0,https://othoba.com/aseel-vegetable-ghee-1kg-dubai-benifit-cosmetic-864705
2026-09-11,864707,Maggi Seasoning Sauce 680ml,680 ml,680.0,ml,462.0,650.0,28.92,BTCC864707,Benifit Cosmetic,sauces,sauces,43.0,0.0,https://othoba.com/maggi-seasoning-sauce-680ml-benifit-cosmetic-864707
2026-09-11,864740,Aseel Vegetable Ghee - 500 gm,500 g,500.0,g,791.0,920.0,14.02,BTCC864740,Benifit Cosmetic,ghee-butter,ghee-butter,42.0,0.0,https://othoba.com/aseel-vegetable-ghee-500-gm-benifit-cosmetic-864740
2026-09-11,864801,Remia Thousand Island Dressing - 250Ml,250 ml,250.0,ml,447.0,552.0,19.02,BTCC864801,Benifit Cosmetic,sauces,sauces,35.0,0.0,https://othoba.com/remia-thousand-island-dressing-250ml-benifit-cosmetic-864801
2026-09-11,864821,Pediasure Complete Vanilla Baby Milk Powder - 1 to 10 Years - 850g (Singapore) - 900,850 g,850.0,g,4451.0,5175.0,13.99,BTCC864821,Benifit Cosmetic,milk-3,milk-3,53.0,0.0,https://othoba.com/pediasure-complete-vanilla-baby-milk-powder-1-to-10-years-850g-singapore-900-benifit-cosmetic-864821
2026-09-11,864869,Figaro Pitted Black Olives 340gm,340 g,340.0,g,387.0,403.0,3.97,BTCC864869,Benifit Cosmetic,fruits-vegetable,fruits-vegetable,46.0,0.0,https://othoba.com/figaro-pitted-black-olives-340gm-benifit-cosmetic-864869
2026-09-11,864874,Cow & Gate 1 First Milk Powder 800g (UK) - 800g,800 g,800.0,g,4106.0,4830.0,14.99,BTCC864874,Benifit Cosmetic,powder-milk,powder-milk,18.0,0.0,https://othoba.com/cow-gate-1-first-milk-powder-800g-uk-800g-benifit-cosmetic-864874
2026-09-11,864925,Sgreat Spice China Grass / Agar Agar / Kanten (100 grams) - Vegan strands used for making desserts,100 g,100.0,g,780.0,886.0,11.96,BTCC864925,Benifit Cosmetic,dessert,dessert,43.0,0.0,https://othoba.com/sgreat-spice-china-grass-agar-agar-kanten-100-grams-vegan-strands-used-for-making-desserts-benifit-cosmetic-864925
2026-09-11,864930,QUAKER Oats Jar Whole 900g (Dubai),900 g,900.0,g,1405.0,1495.0,6.02,BTCC864930,Benifit Cosmetic,cereal,cereal,51.0,0.0,https://othoba.com/quaker-oats-jar-whole-900g-dubai-benifit-cosmetic-864930
2026-09-11,864934,"Anchor Fortified Full Cream Milk Powder,2.25kg",2.25 kg,2.25,kg,4549.0,4945.0,8.01,BTCC864934,Benifit Cosmetic,powder-milk,powder-milk,52.0,0.0,https://othoba.com/anchor-fortified-full-cream-milk-powder225kg-benifit-cosmetic-864934
2026-09-11,864952,Tempura Batter Mix - Mr. Hung 500g,500 g,500.0,g,435.0,518.0,16.02,BTCC864952,Benifit Cosmetic,ghee-butter,ghee-butter,44.0,0.0,https://othoba.com/tempura-batter-mix-mr-hung-500g-benifit-cosmetic-864952
2026-09-11,864969,Ovaltine Malted Milk Thailand 400gm - 400,400 g,400.0,g,1129.0,1254.0,9.97,BTCC864969,Benifit Cosmetic,powder-milk,powder-milk,49.0,0.0,https://othoba.com/ovaltine-malted-milk-thailand-400gm-400-benifit-cosmetic-864969
2026-09-11,864978,Captain Oats Instant Oatmeal 1kg-Malaysia,1 kg,1.0,kg,1368.0,1610.0,15.03,BTCC864978,Benifit Cosmetic,cereal,cereal,13.0,0.0,https://othoba.com/captain-oats-instant-oatmeal-1kg-malaysia-benifit-cosmetic-864978
2026-09-11,864988,Cowhead Instant Milk Powder – Full Cream 2.5kg(New Zealand),2.5 kg,2.5,kg,6199.0,6325.0,1.99,BTCC864988,Benifit Cosmetic,powder-milk,powder-milk,37.0,0.0,https://othoba.com/cowhead-instant-milk-powder-full-cream-25kgnew-zealand-benifit-cosmetic-864988
2026-09-11,864989,2Box Shahi Deluxe Pan Masala 2Box,,,,401.0,483.0,16.98,BTCC864989,Benifit Cosmetic,spice-herb,spice-herb,22.0,0.0,https://othoba.com/2box-shahi-deluxe-pan-masala-2box-benifit-cosmetic-864989
2026-09-11,865023,Quaker Instant Oatmeal Jar 1Kg(malaysia),1 kg,1.0,kg,1331.0,1495.0,10.97,BTCC865023,Benifit Cosmetic,cereal,cereal,21.0,0.0,https://othoba.com/quaker-instant-oatmeal-jar-1kgmalaysia-benifit-cosmetic-865023
2026-09-11,865033,Quaker Quick Cooking White Oats- 500gm,500 g,500.0,g,647.0,667.0,3.0,BTCC865033,Benifit Cosmetic,cereal,cereal,26.0,0.0,https://othoba.com/quaker-quick-cooking-white-oats-500gm-benifit-cosmetic-865033
2026-09-11,865144,Saf Instant Dry Yeast -100 Gram,100 g,100.0,g,153.0,161.0,4.97,BTCC865144,Benifit Cosmetic,bread,bread,54.0,0.0,https://othoba.com/saf-instant-dry-yeast-100-gram-benifit-cosmetic-865144
2026-09-11,86515,Treat Chocolate Sweet Heart 140gm,140 g,140.0,g,150.0,190.0,21.05,DSP02424,Daily Shopping,chocolate-candy,chocolate-candy,,5.0,https://othoba.com/treat-chocolate-sweet-heart-dsp02424
2026-09-11,86516,Treat Yummy Eclairs 400 gm,400 g,400.0,g,200.0,240.0,16.67,DSP02425,Daily Shopping,chocolate-candy,chocolate-candy,,5.0,https://othoba.com/treat-yummy-eclairs-400-gm-dsp02425
2026-09-11,865193,Heinz Apple Cider Vinegar 473ml,473 ml,473.0,ml,900.0,1000.0,10.0,BTCC865193,Benifit Cosmetic,vinegars,vinegars,52.0,0.0,https://othoba.com/heinz-apple-cider-vinegar-473ml-benifit-cosmetic-865193
2026-09-11,865231,Amul pasteurised butter 200gm,200 g,200.0,g,451.0,564.0,20.04,BTCC865231,Benifit Cosmetic,ghee-butter,ghee-butter,29.0,0.0,https://othoba.com/amul-pasteurised-butter-200gm-benifit-cosmetic-865231
2026-09-11,865235,Discovery Organic Apple Cider Vinegar With The Mother 500 ml,500 ml,500.0,ml,1026.0,1127.0,8.96,BTCC865235,Benifit Cosmetic,vinegars,vinegars,35.0,0.0,https://othoba.com/discovery-organic-apple-cider-vinegar-with-the-mother-500-ml-benifit-cosmetic-865235
2026-09-11,865270,Ferrero Rocher Chocolate 1box (16 pcs),16 pcs,16.0,pcs,1546.0,1610.0,3.98,BTCC865270,Benifit Cosmetic,chocolate-candy,chocolate-candy,30.0,0.0,https://othoba.com/ferrero-rocher-chocolate-1box-16-pcs-benifit-cosmetic-865270
2026-09-11,865272,Healthy Breakfast Quaker Rolled Oats 800gm,800 g,800.0,g,820.0,863.0,4.98,BTCC865272,Benifit Cosmetic,cereal,cereal,13.0,0.0,https://othoba.com/healthy-breakfast-quaker-rolled-oats-800gm-benifit-cosmetic-865272
2026-09-11,865274,Cerelac Rice & Chicken  250g Malaysia - 250,250 g,250.0,g,807.0,1035.0,22.03,BTCC865274,Benifit Cosmetic,cereal,cereal,30.0,0.0,https://othoba.com/cerelac-rice-chicken-250g-malaysia-250-benifit-cosmetic-865274
2026-09-11,865278,Red Grape Vinegar(Saporito) - 500ml,500 ml,500.0,ml,741.0,748.0,0.94,BTCC865278,Benifit Cosmetic,vinegars,vinegars,10.0,0.0,https://othoba.com/red-grape-vinegarsaporito-500ml-benifit-cosmetic-865278
2026-09-11,865301,Big Whole Snow Fungi Mushroom Dried Tremella for Dessert 50gm,50 g,50.0,g,638.0,679.0,6.04,BTCC865301,Benifit Cosmetic,dessert,dessert,51.0,0.0,https://othoba.com/big-whole-snow-fungi-mushroom-dried-tremella-for-dessert-50gm-benifit-cosmetic-865301
2026-09-11,865305,Traditional Durum Wheat Spaghetti- 500gm*2pcs=1000gm,1000 g,1000.0,g,460.0,529.0,13.04,BTCC865305,Benifit Cosmetic,pasta-macaroni,pasta-macaroni,51.0,0.0,https://othoba.com/traditional-durum-wheat-spaghetti-500gm2pcs1000gm-benifit-cosmetic-865305
2026-09-11,865329,Tinsels BBQ Sauce 300 ml,300 ml,300.0,ml,400.0,449.0,10.91,BTCC865329,Benifit Cosmetic,sauces,sauces,28.0,0.0,https://othoba.com/tinsels-bbq-sauce-300-ml-benifit-cosmetic-865329
2026-09-11,865341,Thai Oyster Sauce 600ml,600 ml,600.0,ml,673.0,782.0,13.94,BTCC865341,Benifit Cosmetic,sauces,sauces,28.0,0.0,https://othoba.com/thai-oyster-sauce-600ml-benifit-cosmetic-865341
2026-09-11,865342,Nongshim Vegetarian Shin Ramyun Instant Noodles 120 grams*5Pack (Pack of 5),5 pack,5.0,pack,1116.0,1127.0,0.98,BTCC865342,Benifit Cosmetic,macaroni,macaroni,47.0,0.0,https://othoba.com/nongshim-vegetarian-shin-ramyun-instant-noodles-120-grams5pack-pack-of-5-benifit-cosmetic-865342
2026-09-11,865347,Burmese Sweet Pepper Box 450g,450 g,450.0,g,754.0,909.0,17.05,BTCC865347,Benifit Cosmetic,sweetmeat,sweetmeat,25.0,0.0,https://othoba.com/burmese-sweet-pepper-box-450g-benifit-cosmetic-865347
2026-09-11,865348,Rimia Garlic Salad Dressing Sauce 250ml,250 ml,250.0,ml,424.0,437.0,2.97,BTCC865348,Benifit Cosmetic,sauces,sauces,55.0,0.0,https://othoba.com/rimia-garlic-salad-dressing-sauce-250ml-benifit-cosmetic-865348
2026-09-11,865353,Classic Yellow Mustard Sauce 2.98Kg,2.98 kg,2.98,kg,2781.0,2990.0,6.99,BTCC865353,Benifit Cosmetic,sauces,sauces,51.0,0.0,https://othoba.com/classic-yellow-mustard-sauce-298kg-benifit-cosmetic-865353
2026-09-11,865354,Savory Molasses Brown Sugar 450(±)4gm Thailand,4 g,4.0,g,399.0,403.0,0.99,BTCC865354,Benifit Cosmetic,salt-sugar,salt-sugar,14.0,0.0,https://othoba.com/savory-molasses-brown-sugar-4504gm-thailand-benifit-cosmetic-865354
2026-09-11,865357,Our Dreams Yeast Powder 25gm,25 g,25.0,g,87.0,115.0,24.35,BTCC865357,Benifit Cosmetic,baking-2,baking-2,25.0,0.0,https://othoba.com/our-dreams-yeast-powder-25gm-benifit-cosmetic-865357
2026-09-11,865363,Spicy 3x  Noodles 140gm,140 g,140.0,g,203.0,236.0,13.98,BTCC865363,Benifit Cosmetic,noodles,noodles,21.0,0.0,https://othoba.com/spicy-3x-noodles-140gm-benifit-cosmetic-865363
2026-09-11,865366,Teo Tak Seng Silver Pomfret Fish Sauce 750ml,750 ml,750.0,ml,317.0,334.0,5.09,BTCC865366,Benifit Cosmetic,sauces,sauces,48.0,0.0,https://othoba.com/teo-tak-seng-silver-pomfret-fish-sauce-750ml-benifit-cosmetic-865366
2026-09-11,865371,Durum Wheat Pasta (Shell) 500gm,500 g,500.0,g,252.0,265.0,4.91,BTCC865371,Benifit Cosmetic,pasta-macaroni,pasta-macaroni,38.0,0.0,https://othoba.com/durum-wheat-pasta-shell-500gm-benifit-cosmetic-865371
2026-09-11,865377,Healthy Breakfast Quaker Oats 400gm,400 g,400.0,g,433.0,437.0,0.92,BTCC865377,Benifit Cosmetic,cereal,cereal,31.0,0.0,https://othoba.com/healthy-breakfast-quaker-oats-400gm-benifit-cosmetic-865377
2026-09-11,865407,Toren Classic Chocolate Combo Offer 6pic,,,,1194.0,1357.0,12.01,BTCC865407,Benifit Cosmetic,chocolate-candy,chocolate-candy,49.0,0.0,https://othoba.com/toren-classic-chocolate-combo-offer-6pic-benifit-cosmetic-865407
2026-09-11,865416,Vanilla Flavouring Essence 28ml,28 ml,28.0,ml,106.0,115.0,7.83,BTCC865416,Benifit Cosmetic,food-additives,food-additives,26.0,0.0,https://othoba.com/vanilla-flavouring-essence-28ml-benifit-cosmetic-865416
2026-09-11,865444,Coconut Powder -1kg,1 kg,1.0,kg,636.0,748.0,14.97,BTCC865444,Benifit Cosmetic,baking-2,baking-2,49.0,0.0,https://othoba.com/coconut-powder-1kg-benifit-cosmetic-865444
2026-09-11,865471,চাঙ্কি টমেটো এবং পেঁয়াজ পাস্তা সস সহ  ভাজা রসুন 500 গ্রাম,,,,703.0,748.0,6.02,BTCC865471,Benifit Cosmetic,sauces,sauces,10.0,0.0,https://othoba.com/%E0%A6%9A%E0%A6%99%E0%A6%95-%E0%A6%9F%E0%A6%AE%E0%A6%9F-%E0%A6%8F%E0%A6%AC-%E0%A6%AA%E0%A6%AF%E0%A6%9C-%E0%A6%AA%E0%A6%B8%E0%A6%A4-%E0%A6%B8%E0%A6%B8-%E0%A6%B8%E0%A6%B9-%E0%A6%AD%E0%A6%9C-%E0%A6%B0%E0%A6%B8%E0%A6%A8-500-%E0%A6%97%E0%A6%B0%E0%A6%AE-benifit-cosmetic-865471
2026-09-11,865499,Hoisin Sauce-240gm,240 g,240.0,g,733.0,748.0,2.01,BTCC865499,Benifit Cosmetic,sauces,sauces,24.0,0.0,https://othoba.com/hoisin-sauce-240gm-benifit-cosmetic-865499
2026-09-11,865504,Nongshim Ramyun Korean Style Spicy Noodle Soup Instant Noodles (Pack of 5),,,,1128.0,1139.0,0.97,BTCC865504,Benifit Cosmetic,noodles,noodles,51.0,0.0,https://othoba.com/nongshim-ramyun-korean-style-spicy-noodle-soup-instant-noodles-pack-of-5-benifit-cosmetic-865504
2026-09-11,865506,Chunky Chat Masala-100gm indian,100 g,100.0,g,170.0,207.0,17.87,BTCC865506,Benifit Cosmetic,spice-herb,spice-herb,31.0,0.0,https://othoba.com/chunky-chat-masala-100gm-indian-benifit-cosmetic-865506
2026-09-11,865519,Honey & Wheat Toddler Cereal with Milk 400gm(Imported From UK),400 g,400.0,g,1571.0,1587.0,1.01,BTCC865519,Benifit Cosmetic,milk-3,milk-3,20.0,0.0,https://othoba.com/honey-wheat-toddler-cereal-with-milk-400gmimported-from-uk-benifit-cosmetic-865519
2026-09-11,865533,Cupboard Processed Cream Cheese-200 G,200 g,200.0,g,682.0,863.0,20.97,BTCC865533,Benifit Cosmetic,cheese-3,cheese-3,48.0,0.0,https://othoba.com/cupboard-processed-cream-cheese-200-g-benifit-cosmetic-865533
2026-09-11,865562,Ragu Pizza Sauce 396 Gm,396 g,396.0,g,481.0,529.0,9.07,BTCC865562,Benifit Cosmetic,sauces,sauces,28.0,0.0,https://othoba.com/ragu-pizza-sauce-396-gm-benifit-cosmetic-865562
2026-09-11,865565,Cowhead Baby Rolled Oats 500 Gm canada,500 g,500.0,g,794.0,863.0,8.0,BTCC865565,Benifit Cosmetic,cereal,cereal,23.0,0.0,https://othoba.com/cowhead-baby-rolled-oats-500-gm-canada-benifit-cosmetic-865565
2026-09-11,865599,"Oats, Rolled Oats, High in Protein and Fibre, Low in Sodium, 900 gm(india)",900 g,900.0,g,860.0,1024.0,16.02,BTCC865599,Benifit Cosmetic,cereal,cereal,48.0,0.0,https://othoba.com/oats-rolled-oats-high-in-protein-and-fibre-low-in-sodium-900-gmindia-benifit-cosmetic-865599
2026-09-11,865619,Ceylon Naturals Organic Coconut Vinegar -250ml,250 ml,250.0,ml,765.0,805.0,4.97,BTCC865619,Benifit Cosmetic,vinegars,vinegars,23.0,0.0,https://othoba.com/ceylon-naturals-organic-coconut-vinegar-250ml-benifit-cosmetic-865619
2026-09-11,869105,La Vache Qui Rit (The Laughing Cow) Spreadable Cheese 16 Portions 224G,224 g,224.0,g,600.0,,,BSB869105,BestinBrands,cheese-3,cheese-3,14.0,0.0,https://othoba.com/la-vache-qui-rit-the-laughing-cow-spreadable-cheese-16-portions-224g-bestinbrands-869105
2026-09-11,869106,La Vache Qui Rit (The Laughing Cow) Spreadable Cheese 24 Portions 336G,336 g,336.0,g,950.0,,,BSB869106,BestinBrands,cheese-3,cheese-3,36.0,0.0,https://othoba.com/la-vache-qui-rit-the-laughing-cow-spreadable-cheese-24-portions-336g-bestinbrands-869106
2026-09-11,869107,La Vache Qui Rit (The Laughing Cow) Spreadable Cheese 8 Portions 112G,112 g,112.0,g,310.0,,,BSB869107,BestinBrands,cheese-3,cheese-3,28.0,0.0,https://othoba.com/la-vache-qui-rit-the-laughing-cow-spreadable-cheese-8-portions-112g-bestinbrands-869107
2026-09-11,869694,Cowhead Organic Rolled Oats Baby Oats Instant 500g,500 g,500.0,g,451.0,750.0,39.87,MRYM869694,Moriyam Enterprise,cereal,cereal,53.0,0.0,https://othoba.com/cowhead-organic-rolled-oats-baby-oats-instant-500g-moriyam-enterprise-869694
2026-09-11,869810,Health Paradise Organic Instant Baby Oats 500g,500 g,500.0,g,451.0,750.0,39.87,MRYM869810,Moriyam Enterprise,cereal,cereal,56.0,0.0,https://othoba.com/health-paradise-organic-instant-baby-oats-500g-moriyam-enterprise-869810
2026-09-11,869811,Health Paradise Organic Instant Baby Oats 500g,500 g,500.0,g,451.0,750.0,39.87,MRYM869811,Moriyam Enterprise,cereal,cereal,48.0,0.0,https://othoba.com/health-paradise-organic-instant-baby-oats-500g-moriyam-enterprise-869811
2026-09-11,871313,Diploma Instant Full Cream Milk Powder - 1Kg,1 kg,1.0,kg,907.0,950.0,4.53,NZD871313,New Zealand Dairy,milk-3,milk-3,400.0,0.0,https://othoba.com/diploma-instant-full-cream-milk-powder-1kg-new-zealand-dairy-871313
2026-09-11,871314,Diploma Instant Full Cream Milk Powder - 500gm,500 g,500.0,g,458.0,480.0,4.58,NZD871314,New Zealand Dairy,milk-3,milk-3,236.0,0.0,https://othoba.com/diploma-instant-full-cream-milk-powder-500gm-new-zealand-dairy-871314
2026-09-11,871316,Diploma Instant Full Cream Milk Powder - 200gm,200 g,200.0,g,196.0,205.0,4.39,NZD871316,New Zealand Dairy,milk-3,milk-3,251.0,0.0,https://othoba.com/diploma-instant-full-cream-milk-powder-200gm-new-zealand-dairy-871316
2026-09-11,871317,Red Cow Butter Oil 500gm,500 g,500.0,g,949.0,1010.0,6.04,NZD871317,New Zealand Dairy,butter-3,butter-3,22.0,0.0,https://othoba.com/red-cow-butter-oil-500gm-new-zealand-dairy-871317
2026-09-11,871319,Red Cow Butter Oil 200gm,200 g,200.0,g,390.0,415.0,6.02,NZD871319,New Zealand Dairy,butter-3,butter-3,17.0,0.0,https://othoba.com/red-cow-butter-oil-200gm-new-zealand-dairy-871319
2026-09-11,87517,PRAN Bisk Club FruitFun Chocolate Flav Biscuit 50g,50 g,50.0,g,10.0,,,DSP02453,Daily Shopping,biscuit-cookies,biscuit-cookies,,5.0,https://othoba.com/fruit-fun-chocolate-biscuit
2026-09-11,87518,Gulsha Fish 1 kg,1 kg,1.0,kg,749.0,939.0,20.23,DSP02454,Daily Shopping,meat-fish,meat-fish,,5.0,https://othoba.com/gulsha-fish-1-kg
2026-09-11,875733,Vegetarian Soya Chunks Soya Bori Soybery - 250Gm,250 g,250.0,g,100.0,118.0,15.25,LARU875733,Labiba Ruti Maker,daily-cooking,daily-cooking,8.0,0.0,https://othoba.com/vegetarian-soya-chunks-soya-bori-soybery-250gm-labiba-ruti-maker-875733
2026-09-11,88107,Jhatpot Lal Atta Roti(12 Pcs) 480 Gm,480 g,480.0,g,115.0,,,DSP02459,Daily Shopping,breakfast-products,breakfast-products,,3.5,https://othoba.com/jhatpot-lal-atta-roti12-pcs-480-gm
2026-09-11,881121,Fresh Fortified Soyebean Oil - 5ltr 4 Pcs Bundle,4 pcs,4.0,pcs,3960.0,4000.0,1.0,MGIN881121,Meghna Group of Industries,oil,oil,,4.5,https://othoba.com/fresh-fortified-soyebean-oil-5ltr-4-pcs-bundle
2026-09-11,881124,Fresh Rice Bran Oil - 5ltr 4 Pcs Bundle,4 pcs,4.0,pcs,3982.0,4620.0,13.81,MGIN881124,Meghna Group of Industries,oil,oil,,4.5,https://othoba.com/fresh-rice-bran-oil-5ltr-4-pcs-bundle
2026-09-11,88129,Buffalo Meat Standard Boneless (Imported) Frozen  3kg,3 kg,3.0,kg,1494.0,,,DSP02460,Daily Shopping,meat-fish,meat-fish,,5.0,https://othoba.com/buffalo-meat-standard-boneless-imported-3kg
2026-09-11,88130,Buffalo Meat Standard Boneless (Imported) Frozen  6kg,6 kg,6.0,kg,2988.0,,,DSP02461,Daily Shopping,meat-fish,meat-fish,,5.0,https://othoba.com/buffalo-meat-standard-boneless-imported-6kg
2026-09-11,88131,Mackerel Fish 1kg,1 kg,1.0,kg,460.0,,,DSP02462,Daily Shopping,meat-fish,meat-fish,,5.0,https://othoba.com/mackerel-fish-1kg
2026-09-11,88185,Papar 100gm,100 g,100.0,g,45.0,,,DSP02467,Daily Shopping,local-snacks,local-snacks,,5.0,https://othoba.com/papar-100gm
2026-09-11,88186,Chocolord Bar-31gm,31 g,31.0,g,25.0,,,DSP02468,Daily Shopping,chocolate-candy,chocolate-candy,,0.0,https://othoba.com/chocolord-bar-31gm
2026-09-11,88187,Chocolord Bar-55gm,55 g,55.0,g,40.0,,,DSP02469,Daily Shopping,chocolate-candy,chocolate-candy,,0.0,https://othoba.com/chocolord-bar-55gm
2026-09-11,88188,Chocolord Double Twist 30 pcs Gift Box,30 pcs,30.0,pcs,350.0,,,DSP02470,Daily Shopping,chocolate-candy,chocolate-candy,,5.0,https://othoba.com/chocolord-double-twist-30-pcs-gift-box
2026-09-11,88189,Naples Spread Chocolate 300 gm Jar,300 g,300.0,g,350.0,,,DSP02471,Daily Shopping,bakery-breakfast,bakery-breakfast,,3.7,https://othoba.com/naples-spread-chocolate-300-gm-jar
2026-09-11,88190,Sesame Bar Star 20 gm,20 g,20.0,g,10.0,,,DSP02472,Daily Shopping,chocolate-candy,chocolate-candy,,0.0,https://othoba.com/sesame-bar-star-20-gm
2026-09-11,882307,Fresh Fortified Soyebean Oil  - 5ltr,5 l,5.0,l,955.0,975.0,2.05,MGIR882307,Meghna Group of Industries Rajshahi,daily-cooking,daily-cooking,,0.0,https://othoba.com/fresh-fortified-soyebean-oil-5ltr-2
2026-09-11,883759,"Silicone Chocolate Mold Bar Tray 10 Cavities, Non-Stick, Food-Grade, Reusable Mould for Homemade Candy, Protein Bars & Snacks -Chocolate",,,,220.0,450.0,51.11,RSBW883759,RS Baking World,chocolate-candy,chocolate-candy,56.0,0.0,https://othoba.com/silicone-chocolate-mold-bar-tray-10-cavities-non-stick-food-grade-reusable-mould-for-homemade-candy-protein-bars-snacks-chocolate-rs-baking-world-883759
2026-09-11,883852,Millet Rice / Kaun Chal -1Kg,1 kg,1.0,kg,256.0,320.0,20.0,AMOS883852,Amanot Online Store,rice-biryani,rice-biryani,12.0,0.0,https://othoba.com/millet-rice-kaun-chal-1kg-amanot-online-store-883852
2026-09-11,883866,Ready to fry Rice Chips-1kg,1 kg,1.0,kg,158.0,170.0,7.06,AMOS883866,Amanot Online Store,chips,chips,48.0,0.0,https://othoba.com/ready-to-fry-rice-chips-1kg-amanot-online-store-883866
2026-09-11,884183,PURE GAWA GHEE - 100 GM,100 g,100.0,g,157.0,160.0,1.88,AMOS884183,Amanot Online Store,ghee-3,ghee-3,45.0,0.0,https://othoba.com/pure-gawa-ghee-100-gm-amanot-online-store-884183
2026-09-11,884187,Red Breadcrumbs 1kg,1 kg,1.0,kg,218.0,320.0,31.87,AMOS884187,Amanot Online Store,bread,bread,23.0,0.0,https://othoba.com/red-breadcrumbs-1kg-amanot-online-store-884187
2026-09-11,884188,Red Breadcrumbs 500gm,500 g,500.0,g,128.0,180.0,28.89,AMOS884188,Amanot Online Store,bread,bread,48.0,0.0,https://othoba.com/red-breadcrumbs-500gm-amanot-online-store-884188
2026-09-11,884189,White Bread Crumbs - 500Gm,500 g,500.0,g,128.0,180.0,28.89,AMOS884189,Amanot Online Store,bread,bread,55.0,0.0,https://othoba.com/white-bread-crumbs-500gm-amanot-online-store-884189
2026-09-11,884190,White Bread Crumbs-1Kg,1 kg,1.0,kg,218.0,320.0,31.87,AMOS884190,Amanot Online Store,bread,bread,36.0,0.0,https://othoba.com/white-bread-crumbs-1kg-amanot-online-store-884190
2026-09-11,884212,Pasta Homemade (Crew)-1 kg,1 kg,1.0,kg,144.0,160.0,10.0,AMOS884212,Amanot Online Store,pasta-macaroni,pasta-macaroni,42.0,0.0,https://othoba.com/pasta-homemade-crew-1-kg-amanot-online-store-884212
2026-09-11,885492,Fresh Refind Sugar - 1kg,1 kg,1.0,kg,110.0,,,MGIR885492,Meghna Group of Industries Rajshahi,daily-cooking,daily-cooking,,5.0,https://othoba.com/fresh-refind-sugar-1kg-2
2026-09-11,887193,Happy Cow Instant Milk Powder – 500g,500 g,500.0,g,371.0,395.0,6.08,NZD887193,New Zealand Dairy,milk-3,milk-3,11.0,0.0,https://othoba.com/happy-cow-instant-milk-powder-500g
2026-09-11,887194,Happy Cow Instant Milk Powder – 200g,200 g,200.0,g,165.0,175.0,5.71,NZD887194,New Zealand Dairy,milk-3,milk-3,53.0,0.0,https://othoba.com/happy-cow-instant-milk-powder-200g
2026-09-11,88957,PRAN Bisk Club Cookies Kheer Flavor 230gm,230 g,230.0,g,70.0,,,DSP02476,Daily Shopping,biscuit-cookies,biscuit-cookies,,4.0,https://othoba.com/bisk-club-kheer-cookies-family-pack
2026-09-11,88958,PRAN Bisk Club Cookies Butter Flavor 230gm,230 g,230.0,g,70.0,,,DSP02477,Daily Shopping,biscuit-cookies,biscuit-cookies,,5.0,https://othoba.com/bisk-club-butter-cookies-family-pack
2026-09-11,88959,All Time Rice Crackers,,,,35.0,,,DSP02478,Daily Shopping,biscuit-cookies,biscuit-cookies,,0.0,https://othoba.com/all-time-rice-crackers
2026-09-11,89111,Qurbani Special Bundle Offer,,,,1035.0,,,DSP02479,Daily Shopping,spice-herb,spice-herb,,5.0,https://othoba.com/daily-shopping-combo-offer
2026-09-11,891338,Customize Food Pack,,,,7664.0,,,FRB891338,Fry Bucket,bakery-snacks,bakery-snacks,,0.0,https://othoba.com/customize-food-pack
2026-09-11,89457,Danish Condensed Milk397gm,397 g,397.0,g,105.0,,,DSP02480,Daily Shopping,milk-3,milk-3,,2.5,https://othoba.com/danish-condensed-milk-397gm
2026-09-11,89458,Danish FC Milk Powder 400gm BIB,400 g,400.0,g,325.0,,,DSP02481,Daily Shopping,milk-3,milk-3,,5.0,https://othoba.com/danish-fc-milk-powder-400gm-bib
2026-09-11,89459,Danish FC Milk Powder 500gm,500 g,500.0,g,425.0,,,DSP02482,Daily Shopping,milk-3,milk-3,,5.0,https://othoba.com/danish-fc-milk-powder-500gm
2026-09-11,89460,Danish Premium Ghee 200gm,200 g,200.0,g,275.0,,,DSP02483,Daily Shopping,butter-3,butter-3,,5.0,https://othoba.com/danish-premium-ghee-200gm
2026-09-11,89461,Danish Premium Ghee 400gm,400 g,400.0,g,525.0,,,DSP02484,Daily Shopping,butter-3,butter-3,,5.0,https://othoba.com/danish-premium-ghee-400gm
2026-09-11,89462,Danish Glucose Biscuit40 gm,40 g,40.0,g,7.0,,,DSP02485,Daily Shopping,biscuit-cookies,biscuit-cookies,,5.0,https://othoba.com/danish-glucose-biscuit40-gm
2026-09-11,89463,Danish Nutri Rich 70gm,70 g,70.0,g,25.0,,,DSP02486,Daily Shopping,biscuit-cookies,biscuit-cookies,,5.0,https://othoba.com/danish-nutri-rich-70gm-5500000375
2026-09-11,89464,Danish Doreo Biscuit 250gm,250 g,250.0,g,120.0,,,DSP02487,Daily Shopping,biscuit-cookies,biscuit-cookies,,0.0,https://othoba.com/danish-doreo-biscuit-300-gm-dsp02487
2026-09-11,89465,Danish Doreo Mini Biscuit 27gm,27 g,27.0,g,15.0,,,DSP02488,Daily Shopping,biscuit-cookies,biscuit-cookies,,5.0,https://othoba.com/danish-doreo-mini-biscuit-35-gm
2026-09-11,89466,Danish Florida orange Biscuits 165gm,165 g,165.0,g,50.0,,,DSP02489,Daily Shopping,biscuit-cookies,biscuit-cookies,,5.0,https://othoba.com/danish-florida-orange-165mg
2026-09-11,89467,Danish Lexus Tin 700gm,700 g,700.0,g,320.0,,,DSP02490,Daily Shopping,biscuit-cookies,biscuit-cookies,,5.0,https://othoba.com/danish-lexus-tin-700gm
2026-09-11,89468,Danish Top Nut 80gm,80 g,80.0,g,15.0,,,DSP02491,Daily Shopping,biscuit-cookies,biscuit-cookies,,5.0,https://othoba.com/danish-top-nut-70gm
2026-09-11,89469,Danish LEXUS Biscuits 65gm,65 g,65.0,g,20.0,,,DSP02492,Daily Shopping,biscuit-cookies,biscuit-cookies,,5.0,https://othoba.com/danish-lexus-biscuits-65gm-dsp02492
2026-09-11,89470,Danish Toast 250gm,250 g,250.0,g,60.0,,,DSP02493,Daily Shopping,biscuit-cookies,biscuit-cookies,,5.0,https://othoba.com/danish-toast-350gm-5500000849
2026-09-11,89471,Danish Sweet Toast Biscuits 300gm,300 g,300.0,g,65.0,,,DSP02494,Daily Shopping,biscuit-cookies,biscuit-cookies,,5.0,https://othoba.com/danish-sweet-toast-buscuits-350gm-dsp02494
2026-09-11,89472,Danish Nutri Rich Malai Cookies 320gm,320 g,320.0,g,60.0,,,DSP02495,Daily Shopping,biscuit-cookies,biscuit-cookies,,5.0,https://othoba.com/danish-nutri-rich-malai-cookies-320gm-dsp02495
2026-09-11,89473,Danish Top Nut Peanut Biscuits 250gm,250 g,250.0,g,60.0,,,DSP02496,Daily Shopping,biscuit-cookies,biscuit-cookies,,5.0,https://othoba.com/danish-top-nut-peanut-biscuits-240gm-5500001597
2026-09-11,89474,Danish Florida Orange Biscuit 50gm,50 g,50.0,g,15.0,,,DSP02497,Daily Shopping,biscuit-cookies,biscuit-cookies,,5.0,https://othoba.com/danish-florida-orange-biscuit-70gm-5500002029
2026-09-11,89475,Danish Pineapple Sandwich Biscuit 63gm,63 g,63.0,g,15.0,,,DSP02498,Daily Shopping,biscuit-cookies,biscuit-cookies,,5.0,https://othoba.com/danish-pineapple-sandwich-biscuit-63gm
2026-09-11,89476,Danish Kheer Cookies 320 gm ±5gm,5 g,5.0,g,60.0,,,DSP02499,Daily Shopping,biscuit-cookies,biscuit-cookies,,0.0,https://othoba.com/danish-kheer-cookies-320-gm-5gm
2026-09-11,89477,Nutri Rich Diabetic Biscuits 210gm,210 g,210.0,g,80.0,,,DSP02500,Daily Shopping,biscuit-cookies,biscuit-cookies,,5.0,https://othoba.com/nutri-rich-diabetic-biscuits-210gm-dsp02500
2026-09-11,89478,Danish Festival Assorted Biscuit 750gm,750 g,750.0,g,330.0,,,DSP02501,Daily Shopping,biscuit-cookies,biscuit-cookies,,0.0,https://othoba.com/danish-festival-assorted-biscuit-750gm
2026-09-11,89479,Danish Milk Marie Biscuit 285gm,285 g,285.0,g,70.0,,,DSP02502,Daily Shopping,biscuit-cookies,biscuit-cookies,,5.0,https://othoba.com/danish-milk-marie-biscuit-285gm-dsp02502
2026-09-11,89897,Mithai Sour Curd,,,,108.0,120.0,10.0,TST00216,Mithai,sweetmeat,sweetmeat,,5.0,https://othoba.com/mithai-sour-curd-500gm
2026-09-11,89980,Treat Milky Bar,,,,10.0,,,DSP02508,Daily Shopping,chocolate-candy,chocolate-candy,,5.0,https://othoba.com/treat-milky-bar
2026-09-11,89982,Sixers 10gm pc,10 g,10.0,g,10.0,,,DSP02509,Daily Shopping,chocolate-candy,chocolate-candy,,5.0,https://othoba.com/sixers-15gm-pc
2026-09-11,89984,Babylon 15gm - 1 pcs,1 pcs,1.0,pcs,10.0,,,DSP02510,Daily Shopping,chocolate-candy,chocolate-candy,,4.3,https://othoba.com/babylon-15gmx1pcs
2026-09-11,89986,PRAN Treat Chocolate Super Moon 280gm,280 g,280.0,g,300.0,,,DSP02511,Daily Shopping,chocolate-candy,chocolate-candy,,5.0,https://othoba.com/pran-treat-chocolate-super-moon-280gm
2026-09-11,900315,Harvey Fresh Full Cream Milk - 1 Litre,1 l,1.0,l,397.0,410.0,3.17,HAF900315,HARVEY FRESH,milk-3,milk-3,25.0,0.0,https://othoba.com/harvey-fresh-full-cream-milk-1-litre-harvey-fresh-900315
2026-09-11,900316,Harvey Fresh Lactose-Free Skim Milk -1 Litre,1 l,1.0,l,455.0,470.0,3.19,HAF900316,HARVEY FRESH,milk-3,milk-3,35.0,0.0,https://othoba.com/harvey-fresh-lactose-free-skim-milk-1-litre-harvey-fresh-900316
2026-09-11,900317,Harvey Fresh Lactose-Free Full Cream - 1 Litre,1 l,1.0,l,455.0,470.0,3.19,HAF900317,HARVEY FRESH,milk-3,milk-3,18.0,0.0,https://othoba.com/harvey-fresh-lactose-free-full-cream-1-litre-harvey-fresh-900317
2026-09-11,900318,Harvey Fresh Low Fat Milk - 1 Litre,1 l,1.0,l,411.0,425.0,3.29,HAF900318,HARVEY FRESH,milk-3,milk-3,14.0,0.0,https://othoba.com/harvey-fresh-low-fat-milk-1-litre-harvey-fresh-900318
2026-09-11,900322,Diploma Instant Full Cream Milk Powder - 500gm 3 Pcs Combo,3 pcs,3.0,pcs,1440.0,,,NZD900322,New Zealand Dairy,milk-3,milk-3,135.0,0.0,https://othoba.com/diploma-instant-full-cream-milk-powder-500gm-3-pcs-combo
2026-09-11,90328,CBL Munchee Vanilla Wafer Biscuits 100gm,100 g,100.0,g,90.0,,,DSP02512,Daily Shopping,biscuit-cookies,biscuit-cookies,,5.0,https://othoba.com/cbl-munchee-vanilla-wafer-biscuits-100gm
2026-09-11,90331,CBL Munchee Chocolate Wafer Biscuits 50gm,50 g,50.0,g,50.0,,,DSP02515,Daily Shopping,biscuit-cookies,biscuit-cookies,,5.0,https://othoba.com/cbl-munchee-chocolate-wafer-biscuits-50gm
2026-09-11,90346,CBL Munchee Nice Biscuits 94gm,94 g,94.0,g,60.0,,,DSP02529,Daily Shopping,biscuit-cookies,biscuit-cookies,,5.0,https://othoba.com/cbl-munchee-nice-biscuits-94gm
2026-09-11,90347,Kelloggs Corn Flakes 100gm,100 g,100.0,g,170.0,,,DSP02530,Daily Shopping,bakery-breakfast,bakery-breakfast,,0.0,https://othoba.com/kelloggs-corn-flakes-100gm
2026-09-11,90351,Pringles Combo (B2 G1 Free),,,,450.0,,,DSP02534,Daily Shopping,chips,chips,,0.0,https://othoba.com/pringles-combo-b2-g1-free
2026-09-11,90356,CBL Munchee Vanilla Wafer Biscuits 50gm,50 g,50.0,g,50.0,,,DSP02539,Daily Shopping,biscuit-cookies,biscuit-cookies,,5.0,https://othoba.com/cbl-munchee-vanilla-wafer-biscuits-50gm
2026-09-11,90817,PRAN Thai Chicken Chips 15gm,15 g,15.0,g,15.0,,,DSP02545,Daily Shopping,chips,chips,,5.0,https://othoba.com/pran-thai-chicken-chips-15gm
2026-09-11,90818,PRAN Thai Shrimp Chips 15gm,15 g,15.0,g,15.0,,,DSP02546,Daily Shopping,chips,chips,,4.5,https://othoba.com/pran-thai-shrimp-chips-15gm
2026-09-11,908391,"Amader Jober Chatu (Barley Grist) 1 kG - 100% Natural & Pure, Chemical-Free, High Fiber Sunnah Food for a Healthy Lifestyle",1 kg,1.0,kg,387.0,450.0,14.0,AMDR908391,Amader,daily-cooking,daily-cooking,52.0,0.0,https://othoba.com/amader-jober-chatu-1kg
2026-09-11,908392,Amader Mixed Chatu (1 KG) | Multi-Grain Chatu | High-Fiber Nutritious Roasted Grain Mix for Healthy Breakfast & Energy Drink,1 kg,1.0,kg,332.0,350.0,5.14,AMDR908392,Amader,daily-cooking,daily-cooking,53.0,0.0,https://othoba.com/amader-mixed-chatu-1-kg
2026-09-11,908393,"Amader Cholar Chatu (Roasted Gram Powder) 1 KG – High Protein, Fiber-Rich, Chemical-Free Natural Superfood for Healthy Breakfast, Energy & Daily Nutrition",1 kg,1.0,kg,332.0,350.0,5.14,AMDR908393,Amader,daily-cooking,daily-cooking,36.0,0.0,https://othoba.com/amader-cholar-chatu-1kg
2026-09-11,908394,Amader Jober Chatu Talbina Package (2 KG)  | Natural & Pure Deshi Barley Grist | Sunnah Superfood | High Fiber Natural Breakfast,2 kg,2.0,kg,950.0,1000.0,5.0,AMDR908394,Amader,daily-cooking,daily-cooking,38.0,0.0,https://othoba.com/amader-jober-chatu-talbina-2kg
2026-09-11,908404,Amader Danadar Gawa Ghee 500 GM – Traditional Homemade | Pure & Natural | Chemical-Free & Preservative-Free | Authentic Bangladeshi Taste,500 g,500.0,g,837.0,900.0,7.0,AMDR908404,Amader,ghee-3,ghee-3,12.0,0.0,https://othoba.com/amader-gawa-ghee-500-gm
2026-09-11,908405,Amader Danadar Gawa Ghee 1 KG – Traditional Homemade | Pure & Natural | Chemical-Free & Preservative-Free | Authentic Bangladeshi Taste,1 kg,1.0,kg,1552.0,1600.0,3.0,AMDR908405,Amader,ghee-3,ghee-3,18.0,0.0,https://othoba.com/amader-gawa-ghee-1-kg
2026-09-11,908421,"Amader Cumin Powder (Jeera Gura) 500 GM - 100% Pure, Natural, Chemical-Free, Freshly Ground Aromatic Spice",500 g,500.0,g,608.0,750.0,18.93,AMDR908421,Amader,spice-herb,spice-herb,40.0,0.0,https://othoba.com/amader-cumin-powder-spice500-gm
2026-09-11,908423,"Amader Beetroot Powder(1 KG) – 100% Pure & Natural, Chemical-Free, Homemade Beet Root Powder Rich in Antioxidants, Nitrates & Essential Nutrients",1 kg,1.0,kg,1328.0,1600.0,17.0,AMDR908423,Amader,daily-cooking,daily-cooking,20.0,0.0,https://othoba.com/amader-beetroot-powder-1-kg
2026-09-11,908424,"Amader Beetroot Powder(500 GM) – 100% Pure & Natural, Chemical-Free, Homemade Beet Root Powder Rich in Antioxidants, Nitrates & Essential Nutrients",500 g,500.0,g,663.0,850.0,22.0,AMDR908424,Amader,daily-cooking,daily-cooking,44.0,0.0,https://othoba.com/amader-beetroot-powder-500-gm
2026-09-11,910063,Butter (ঘি) (3),,,,726.0,750.0,3.2,AKOR910063,Akor Food (আকর ফুড),butter-3,butter-3,18.0,0.0,https://othoba.com/butter-%E0%A6%98-3-akor-food-%E0%A6%86%E0%A6%95%E0%A6%B0-%E0%A6%AB%E0%A6%A1-910063
2026-09-11,910064,Butter (ঘি) (1),,,,300.0,310.0,3.23,AKOR910064,Akor Food (আকর ফুড),butter-3,butter-3,44.0,0.0,https://othoba.com/butter-%E0%A6%98-1-akor-food-%E0%A6%86%E0%A6%95%E0%A6%B0-%E0%A6%AB%E0%A6%A1-910064
2026-09-11,910065,Butter (ঘি) (2),,,,484.0,500.0,3.2,AKOR910065,Akor Food (আকর ফুড),butter-3,butter-3,26.0,0.0,https://othoba.com/butter-%E0%A6%98-2-akor-food-%E0%A6%86%E0%A6%95%E0%A6%B0-%E0%A6%AB%E0%A6%A1-910065
2026-09-11,910479,Table for Living Room Coffee Table Tea Table for Reception Office Bungalow Marble Pattern Engineered Wood - Gold,,,,12064.0,17234.0,30.0,AYCZ910479,Aayan craft zone,spice-herb,spice-herb,33.0,0.0,https://othoba.com/table-for-living-room-coffee-table-tea-table-for-reception-office-bungalow-marble-pattern-engineered-wood-gold-aayan-craft-zone-910479
2026-09-11,910480,"Coffee Table with Storage Shelf for Living Room, Wood Look Accent Furniture with Vintage Wooden Board Stable Metal Frame Cocktail Table 2-Tier Tea Table - Black",,,,7740.0,10319.0,24.99,AYCZ910480,Aayan craft zone,spice-herb,spice-herb,52.0,0.0,https://othoba.com/coffee-table-with-storage-shelf-for-living-room-wood-look-accent-furniture-with-vintage-wooden-board-stable-metal-frame-cocktail-table-2-tier-tea-table-black-aayan-craft-zone-910480
2026-09-11,910483,"Round Coffee Tables,2 Round Nesting Table Set Circle Coffee Table with Storage Open Shelf for Living Room Modern Minimalist Style Furniture Side End Table of Stable(Black & White) - Black",,,,9322.0,13317.0,30.0,AYCZ910483,Aayan craft zone,spice-herb,spice-herb,10.0,0.0,https://othoba.com/round-coffee-tables2-round-nesting-table-set-circle-coffee-table-with-storage-open-shelf-for-living-room-modern-minimalist-style-furniture-side-end-table-of-stableblack-white-black-aayan-craft-zone-91
2026-09-11,910489,Stand Up Desk Store Rolling Adjustable Height Two Tier Standing Desk Computer Workstation  - Black,,,,5168.0,6459.0,19.99,AYCZ910489,Aayan craft zone,spice-herb,spice-herb,48.0,0.0,https://othoba.com/stand-up-desk-store-rolling-adjustable-height-two-tier-standing-desk-computer-workstation-black-aayan-craft-zone-910489
2026-09-11,91107,Chilli powder 200 gm jar & Turmeric powder 200 gm jar Combo,200 g,200.0,g,185.0,,,DSP02557,Daily Shopping,spice-herb,spice-herb,,0.0,https://othoba.com/chilli-powder-200-gm-jar-turmeric-powder-200-gm-jar-combo
2026-09-11,91110,M.T. Meat masala mix 100 g & M.T Biryani Masala 40g Combo,40 g,40.0,g,120.0,,,DSP02558,Daily Shopping,ready-mix,ready-mix,,5.0,https://othoba.com/mt-meat-masala-mix-100-g-mt-biryani-masala-40g-combo
2026-09-11,911756,স্পেশাল কম্বো- নিখাদ নবাবী স্বাদ,,,,1599.0,1695.0,5.66,NKHD911756,Nikhad,spice-herb,spice-herb,51.0,0.0,https://othoba.com/%E0%A6%B8%E0%A6%AA%E0%A6%B6%E0%A6%B2-%E0%A6%95%E0%A6%AE%E0%A6%AC-%E0%A6%A8%E0%A6%96%E0%A6%A6-%E0%A6%A8%E0%A6%AC%E0%A6%AC-%E0%A6%B8%E0%A6%AC%E0%A6%A6
2026-09-11,911759,নবাবী মশলা (200 gm),200 g,200.0,g,805.0,875.0,8.0,NKHD911759,Nikhad,spice-herb,spice-herb,22.0,0.0,https://othoba.com/%E0%A6%A8%E0%A6%AC%E0%A6%AC-%E0%A6%AE%E0%A6%B6%E0%A6%B2-200-gm
2026-09-11,911760,সরবতি 125 gm,125 g,125.0,g,699.0,820.0,14.76,NKHD911760,Nikhad,spice-herb,spice-herb,17.0,0.0,https://othoba.com/%E0%A6%B8%E0%A6%B0%E0%A6%AC%E0%A6%A4-125-gm
2026-09-11,911761,কালোজিরার তেল - (১০০) মিলি,,,,329.0,340.0,3.24,NKHD911761,Nikhad,spice-herb,spice-herb,15.0,0.0,https://othoba.com/%E0%A6%95%E0%A6%B2%E0%A6%9C%E0%A6%B0%E0%A6%B0-%E0%A6%A4%E0%A6%B2-%E0%A7%A7%E0%A7%A6%E0%A7%A6-%E0%A6%AE%E0%A6%B2
2026-09-11,91186,PRAN Mango Bar Box,,,,10.0,,,DSP02559,Daily Shopping,local-snacks,local-snacks,,0.0,https://othoba.com/pran-mango-bar-box-14gm-x-30-pcs
2026-09-11,91562,PRAN Jhal Muri 22gm,22 g,22.0,g,10.0,,,DSP02560,Daily Shopping,local-snacks,local-snacks,,5.0,https://othoba.com/pran-jhal-muri-22gm
2026-09-11,91564,PRAN Jhal Muri 20gm,20 g,20.0,g,8.0,,,DSP02561,Daily Shopping,local-snacks,local-snacks,,0.0,https://othoba.com/pran-jhal-muri-20gm
2026-09-11,91566,PRAN Jhalmuri Deshi Masala 35gm,35 g,35.0,g,8.0,,,DSP02562,Daily Shopping,local-snacks,local-snacks,,0.0,https://othoba.com/pran-jhalmuri-deshi-masala-35gm
2026-09-11,91567,PRAN Jhalmuri Deshi Masala 20gm,20 g,20.0,g,8.0,,,DSP02563,Daily Shopping,local-snacks,local-snacks,,0.0,https://othoba.com/pran-jhalmuri-deshi-masala-20gm
2026-09-11,917727,Orange Bread crumbs 1 KG,1 kg,1.0,kg,240.0,400.0,40.0,SHOZ917727,SHOHOZXYZ,baking-2,baking-2,19.0,0.0,https://othoba.com/orange-bread-crumbs-1-kg-shohozxyz-917727
2026-09-11,917729,Orange Bread crumbs 250 GM,250 g,250.0,g,80.0,150.0,46.67,SHOZ917729,SHOHOZXYZ,baking-2,baking-2,22.0,0.0,https://othoba.com/orange-bread-crumbs-250-gm-shohozxyz-917729
2026-09-11,917731,Chal Kumra Morobba -1000 GM,1000 g,1000.0,g,300.0,350.0,14.29,SHOZ917731,SHOHOZXYZ,baking-2,baking-2,52.0,0.0,https://othoba.com/chal-kumra-morobba-1000-gm-shohozxyz-917731
2026-09-11,917734,Chal Kumra Morobba 250 GM,250 g,250.0,g,100.0,150.0,33.33,SHOZ917734,SHOHOZXYZ,baking-2,baking-2,20.0,0.0,https://othoba.com/chal-kumra-morobba-250-gm-shohozxyz-917734
2026-09-11,917736,Orange Bread crumbs 500gm,500 g,500.0,g,140.0,250.0,44.0,SHOZ917736,SHOHOZXYZ,baking-2,baking-2,29.0,0.0,https://othoba.com/orange-bread-crumbs-500gm-shohozxyz-917736
2026-09-11,917741,Chal Kumra Morobba  500gm,500 g,500.0,g,180.0,280.0,35.71,SHOZ917741,SHOHOZXYZ,baking-2,baking-2,9.0,0.0,https://othoba.com/chal-kumra-morobba-500gm-shohozxyz-917741
2026-09-11,918288,100gm Loose Polar Bear Vanilla Powder (Flavor),100 g,100.0,g,191.0,250.0,23.6,SHOZ918288,SHOHOZXYZ,baking-2,baking-2,23.0,0.0,https://othoba.com/100gm-loose-polar-bear-vanilla-powder-flavor-shohozxyz-918288
2026-09-11,918292,Cocoa Powder 100gm (Repack) Home Brand Malaysia,100 g,100.0,g,151.0,250.0,39.6,SHOZ918292,SHOHOZXYZ,baking-2,baking-2,22.0,0.0,https://othoba.com/cocoa-powder-100gm-repack-home-brand-malaysia-shohozxyz-918292
2026-09-11,918569,Automatic Yogurt (Doi) Big  ( 1.5 Litre ) -Multicolor,1.5 l,1.5,l,940.0,1250.0,24.8,SHOZ918569,SHOHOZXYZ,yogurt-3,yogurt-3,46.0,0.0,https://othoba.com/automatic-yogurt-doi-big-15-litre-multicolor-shohozxyz-918569
2026-09-11,918624,"Rayners Food Colour 10 Pieces Combo pack Red , Yellow , Blue , Green , Pink , Purple  , Orange , Chocolate Food Colour + Vanilla Essence + Chocolate Food Colour Totall 10 Pieces Combo",10 pcs,10.0,pcs,700.0,900.0,22.22,SHOZ918624,SHOHOZXYZ,food-additives,food-additives,16.0,0.0,https://othoba.com/rayners-food-colour-10-pieces-combo-pack-red-yellow-blue-green-pink-purple-orange-chocolate-food-colour-vanilla-essence-chocolate-food-colour-totall-10-pieces-combo-shohozxyz-918624
2026-09-11,918625,Rayners Food Colour 4 PIECES COMBO ( RED + YELLOW + BLUE + GREEN ),4 pcs,4.0,pcs,260.0,360.0,27.78,SHOZ918625,SHOHOZXYZ,food-additives,food-additives,15.0,0.0,https://othoba.com/rayners-food-colour-4-pieces-combo-red-yellow-blue-green-shohozxyz-918625
2026-09-11,918627,"Rayners Food Colour 7 Pieces Combo pack Red , Yellow , Blue , Green , Pink , Purple  & Orange Food Colour",7 pcs,7.0,pcs,451.0,650.0,30.62,SHOZ918627,SHOHOZXYZ,food-additives,food-additives,30.0,0.0,https://othoba.com/rayners-food-colour-7-pieces-combo-pack-red-yellow-blue-green-pink-purple-orange-food-colour-shohozxyz-918627
2026-09-11,918629,Rayners Chocolate Food Colour + Vanilla Flavour + Chocolate Flavour Essence ( 3 Pieces Combo ),3 pcs,3.0,pcs,220.0,270.0,18.52,SHOZ918629,SHOHOZXYZ,food-additives,food-additives,40.0,0.0,https://othoba.com/rayners-chocolate-food-colour-vanilla-flavour-chocolate-flavour-essence-3-pieces-combo-shohozxyz-918629
2026-09-11,918652,Rayners Food Colour 4 PIECES COMBO ( RED + YELLOW + BLUE + GREEN ) 4 Colour Combo Pack,4 pcs,4.0,pcs,280.0,360.0,22.22,SHOZ918652,SHOHOZXYZ,food-additives,food-additives,46.0,0.0,https://othoba.com/rayners-food-colour-4-pieces-combo-red-yellow-blue-green-4-colour-combo-pack-shohozxyz-918652
2026-09-11,918657,Rayners  Vanilla Flavouring Essence,,,,85.0,160.0,46.88,SHOZ918657,SHOHOZXYZ,food-additives,food-additives,16.0,0.0,https://othoba.com/rayners-vanilla-flavouring-essence-shohozxyz-918657
2026-09-11,918762,"Wilton Large Fondant Roller with Guide Rings, 13-Inch - Fondant Tools -Multicolor",,,,240.0,480.0,50.0,SHOZ918762,SHOHOZXYZ,baking-2,baking-2,24.0,0.0,https://othoba.com/wilton-large-fondant-roller-with-guide-rings-13-inch-fondant-tools-multicolor-shohozxyz-918762
2026-09-11,918812,Sodium Benzoate -sodium benzoite 100GM,100 g,100.0,g,120.0,150.0,20.0,SHOZ918812,SHOHOZXYZ,baking-2,baking-2,15.0,0.0,https://othoba.com/sodium-benzoate-sodium-benzoite-100gm-shohozxyz-918812
2026-09-11,918819,GMS Powder 50GM,50 g,50.0,g,140.0,200.0,30.0,SHOZ918819,SHOHOZXYZ,baking-2,baking-2,35.0,0.0,https://othoba.com/gms-powder-50gm-shohozxyz-918819
2026-09-11,918823,CMC Powder 100GM,100 g,100.0,g,120.0,200.0,40.0,SHOZ918823,SHOHOZXYZ,baking-2,baking-2,27.0,0.0,https://othoba.com/cmc-powder-100gm-shohozxyz-918823
2026-09-11,918824,Xanthan Gum 100gm (Food Grade),100 g,100.0,g,240.0,450.0,46.67,SHOZ918824,SHOHOZXYZ,baking-2,baking-2,22.0,0.0,https://othoba.com/xanthan-gum-100gm-food-grade-shohozxyz-918824
2026-09-11,918848,Cocoa Powder Packet -125 gm,125 g,125.0,g,145.0,250.0,42.0,SHOZ918848,SHOHOZXYZ,baking-2,baking-2,49.0,0.0,https://othoba.com/cocoa-powder-packet-125-gm-shohozxyz-918848
2026-09-11,918916,ZAFRAN W.P ESSENCE 28ML,28 ml,28.0,ml,140.0,250.0,44.0,SHOZ918916,SHOHOZXYZ,food-additives,food-additives,53.0,0.0,https://othoba.com/zafran-wp-essence-28ml-shohozxyz-918916
2026-09-11,918918,ROSE W.P ESSENCE 28ML,28 ml,28.0,ml,115.0,185.0,37.84,SHOZ918918,SHOHOZXYZ,food-additives,food-additives,43.0,0.0,https://othoba.com/rose-wp-essence-28ml-shohozxyz-918918
2026-09-11,918920,KEWRA W.P ESSENCE 25ML,25 ml,25.0,ml,115.0,185.0,37.84,SHOZ918920,SHOHOZXYZ,food-additives,food-additives,38.0,0.0,https://othoba.com/kewra-wp-essence-25ml-shohozxyz-918920
2026-09-11,919151,Green House Red Velvet Emulsion 50 GM,50 g,50.0,g,140.0,199.0,29.65,SHOZ919151,SHOHOZXYZ,food-additives,food-additives,34.0,0.0,https://othoba.com/green-house-red-velvet-emulsion-50-gm-shohozxyz-919151
2026-09-11,919153,Green House VANILLA FLAVOUR 50 GM,50 g,50.0,g,140.0,180.0,22.22,SHOZ919153,SHOHOZXYZ,food-additives,food-additives,36.0,0.0,https://othoba.com/green-house-vanilla-flavour-50-gm-shohozxyz-919153
2026-09-11,919157,Redman Food Color CHERRY RED ( DEEP RED )  50gm (Loose),50 g,50.0,g,140.0,180.0,22.22,SHOZ919157,SHOHOZXYZ,food-additives,food-additives,28.0,0.0,https://othoba.com/redman-food-color-cherry-red-deep-red-50gm-loose-shohozxyz-919157
2026-09-11,919166,Authentic Vanilla Essence 100g (professiona),100 g,100.0,g,120.0,199.0,39.7,SHOZ919166,SHOHOZXYZ,food-additives,food-additives,29.0,0.0,https://othoba.com/authentic-vanilla-essence-100g-professiona-shohozxyz-919166
2026-09-11,91964,Rui Fish (রুই মাছ)  2.2 kg (50gm±)  Per Pc Before Cutting,50 g,50.0,g,1159.0,1242.0,6.68,DSP02564,Daily Shopping,meat-fish,meat-fish,,3.0,https://othoba.com/rui-fish-2-3-kg
2026-09-11,91965,Ritha Fish 1kg (River),1 kg,1.0,kg,2052.0,,,DSP02565,Daily Shopping,meat-fish,meat-fish,,5.0,https://othoba.com/ritha-fish-1kg-river
2026-09-11,924151,Moringa leaf Powder 100 gm,100 g,100.0,g,157.0,180.0,12.78,GION924151,Gio naturals,daily-cooking,daily-cooking,44.0,0.0,https://othoba.com/gn-moringa-leaf-powder-100-gm-gio-naturals-924151
2026-09-11,924153,Triphala Powder 100 gm,100 g,100.0,g,107.0,130.0,17.69,GION924153,Gio naturals,daily-cooking,daily-cooking,39.0,0.0,https://othoba.com/gn-triphala-powder-100-gm-gio-naturals-924153
2026-09-11,924155,Ashwagandha Powder 100 gm,100 g,100.0,g,200.0,230.0,13.04,GION924155,Gio naturals,daily-cooking,daily-cooking,45.0,0.0,https://othoba.com/gn-ashwagandha-powder-100-gm-gio-naturals-924155
2026-09-11,924157,Turmeric Powder (100gm),100 g,100.0,g,131.0,160.0,18.12,GION924157,Gio naturals,daily-cooking,daily-cooking,23.0,0.0,https://othoba.com/gn-turmeric-powder-100gm-gio-naturals-924157
2026-09-11,924158,Black Pepper Powder (100gm),100 g,100.0,g,164.0,200.0,18.0,GION924158,Gio naturals,daily-cooking,daily-cooking,36.0,0.0,https://othoba.com/gn-black-pepper-powder-100gm-gio-naturals-924158
2026-09-11,924159,Fenugreek Powder (100gm),100 g,100.0,g,82.0,100.0,18.0,GION924159,Gio naturals,daily-cooking,daily-cooking,15.0,0.0,https://othoba.com/gn-fenugreek-powder-100gm-gio-naturals-924159
2026-09-11,924171,Gawa ghee 350 gm,350 g,350.0,g,533.0,650.0,18.0,GION924171,Gio naturals,ghee-3,ghee-3,23.0,0.0,https://othoba.com/gn-gawa-ghee-350-gm-gio-naturals-924171
2026-09-11,924172,Malai ghee 350 gm,350 g,350.0,g,850.0,,,GION924172,Gio naturals,ghee-3,ghee-3,14.0,0.0,https://othoba.com/gn-malai-ghee-350-gm-gio-naturals-924172
2026-09-11,925609,Organic Raw Apple cider vinegar with the mother fiamma (Italy) - 500ml,500 ml,500.0,ml,680.0,720.0,5.56,SIBD925609,Saad International BD,vinegars,vinegars,19.0,0.0,https://othoba.com/organic-raw-apple-cider-vinegar-with-the-mother-fiamma-italy-500ml-saad-international-bd-925609
2026-09-11,93714,Tatkini Fish (টাটকিনি মাছ) 1KG,1 kg,1.0,kg,280.0,,,DSP02574,Daily Shopping,meat-fish,meat-fish,,5.0,https://othoba.com/tatkini-fish-1kg
2026-09-11,938161,Xundd ( iPhone 11 Pro Max ) Shockproof Bumper Case Phone Cover For Apple iPhone 11 Pro Max,,,,600.0,,,AEB938161,ARIF Electronics BD,cereal,cereal,13.0,0.0,https://othoba.com/xundd-iphone-11-pro-max-shockproof-bumper-case-phone-cover-for-apple-iphone-11-pro-max-arif-electronics-bd-938161
2026-09-11,938402,Chicken Bao,,,,45.0,50.0,10.0,TTR938402,Tasty Treat,local-snacks,local-snacks,,0.0,https://othoba.com/chicken-bao-2
2026-09-11,938403,Naga Shingara,,,,18.0,20.0,10.0,GLP938403,Golpo,local-snacks,local-snacks,,0.0,https://othoba.com/naga-shingara-golpo-938403
2026-09-11,938404,Chicken Shingara,,,,27.0,30.0,10.0,GLP938404,Golpo,local-snacks,local-snacks,,0.0,https://othoba.com/chicken-shingara-golpo-938404
2026-09-11,938405,Beef jhura shingara,,,,54.0,60.0,10.0,GLP938405,Golpo,local-snacks,local-snacks,,0.0,https://othoba.com/beef-jhura-shingara-golpo-938405
2026-09-11,938406,Mutton Koliza Shingara,,,,45.0,50.0,10.0,GLP938406,Golpo,local-snacks,local-snacks,,0.0,https://othoba.com/mutton-koliza-shingara-golpo-938406
2026-09-11,938407,Special Samucha,,,,18.0,20.0,10.0,GLP938407,Golpo,local-snacks,local-snacks,,0.0,https://othoba.com/special-samucha-golpo-938407
2026-09-11,938408,Chiken Samucha,,,,27.0,30.0,10.0,GLP938408,Golpo,local-snacks,local-snacks,,0.0,https://othoba.com/chiken-samucha-golpo-938408
2026-09-11,938409,Beef Jhura Samucha,,,,54.0,60.0,10.0,GLP938409,Golpo,local-snacks,local-snacks,,0.0,https://othoba.com/beef-jhura-samucha-golpo-938409
2026-09-11,938410,Chicken Momo 5 Pcs,5 pcs,5.0,pcs,144.0,160.0,10.0,GLP938410,Golpo,local-snacks,local-snacks,,0.0,https://othoba.com/chicken-momo-5-pcs-golpo-938410
2026-09-11,941093,VesojE Agro Methimix (মেথিমিক্স)-125gm,125 g,125.0,g,428.0,450.0,4.89,VJA941093,VesojE Agro,spice-herb,spice-herb,7.0,0.0,https://othoba.com/vesoje-agro-methimix-%E0%A6%AE%E0%A6%A5%E0%A6%AE%E0%A6%95%E0%A6%B8-125gm-vesoje-agro-941093
2026-09-11,941118,VesojE Agro Gulancha/Tinospora Powder (গুলঞ্চ/গিলয় গুড়া) – 100gm,100 g,100.0,g,114.0,120.0,5.0,VJA941118,VesojE Agro,spice-herb,spice-herb,12.0,0.0,https://othoba.com/vesoje-agro-gulanchatinospora-powder-%E0%A6%97%E0%A6%B2%E0%A6%9E%E0%A6%9A%E0%A6%97%E0%A6%B2%E0%A7%9F-%E0%A6%97%E0%A7%9C-100gm-vesoje-agro-941118
2026-09-11,941119,VesojE Agro Safed Musli Powder (সফেদ মুসলি গুড়া) - 100 gm,100 g,100.0,g,247.0,260.0,5.0,VJA941119,VesojE Agro,spice-herb,spice-herb,15.0,0.0,https://othoba.com/vesoje-agro-safed-musli-powder-%E0%A6%B8%E0%A6%AB%E0%A6%A6-%E0%A6%AE%E0%A6%B8%E0%A6%B2-%E0%A6%97%E0%A7%9C-100-gm-vesoje-agro-941119
2026-09-11,94112,PRAN Lacchi  285ml (Yogurt),285 ml,285.0,ml,25.0,,,DSP02575,Daily Shopping,yogurt,yogurt,,5.0,https://othoba.com/pran-lassi-285ml-yogurt
2026-09-11,941120,VesojE Agro Sarsaparilla (অনন্তমূল) 100gm,100 g,100.0,g,238.0,250.0,4.8,VJA941120,VesojE Agro,spice-herb,spice-herb,29.0,0.0,https://othoba.com/vesoje-agro-sarsaparilla-%E0%A6%85%E0%A6%A8%E0%A6%A8%E0%A6%A4%E0%A6%AE%E0%A6%B2-100gm-vesoje-agro-941120
2026-09-11,941123,VesojE Agro Dried Mushroom (শুকনো মাশরুম)-50gm,50 g,50.0,g,209.0,220.0,5.0,VJA941123,VesojE Agro,spice-herb,spice-herb,14.0,0.0,https://othoba.com/vesoje-agro-dried-mushroom-%E0%A6%B6%E0%A6%95%E0%A6%A8-%E0%A6%AE%E0%A6%B6%E0%A6%B0%E0%A6%AE-50gm-vesoje-agro-941123
2026-09-11,94345,Mr. Noodles 62g x 24 Pack Masala,24 pack,24.0,pack,450.0,,,DSP02576,Daily Shopping,noodles,noodles,,0.0,https://othoba.com/mr-noodles-happy-monthly-pack
2026-09-11,945948,Fresh Chinigura Rice 1 Kg,1 kg,1.0,kg,169.0,,,MGIN945948,Meghna Group of Industries,powder-milk,powder-milk,140.0,0.0,https://othoba.com/fresh-chinigura-rice-1-kg-3
2026-09-11,95094,PRAN Bisk Club Mellow Orange Biscuit 50gm,50 g,50.0,g,10.0,,,DSP02579,Daily Shopping,biscuit-cookies,biscuit-cookies,,5.0,https://othoba.com/pran-bisk-club-mellow-orange-biscuit-70gm
2026-09-11,95095,Bisk Club Fit Crakers Milk Flavoured Biscuit,,,,20.0,,,DSP02580,Daily Shopping,biscuit-cookies,biscuit-cookies,,5.0,https://othoba.com/bisk-club-fit-crakers-milk-flavoured-biscuit
2026-09-11,9511,Garden Fresh Gopalbhog Mango,,,,125.0,,,6500000021,Daily Shopping,fruits-vegetable,fruits-vegetable,,5.0,https://othoba.com/garden-fresh-gopalbhog-mango-65021
2026-09-11,952436,Mithai Soan Papdi 200gm,200 g,200.0,g,117.0,130.0,10.0,TST952436,Mithai,sweetmeat,sweetmeat,,0.0,https://othoba.com/mithai-soan-papdi-200gm-2
2026-09-11,952555,Mithai Soan Papdi 500gm,500 g,500.0,g,234.0,260.0,10.0,TST952555,Mithai,sweetmeat,sweetmeat,,0.0,https://othoba.com/mithai-soan-papdi-500gm-3
2026-09-11,95280,Faisha Fish 8-15pcs/kg (ফাইসা মাছ),15 pcs,15.0,pcs,1088.0,,,DSP02583,Daily Shopping,meat-fish,meat-fish,,5.0,https://othoba.com/faisha-fish-8-15pcskg
2026-09-11,95283,Sea Bailla (সমুদ্রের বাইল্লা মাছ),,,,630.0,,,DSP02585,Daily Shopping,meat-fish,meat-fish,,5.0,https://othoba.com/sea-bailla
2026-09-11,95284,Baaim Fish Kg (বাইঙ্গ মাছ),,,,1109.0,,,DSP02586,Daily Shopping,meat-fish,meat-fish,,5.0,https://othoba.com/baaim-fish-kg
2026-09-11,95285,Koral Fish (কোরাল মাছ) 1.35 kg (50gm±)  Per Pc Before Cutting,50 g,50.0,g,1764.0,,,DSP02587,Daily Shopping,meat-fish,meat-fish,,5.0,https://othoba.com/koral-fish-1-15-kg
2026-09-11,95286,Mola Fish (মলা মাছ) 500 gm,500 g,500.0,g,420.0,,,DSP02588,Daily Shopping,meat-fish,meat-fish,,5.0,https://othoba.com/mola-fish-kg
2026-09-11,95289,Tuna Fish (টুনা মাছ) 1.6 kg (50gm±)  Per Pc Before Cutting,50 g,50.0,g,901.0,,,DSP02590,Daily Shopping,meat-fish,meat-fish,,5.0,https://othoba.com/tuna-fish-1-kg
2026-09-11,95290,Koral Fish (কোরাল মাছ) 4 kg (100gm±) Per Pc Before Cutting,100 g,100.0,g,5954.0,,,DSP02591,Daily Shopping,meat-fish,meat-fish,,5.0,https://othoba.com/koral-fish-3-5-kg
2026-09-11,95291,Pangash Fish (পাঙ্গাশ মাছ) 3.5 kg (100gm±) Per Pc Before Cutting,100 g,100.0,g,852.0,,,DSP02592,Daily Shopping,meat-fish,meat-fish,,5.0,https://othoba.com/pangash-fish-3-kg
2026-09-11,95292,Katol Fish (কাতল মাছ) 2.3 kg (50gm±)  Per Pc Before Cutting,50 g,50.0,g,969.0,980.0,1.12,DSP02593,Daily Shopping,meat-fish,meat-fish,,5.0,https://othoba.com/katol-fish-2-3-kg
2026-09-11,95294,Poa Fish 3-7pcs/kg (River) (পোয়া মাছ),7 pcs,7.0,pcs,700.0,,,DSP02594,Daily Shopping,meat-fish,meat-fish,,5.0,https://othoba.com/poa-fish-3-7pcskg-river
2026-09-11,95295,Rui Fish (রুই মাছ)  3.3kg (100gm±)  Per Pc Before Cutting,100 g,100.0,g,1923.0,,,DSP02595,Daily Shopping,meat-fish,meat-fish,,5.0,https://othoba.com/rui-fish-3-4-kg
2026-09-11,95296,Katol Fish (কাতল মাছ)  3.3kg (100gm±) Per Pc Before Cutting,100 g,100.0,g,1735.0,,,DSP02596,Daily Shopping,meat-fish,meat-fish,,5.0,https://othoba.com/katol-fish-3-4-kg
2026-09-11,95300,Pholy Fish 1 kg (ফলি মাছ),1 kg,1.0,kg,350.0,,,DSP02598,Daily Shopping,meat-fish,meat-fish,,5.0,https://othoba.com/pholy-fish-1-kg
2026-09-11,95303,Rui Fish 5-7 kg (রুই মাছ),7 kg,7.0,kg,5124.0,,,DSP02600,Daily Shopping,meat-fish,meat-fish,,5.0,https://othoba.com/rui-fish-5-7-kg
2026-09-11,95305,Boal Fish (বোয়াল মাছ)  Local (700gm +) Per Pc Before Cutting,700 g,700.0,g,770.0,,,DSP02601,Daily Shopping,meat-fish,meat-fish,,5.0,https://othoba.com/boal-fish-700-gm-plus
2026-09-11,95310,Koral Fish (কোরাল মাছ) 0.8 kg (50gm±) Per Pc Before Cutting,50 g,50.0,g,1012.0,,,DSP02603,Daily Shopping,meat-fish,meat-fish,,5.0,https://othoba.com/koral-fish-500gm-plus
2026-09-11,95311,Ritha Fish Sea  (রিটা মাছ) 1.75 kg (50gm±) Per Pc Before Cutting,50 g,50.0,g,679.0,,,DSP02604,Daily Shopping,meat-fish,meat-fish,,5.0,https://othoba.com/ritha-fish-1kg-sea
2026-09-11,95312,Bailla Fish 7-15 pcs/kg (বাইল্লা মাছ),15 pcs,15.0,pcs,1148.0,,,DSP02605,Daily Shopping,meat-fish,meat-fish,,5.0,https://othoba.com/bailla-fish-7-15-pcskg
2026-09-11,95313,Shorputi Fish 3-5 pcs/kg China (সরপুঁটি মাছ),5 pcs,5.0,pcs,280.0,,,DSP02606,Daily Shopping,meat-fish,meat-fish,,5.0,https://othoba.com/shorputi-fish-3-5-pcskg-china
2026-09-11,95314,Bacha Fish 5-8 pcs/kg (বাচা মাছ),8 pcs,8.0,pcs,1090.0,,,DSP02607,Daily Shopping,meat-fish,meat-fish,,5.0,https://othoba.com/bacha-fish-5-8-pcskg
2026-09-11,95315,Bata Fish Cultured 5-6 pcs/Kg (বাটা মাছ),6 pcs,6.0,pcs,700.0,,,DSP02608,Daily Shopping,meat-fish,meat-fish,,5.0,https://othoba.com/bata-fish-cultured-5-6-pcskg
2026-09-11,95316,DS Chicken Sonalika without Skin,,,,650.0,,,DSP02609,Daily Shopping,meat-fish,meat-fish,,5.0,https://othoba.com/ds-chicken-sonalika-without-skin
2026-09-11,95317,DS Deshi Chicken without Skin 1 kg,1 kg,1.0,kg,950.0,,,DSP02610,Daily Shopping,meat-fish,meat-fish,,5.0,https://othoba.com/ds-deshi-chicken-without-skin-1-kg
2026-09-11,956095,"Organicoo Soy Protein Milk Powder – Raw, Pure Soybean, Vegan, Low Fat, Natural Immunity Boost – 400g",400 g,400.0,g,294.0,310.0,5.16,ODX956095,Organicoo Dot XYZ,powder-milk,powder-milk,11.0,0.0,https://othoba.com/organicoo-soy-protein-milk-powder-raw-pure-soybean-vegan-low-fat-natural-immunity-boost-400g
2026-09-11,956096,"Organicoo Soy Protein Milk Powder – Seeds, Nuts & Dates Blend, Vegan, Low Fat, Natural Immunity Boost – 400g",400 g,400.0,g,395.0,420.0,5.95,ODX956096,Organicoo Dot XYZ,powder-milk,powder-milk,12.0,0.0,https://othoba.com/organicoo-soy-protein-milk-powder-seeds-nuts-dates-blend-vegan-low-fat-natural-immunity-boost-400g
2026-09-11,956181,Quaker Quick Cook Oatmeal 400g,400 g,400.0,g,688.0,800.0,14.0,ESMB956181,Easy Mart BD,cereal,cereal,32.0,0.0,https://othoba.com/quaker-quick-cook-oatmeal-400g-easy-mart-bd-956181
2026-09-11,956183,Quaker Instant Oatmeal - 1kg (Malaysia),1 kg,1.0,kg,1440.0,1800.0,20.0,ESMB956183,Easy Mart BD,cereal,cereal,49.0,0.0,https://othoba.com/quaker-instant-oatmeal-1kg-malaysia-easy-mart-bd-956183
2026-09-11,956184,"Virginia Green Garden Sweet Chilly Sauce, 250ml",250 ml,250.0,ml,576.0,600.0,4.0,ESMB956184,Easy Mart BD,sauces,sauces,45.0,0.0,https://othoba.com/virginia-green-garden-sweet-chilly-sauce-250ml-easy-mart-bd-956184
2026-09-11,956186,Alfa Mayonnaise -236ml,236 ml,236.0,ml,310.0,500.0,38.0,ESMB956186,Easy Mart BD,sauces,sauces,55.0,0.0,https://othoba.com/alfa-mayonnaise-236ml-easy-mart-bd-956186
2026-09-11,956187,Almarai cheese creamy taste 200g,200 g,200.0,g,720.0,1000.0,28.0,ESMB956187,Easy Mart BD,cheese-3,cheese-3,8.0,0.0,https://othoba.com/almarai-cheese-creamy-taste-200g-easy-mart-bd-956187
2026-09-11,956189,La Vache Qui Rit  Original Cheese-8 Parts (120 gm),120 g,120.0,g,609.0,700.0,13.0,ESMB956189,Easy Mart BD,cheese-3,cheese-3,43.0,0.0,https://othoba.com/la-vache-qui-rit-original-cheese-8-parts-120-gm-easy-mart-bd-956189
2026-09-11,956192,Virginia Green Garden Yellow Mustard 396g,396 g,396.0,g,663.0,850.0,22.0,ESMB956192,Easy Mart BD,sauces,sauces,44.0,0.0,https://othoba.com/virginia-green-garden-yellow-mustard-396g-easy-mart-bd-956192
2026-09-11,956194,Virginia Green Garden Yellow Mustard 227g,227 g,227.0,g,480.0,500.0,4.0,ESMB956194,Easy Mart BD,sauces,sauces,43.0,0.0,https://othoba.com/virginia-green-garden-yellow-mustard-227g-easy-mart-bd-956194
2026-09-11,956196,"Samyang Hot Chicken Ramen Cheese Noodles, 5 X 140 grams",140 g,140.0,g,1335.0,1500.0,11.0,ESMB956196,Easy Mart BD,cheese-3,cheese-3,14.0,0.0,https://othoba.com/samyang-hot-chicken-ramen-cheese-noodles-5-x-140-grams-easy-mart-bd-956196
2026-09-11,956198,"Samyang Hot Chicken Ramen Cheese Noodles, 5 X 140 grams",140 g,140.0,g,1335.0,1500.0,11.0,ESMB956198,Easy Mart BD,cheese-3,cheese-3,29.0,0.0,https://othoba.com/samyang-hot-chicken-ramen-cheese-noodles-5-x-140-grams-easy-mart-bd-956198
2026-09-11,957113,Fresh Rice Bran Oil - 5ltr,5 l,5.0,l,1080.0,,,MGIN957113,Meghna Group of Industries,daily-cooking,daily-cooking,156.0,0.0,https://othoba.com/fresh-rice-bran-oil-5ltr-2
2026-09-11,96097,Bisk Combo Pack,,,,150.0,,,DSP02611,Daily Shopping,biscuit-cookies,biscuit-cookies,,0.0,https://othoba.com/bisk-combo-pack
2026-09-11,96164,Mr. Noodles Cup 40gm 4 pcs Combo,4 pcs,4.0,pcs,120.0,,,DSP02612,Daily Shopping,noodles,noodles,,0.0,https://othoba.com/mr-noodles-cup-40gm-4-pcs-combo
2026-09-11,96225,Aadi Coconut Powder (কোকোনাট পাউডার) 50 Gm,50 g,50.0,g,40.0,,,AEL00059,Aadi Enterprise Limited,spice-herb,spice-herb,24.0,5.0,https://othoba.com/aadi-coconut-powder-50-gm
2026-09-11,96226,Aadi Coconut Powder (কোকোনাট পাউডার) 100 Gm,100 g,100.0,g,80.0,,,AEL00060,Aadi Enterprise Limited,spice-herb,spice-herb,9.0,5.0,https://othoba.com/aadi-coconut-powder-100-gm
2026-09-11,96228,Aadi Almond Nut-Raw (কাঠবাদাম) 500 Gm,500 g,500.0,g,610.0,,,AEL00061,Aadi Enterprise Limited,fruits-vegetable,fruits-vegetable,39.0,5.0,https://othoba.com/aadi-almond-nut-raw-500-gm
2026-09-11,96230,Aadi Almond Nut-Raw (কাঠবাদাম) 50 Gm,50 g,50.0,g,65.0,,,AEL00063,Aadi Enterprise Limited,fruits-vegetable,fruits-vegetable,11.0,5.0,https://othoba.com/aadi-almond-nut-raw-50-gm
2026-09-11,96231,Aadi Cashewnut-Raw (কাজু বাদাম) 500 Gm,500 g,500.0,g,710.0,,,AEL00064,Aadi Enterprise Limited,fruits-vegetable,fruits-vegetable,12.0,5.0,https://othoba.com/aadi-cashewnut-raw-500-gm
2026-09-11,96232,Aadi Cashewnut-Raw (কাজু বাদাম) 50 Gm,50 g,50.0,g,75.0,,,AEL00065,Aadi Enterprise Limited,fruits-vegetable,fruits-vegetable,13.0,5.0,https://othoba.com/aadi-cashewnut-raw-50-gm
2026-09-11,96234,Aadi Cashewnut-Raw (কাজু বাদাম) 100 Gm,100 g,100.0,g,150.0,,,AEL00066,Aadi Enterprise Limited,fruits-vegetable,fruits-vegetable,55.0,5.0,https://othoba.com/aadi-cashewnut-raw-100-gm
2026-09-11,96238,Aadi Raw Mixednut (মিক্সড বাদাম) 100 Gm,100 g,100.0,g,155.0,,,AEL00068,Aadi Enterprise Limited,fruits-vegetable,fruits-vegetable,39.0,5.0,https://othoba.com/aadi-raw-mixednut-100-gm
2026-09-11,96239,Aadi Raw Mixednut (মিক্সড বাদাম) 50 Gm,50 g,50.0,g,80.0,,,AEL00069,Aadi Enterprise Limited,fruits-vegetable,fruits-vegetable,28.0,5.0,https://othoba.com/aadi-raw-mixednut-50-gm
2026-09-11,96242,Aadi Pistachio Raw (পেস্তা বাদাম) 100 Gm,100 g,100.0,g,265.0,,,AEL00071,Aadi Enterprise Limited,fruits-vegetable,fruits-vegetable,42.0,5.0,https://othoba.com/aadi-pistachio-raw-100-gm
2026-09-11,96243,Aadi Pistachio Raw (পেস্তা বাদাম) 50 Gm,50 g,50.0,g,135.0,,,AEL00072,Aadi Enterprise Limited,fruits-vegetable,fruits-vegetable,41.0,5.0,https://othoba.com/aadi-pistachio-raw-50-gm
2026-09-11,96244,Aadi Walnut-Raw (আখরোট) 500 Gm,500 g,500.0,g,1220.0,,,AEL00073,Aadi Enterprise Limited,fruits-vegetable,fruits-vegetable,25.0,5.0,https://othoba.com/aadi-walnut-raw-500-gm
2026-09-11,96245,Aadi Walnut-Raw (আখরোট) 100 Gm,100 g,100.0,g,250.0,,,AEL00074,Aadi Enterprise Limited,fruits-vegetable,fruits-vegetable,27.0,5.0,https://othoba.com/aadi-walnut-raw-100-gm
2026-09-11,96246,Aadi Chinigura Rice (চিনিগুড়া চাউল) 1000 Gm,1000 g,1000.0,g,120.0,,,AEL00075,Aadi Enterprise Limited,daily-cooking,daily-cooking,17.0,0.0,https://othoba.com/aadi-chinigura-rice-1000-gm
2026-09-11,96248,Aadi Red Binni Rice 1000 Gm,1000 g,1000.0,g,180.0,,,AEL00076,Aadi Enterprise Limited,daily-cooking,daily-cooking,9.0,0.0,https://othoba.com/aadi-red-binni-rice-1000-gm
2026-09-11,96282,Aadi White Binni Rice 1000 Gm,1000 g,1000.0,g,140.0,,,AEL00077,Aadi Enterprise Limited,daily-cooking,daily-cooking,20.0,0.0,https://othoba.com/aadi-white-binni-rice-1000-gm
2026-09-11,96283,Aadi Mashkalai Dal 1000 Gm,1000 g,1000.0,g,140.0,,,AEL00078,Aadi Enterprise Limited,daily-cooking,daily-cooking,18.0,0.0,https://othoba.com/aadi-mashkalai-dal-1000-gm
2026-09-11,96294,PRAN Fish Masala 20gm,20 g,20.0,g,18.0,,,DSP02615,Daily Shopping,spice-herb,spice-herb,,5.0,https://othoba.com/pran-fish-masala-20gm
2026-09-11,96297,PRAN Coriander Powder 50 gm,50 g,50.0,g,32.0,,,DSP02618,Daily Shopping,spice-herb,spice-herb,,5.0,https://othoba.com/pran-coriander-powder-50-gm
2026-09-11,96298,PRAN Coriander Powder (ধনিয়া গুঁড়া) 100 gm,100 g,100.0,g,60.0,,,DSP02619,Daily Shopping,spice-herb,spice-herb,166.0,5.0,https://othoba.com/pran-coriander-powder-100-gm
2026-09-11,96299,Pran Cumin Powder 100gm pouch,100 g,100.0,g,160.0,,,DSP02620,Daily Shopping,spice-herb,spice-herb,,5.0,https://othoba.com/pran-cumin-seed-100g
2026-09-11,96300,PRAN Whole Panchforan (পাঁচফোরান) 50gm Poly,50 g,50.0,g,30.0,,,DSP02621,Daily Shopping,spice-herb,spice-herb,,5.0,https://othoba.com/pran-whole-panchforan-50gm-poly
2026-09-11,96301,PRAN Chatpoti Mix Masala 50gm,50 g,50.0,g,45.0,,,DSP02622,Daily Shopping,spice-herb,spice-herb,,5.0,https://othoba.com/pran-chatpoti-mix-masala-50gm
2026-09-11,96302,PRAN Testing Salt 50gm,50 g,50.0,g,22.0,,,DSP02623,Daily Shopping,daily-cooking,daily-cooking,,5.0,https://othoba.com/pran-testing-salt-50gm
2026-09-11,96303,PRAN Cumin Seed powder (জিরা গুঁড়া) 50gm,50 g,50.0,g,85.0,,,DSP02624,Daily Shopping,spice-herb,spice-herb,185.0,5.0,https://othoba.com/prancumin-seed-powder-50gm
2026-09-11,96304,PRAN Custard Powder (কাস্টার্ড পাউডার) 100gm,100 g,100.0,g,55.0,,,DSP02625,Daily Shopping,food-additives,food-additives,,5.0,https://othoba.com/pran-custard-powder-100gm
2026-09-11,96307,PRAN Corn Flour 100gm,100 g,100.0,g,55.0,,,DSP02626,Daily Shopping,food-additives,food-additives,,5.0,https://othoba.com/pran-corn-flour-100gm
2026-09-11,96308,PRAN Baking Powder 100gm,100 g,100.0,g,55.0,,,DSP02627,Daily Shopping,baking-2,baking-2,,5.0,https://othoba.com/pran-baking-powder-100gm
2026-09-11,96310,PRAN Bs Champion Chocolate Coated Biscuit 35gm,35 g,35.0,g,15.0,,,DSP02629,Daily Shopping,biscuit-cookies,biscuit-cookies,,5.0,https://othoba.com/pran-bs-champion-chocolate-coated-biscuit
2026-09-11,96311,PRAN Bisk Club Nice Coconut Biscuit 25gm,25 g,25.0,g,5.0,,,DSP02630,Daily Shopping,biscuit-cookies,biscuit-cookies,,5.0,https://othoba.com/pran-bisk-club-nice-coconut-biscuit-35gm
2026-09-11,96312,PRAN Bisk Club Dudh Plus Biscuit 65gm,65 g,65.0,g,10.0,,,DSP02631,Daily Shopping,biscuit-cookies,biscuit-cookies,,5.0,https://othoba.com/pran-bisk-club-dudh-plus-biscuit-65gm
2026-09-11,96313,PRAN Bisk Club Coconut Biscuit 250gm,250 g,250.0,g,50.0,,,DSP02632,Daily Shopping,biscuit-cookies,biscuit-cookies,,5.0,https://othoba.com/pran-bisk-club-coconut-biscuit-250gm
2026-09-11,96314,PRAN Bisk Club Cookies Booster Biscuit 270±10gm,10 g,10.0,g,70.0,,,DSP02633,Daily Shopping,biscuit-cookies,biscuit-cookies,,5.0,https://othoba.com/pran-bisk-club-cookies-booster-biscuit-270gm
2026-09-11,96347,Ceregrow Jr.Cereal Multigrain&5Fruit withMilk300gm,300 g,300.0,g,400.0,,,DSP02638,Daily Shopping,bakery-breakfast,bakery-breakfast,,5.0,https://othoba.com/ceregrow-jrcereal-multigrain-5fruit-with-milk-300
2026-09-11,96379,Arbella Pasta Elbow 500gm,500 g,500.0,g,140.0,,,DSP02665,Daily Shopping,macaroni,macaroni,,5.0,https://othoba.com/arbella-pasta-elbow-500gm
2026-09-11,96380,Arbella Pasta Fusille 500gm,500 g,500.0,g,140.0,,,DSP02666,Daily Shopping,macaroni,macaroni,,5.0,https://othoba.com/arbella-pasta-fusille-500gm
2026-09-11,96381,Arbella Pasta Penne Rigate 500gm,500 g,500.0,g,140.0,,,DSP02667,Daily Shopping,macaroni,macaroni,,5.0,https://othoba.com/arbella-pasta-penne-rigate-500gm
2026-09-11,96382,Arbella Pasta Shell 500gm,500 g,500.0,g,140.0,,,DSP02668,Daily Shopping,macaroni,macaroni,,5.0,https://othoba.com/arbella-pasta-shell-500gm
2026-09-11,96392,Goldmark Chocolate Chips Cookies 60gm,60 g,60.0,g,20.0,,,DSP02678,Daily Shopping,biscuit-cookies,biscuit-cookies,,5.0,https://othoba.com/goldmark-chocolate-chips-cookies-60gm
2026-09-11,96393,Goldmark YO YO Standard 62gm,62 g,62.0,g,10.0,,,DSP02679,Daily Shopping,biscuit-cookies,biscuit-cookies,,5.0,https://othoba.com/goldmark-yo-yo-standard-62gm
2026-09-11,96394,Cadbury Perk 12 ±3gm (B3G1 Free),3 g,3.0,g,80.0,,,DSP02680,Daily Shopping,chocolate-candy,chocolate-candy,,5.0,https://othoba.com/cadbury-park-13gm
2026-09-11,96395,CBL Munchee Chocolate Wafer Biscuits 100gm,100 g,100.0,g,90.0,,,DSP02681,Daily Shopping,biscuit-cookies,biscuit-cookies,,5.0,https://othoba.com/cbl-munchee-chocolate-wafer-biscuits-100gm
2026-09-11,96397,Cadbury Oreo Original 43.75gm (B6G2 Free),43.75 g,43.75,g,370.0,,,DSP02682,Daily Shopping,biscuit-cookies,biscuit-cookies,,5.0,https://othoba.com/cadbury-oreo-original-50gm
2026-09-11,96415,Cocola Chicken Masala Noodles 180gm,180 g,180.0,g,25.0,,,DSP02694,Daily Shopping,noodles,noodles,,5.0,https://othoba.com/cocola-chicken-masala-noodles-180g
2026-09-11,96417,Bombay Mr.Pasta Chili Chicken 62gm,62 g,62.0,g,22.0,,,DSP02695,Daily Shopping,macaroni,macaroni,,5.0,https://othoba.com/bombay-mrpasta-chili-chicken-62gm
2026-09-11,96419,Bombay Mr.Pasta Chili Chicken 248gm,248 g,248.0,g,95.0,,,DSP02696,Daily Shopping,macaroni,macaroni,,5.0,https://othoba.com/bombay-mrpasta-chili-chicken-248gm
2026-09-11,96420,Bombay Mr.Pasta Tangy Tomato 62gm,62 g,62.0,g,22.0,,,DSP02697,Daily Shopping,macaroni,macaroni,,5.0,https://othoba.com/bombay-mrpasta-tangy-tomato-62gm
2026-09-11,96421,Bombay Mr.Pasta Tangy Tomato 248gm,248 g,248.0,g,95.0,,,DSP02698,Daily Shopping,macaroni,macaroni,,5.0,https://othoba.com/bombay-mrpasta-tangy-tomato-248gm
2026-09-11,96422,Calypso Mayonnaise 250ml,250 ml,250.0,ml,300.0,,,DSP02699,Daily Shopping,bakery-breakfast,bakery-breakfast,,5.0,https://othoba.com/calypso-mayonnaise-250m
2026-09-11,96423,Calypso Mayonnaise 500ml,500 ml,500.0,ml,520.0,,,DSP02700,Daily Shopping,bakery-breakfast,bakery-breakfast,,5.0,https://othoba.com/calypso-mayonnaise-500m
2026-09-11,96424,Crown Mayonnaise 473ml,473 ml,473.0,ml,675.0,,,DSP02701,Daily Shopping,bakery-breakfast,bakery-breakfast,,5.0,https://othoba.com/crown-mayonnaise-473ml
2026-09-11,96433,Bashundhara Tube Pasta 500gm,500 g,500.0,g,85.0,,,DSP02709,Daily Shopping,macaroni,macaroni,,5.0,https://othoba.com/bashundhara-tube-pasta-500gm
2026-09-11,96434,Cadbury Dairy Milk Whole Nut 45gm,45 g,45.0,g,120.0,,,DSP02710,Daily Shopping,chocolate-candy,chocolate-candy,,5.0,https://othoba.com/cadbury-dairy-milk-whole-nut-45gm
2026-09-11,96435,Bounty Bar Chocolate 57gm,57 g,57.0,g,160.0,,,DSP02711,Daily Shopping,chocolate-candy,chocolate-candy,,5.0,https://othoba.com/bounty-bar-chocolate-57gm
2026-09-11,96437,Cadbury Dairy Milk Silk Oreo 130 ±3gm,3 g,3.0,g,550.0,,,DSP02712,Daily Shopping,chocolate-candy,chocolate-candy,,5.0,https://othoba.com/cadbury-dairy-milk-silk-oreo-130-3gm
2026-09-11,96438,Cadbury Dairy Milk 24 ±3gm,3 g,3.0,g,75.0,,,DSP02713,Daily Shopping,chocolate-candy,chocolate-candy,,5.0,https://othoba.com/cadbury-dairy-milk-24-3gm
2026-09-11,96439,Goldmark Oran zaaa 68gm,68 g,68.0,g,10.0,,,DSP02714,Daily Shopping,biscuit-cookies,biscuit-cookies,,5.0,https://othoba.com/goldmark-oran-zaaa-68gm
2026-09-11,96440,Goldmark Fruit Papya 80gm,80 g,80.0,g,20.0,,,DSP02715,Daily Shopping,biscuit-cookies,biscuit-cookies,,5.0,https://othoba.com/goldmark-fruit-papya-80gm
2026-09-11,96441,Goldmark Special Chocolate Cookies 270g,270 g,270.0,g,70.0,,,DSP02716,Daily Shopping,biscuit-cookies,biscuit-cookies,,5.0,https://othoba.com/goldmark-special-chocolate-cookies-270g
2026-09-11,96442,Goldmark Chocolay 17mg,17 mg,17.0,mg,5.0,,,DSP02717,Daily Shopping,biscuit-cookies,biscuit-cookies,,5.0,https://othoba.com/goldmark-chocolay-17mg
2026-09-11,96443,Goldmark Butter Cookies 230gm,230 g,230.0,g,60.0,,,DSP02718,Daily Shopping,biscuit-cookies,biscuit-cookies,,5.0,https://othoba.com/goldmark-butter-cookies-230gm
2026-09-11,96444,Cocola Real Chocolate Wafer Roll 55gm,55 g,55.0,g,15.0,,,DSP02719,Daily Shopping,biscuit-cookies,biscuit-cookies,,5.0,https://othoba.com/cocola-real-chocolate-wafer-roll-55gm
2026-09-11,96445,Haque Kheer Malai 161gm,161 g,161.0,g,50.0,,,DSP02720,Daily Shopping,biscuit-cookies,biscuit-cookies,,0.0,https://othoba.com/haque-kheer-malai-250gm
2026-09-11,96446,Goldmark Pineapple  Biscuit 240gm,240 g,240.0,g,50.0,,,DSP02721,Daily Shopping,biscuit-cookies,biscuit-cookies,,5.0,https://othoba.com/goldmark-pineapple-biscuit-240gm
2026-09-11,96447,Doreo Vanilla Cream Wafer Biscuit25gm,25 g,25.0,g,15.0,,,DSP02722,Daily Shopping,biscuit-cookies,biscuit-cookies,,5.0,https://othoba.com/doreo-vanilla-cream-wafer-biscuit-25gm
2026-09-11,96448,Doreo Blk Choco.SandwitchBiscuitRoll 110gm,110 g,110.0,g,60.0,,,DSP02723,Daily Shopping,biscuit-cookies,biscuit-cookies,,5.0,https://othoba.com/doreo-blk-chocosandwitch-biscuit-roll-140g
2026-09-11,96449,Cocola Banana Cream Sandwich Biscuits 110gm,110 g,110.0,g,30.0,,,DSP02724,Daily Shopping,biscuit-cookies,biscuit-cookies,,5.0,https://othoba.com/cocola-banana-cream-sandwich-biscuits-110gm
2026-09-11,96450,Goldmark Milk Biscuit 70gm,70 g,70.0,g,12.0,,,DSP02725,Daily Shopping,biscuit-cookies,biscuit-cookies,,5.0,https://othoba.com/goldmark-milk-biscuit-70gm
2026-09-11,96459,Mithai Celebration Box,,,,756.0,890.0,15.06,TST00235,Mithai,sweetmeat,sweetmeat,,5.0,https://othoba.com/mithai-celebration-box
2026-09-11,96529,Golda Prawn (গলদা চিংড়ি) 1kg,1 kg,1.0,kg,1928.0,,,DSP02726,Daily Shopping,meat-fish,meat-fish,,5.0,https://othoba.com/golda-prawn-1kg
2026-09-11,96531,Telapia Fish (তেলাপিয়া মাছ) 1.2 kg (50gm±) Per Pc Before Cutting,50 g,50.0,g,420.0,,,DSP02727,Daily Shopping,meat-fish,meat-fish,,5.0,https://othoba.com/telapia-fish-1kg
2026-09-11,96603,F.Clarks Jelly Crystal Pdr80g Strawberry,80 g,80.0,g,160.0,,,DSP02728,Daily Shopping,food-additives,food-additives,,5.0,https://othoba.com/foster-clarks-jelly-crystal-pdr-85g-strawberry
2026-09-11,96605,Foster Clarks Food Colour Green 28ml,28 ml,28.0,ml,140.0,,,DSP02729,Daily Shopping,baking-2,baking-2,,5.0,https://othoba.com/foster-clarks-food-colour-green-28ml
2026-09-11,96606,Foster Clarks Food Colour Red Rouge 28ml,28 ml,28.0,ml,140.0,,,DSP02730,Daily Shopping,baking-2,baking-2,,4.0,https://othoba.com/foster-clarks-food-colour-red-rouge-28ml
2026-09-11,96607,Haiko Whipped Topping Mix 70gm,70 g,70.0,g,230.0,,,DSP02731,Daily Shopping,food-additives,food-additives,,5.0,https://othoba.com/haiko-whipped-topping-mix-70gm
2026-09-11,96609,Cocola Super Egg & Chicken Noodles 500gm,500 g,500.0,g,70.0,,,DSP02732,Daily Shopping,noodles,noodles,,5.0,https://othoba.com/cocola-super-egg-chicken-noodles-500gm
2026-09-11,96612,Green Food Agar Agar 20gm,20 g,20.0,g,160.0,,,DSP02733,Daily Shopping,food-additives,food-additives,,5.0,https://othoba.com/green-food-agar-agar-20gm
2026-09-11,96613,Haiko Chat Masala 40gm,40 g,40.0,g,60.0,,,DSP02734,Daily Shopping,spice-herb,spice-herb,,5.0,https://othoba.com/haiko-chat-masala-40gm
2026-09-11,96615,Haque Chocolate Chips StandardPillow20gm,20 g,20.0,g,10.0,,,DSP02735,Daily Shopping,chips,chips,,5.0,https://othoba.com/haque-chocolate-chips-standard-pillow-20gm
2026-09-11,96620,Ferrero Nutella 350gm,350 g,350.0,g,965.0,,,DSP02737,Daily Shopping,bakery-breakfast,bakery-breakfast,,5.0,https://othoba.com/ferrero-nutella-350gm
2026-09-11,96627,Foxs Crystal Clear Fruits 180gm,180 g,180.0,g,345.0,,,DSP02738,Daily Shopping,chocolate-candy,chocolate-candy,,5.0,https://othoba.com/foxs-candy-can-180gm
2026-09-11,96629,Garden Fresh Mushroom 425gm,425 g,425.0,g,150.0,,,DSP02739,Daily Shopping,fruits-vegetable,fruits-vegetable,,5.0,https://othoba.com/garden-fresh-mushroom-425gm
2026-09-11,96630,Bombay Sweets Ring Chips 15gm,15 g,15.0,g,10.0,,,DSP02740,Daily Shopping,chips,chips,,5.0,https://othoba.com/bombay-sweets-ring-chips-25gm
2026-09-11,96631,Bombay Sweets Alooz Chips ChiliChatka 25g,25 g,25.0,g,20.0,,,DSP02741,Daily Shopping,chips,chips,,5.0,https://othoba.com/bombay-sweets-alooz-chips-chilichatka-25g
2026-09-11,96633,Dabur Honey 1kg,1 kg,1.0,kg,830.0,,,DSP02742,Daily Shopping,bakery-breakfast,bakery-breakfast,,5.0,https://othoba.com/dabur-honey-1kg
2026-09-11,96634,Fancy Umbrella Chocolate 32gm,32 g,32.0,g,120.0,,,DSP02743,Daily Shopping,chocolate-candy,chocolate-candy,,5.0,https://othoba.com/fancy-umbrella-chocolate-32gm
2026-09-11,96635,Cho Cho Wafer Sanak Vanilla 40gm,40 g,40.0,g,155.0,,,DSP02744,Daily Shopping,chocolate-candy,chocolate-candy,,5.0,https://othoba.com/cho-cho-wafer-sanak-vanilla-40gm
2026-09-11,96636,Cho Cho Wafer Sanak Strawberry 40gm,40 g,40.0,g,155.0,,,DSP02745,Daily Shopping,chocolate-candy,chocolate-candy,,5.0,https://othoba.com/cho-cho-wafer-sanak-strawberry-40gm
2026-09-11,96637,Cocola Moza Crispy (Choco Nut) 80gm,80 g,80.0,g,20.0,,,DSP02746,Daily Shopping,chocolate-candy,chocolate-candy,,5.0,https://othoba.com/cocola-moza-crispy-choco-nut-80gm
2026-09-11,96638,Cocola Nacila Stick (Biscuits) 35gm,35 g,35.0,g,20.0,,,DSP02747,Daily Shopping,biscuit-cookies,biscuit-cookies,,5.0,https://othoba.com/cocola-nacila-stick-biscuits-35gm
2026-09-11,96640,Bashundhara Panda Authentic chinese Noodles 300g,300 g,300.0,g,50.0,,,DSP02748,Daily Shopping,noodles,noodles,,5.0,https://othoba.com/bashundhara-panda-authentic-chinese-noodles-300g
2026-09-11,96641,Haque Gem 130gm,130 g,130.0,g,35.0,,,DSP02749,Daily Shopping,biscuit-cookies,biscuit-cookies,,5.0,https://othoba.com/haque-gem-150gm
2026-09-11,96644,Nagfall 1kg,1 kg,1.0,kg,450.0,,,DSP02751,Daily Shopping,fruits-vegetable,fruits-vegetable,,5.0,https://othoba.com/nagfall-1kg
2026-09-11,96645,Banana Bangla Per Pcs,,,,11.0,,,DSP02752,Daily Shopping,fruits-vegetable,fruits-vegetable,,5.0,https://othoba.com/banana-bangla-per-pcs
2026-09-11,96646,Vegetable Big Lemon (Ripe) Per pc,,,,11.0,,,DSP02753,Daily Shopping,fruits-vegetable,fruits-vegetable,,4.5,https://othoba.com/vegetable-big-lemon-ripe-per-pc
2026-09-11,96647,Vegetable Green (Kacha) Mishti Kumra 1kg,1 kg,1.0,kg,45.0,,,DSP02754,Daily Shopping,fruits-vegetable,fruits-vegetable,,5.0,https://othoba.com/vegetable-green-kacha-mishti-kumra-1kg
2026-09-11,96648,Tamarind Ripen (Paka Tetul) kg,,,,248.0,,,DSP02755,Daily Shopping,fruits-vegetable,fruits-vegetable,,5.0,https://othoba.com/tamarind-ripen-paka-tetul-kg
2026-09-11,96649,CARROT (GAJOR) IMPORTED/KG,,,,135.0,137.0,1.46,DSP02756,Daily Shopping,fruits-vegetable,fruits-vegetable,,5.0,https://othoba.com/carrot-gajor-importedkg
2026-09-11,96650,Vegetable Cucumber (Deshi Shosha) kg,,,,65.0,,,DSP02757,Daily Shopping,fruits-vegetable,fruits-vegetable,,5.0,https://othoba.com/vegetable-cucumber-deshi-shosha-kg
2026-09-11,96651,Apple Fuji Royal Kg,,,,400.0,,,DSP02758,Daily Shopping,fruits-vegetable,fruits-vegetable,,5.0,https://othoba.com/apple-fuji-royal-kg
2026-09-11,96652,Vegetable Korola Small (Uchsse) Kg,,,,70.0,,,DSP02759,Daily Shopping,fruits-vegetable,fruits-vegetable,,5.0,https://othoba.com/vegetable-korola-small-uchsse-kg
2026-09-11,96671,The Chef White Vinegar 330ml,330 ml,330.0,ml,40.0,,,DSP02760,Daily Shopping,vinegars,vinegars,,5.0,https://othoba.com/the-chef-white-vinegar-330ml
2026-09-11,96673,The Chef White Vinegar 650ml,650 ml,650.0,ml,55.0,,,DSP02761,Daily Shopping,vinegars,vinegars,,5.0,https://othoba.com/the-chef-white-vinegar-650ml
2026-09-11,96684,Well Food Morning Ovaltine Biscuits 300gm,300 g,300.0,g,65.0,,,DSP02770,Daily Shopping,biscuit-cookies,biscuit-cookies,,5.0,https://othoba.com/well-food-morning-ovaltine-biscuits-300gm
2026-09-11,96685,Well Food Morning Choco Chips Cookies 250gm,250 g,250.0,g,80.0,,,DSP02771,Daily Shopping,biscuit-cookies,biscuit-cookies,,5.0,https://othoba.com/well-food-morning-choco-chips-cookies-250gm
2026-09-11,96690,All Time Cookie 600 Gm,600 g,600.0,g,200.0,,,DSP02773,Daily Shopping,biscuit-cookies,biscuit-cookies,,3.3,https://othoba.com/all-time-cookie-800-gm
2026-09-11,96692,Well Food Morning Nimki Biscuits 270gm,270 g,270.0,g,65.0,,,DSP02774,Daily Shopping,biscuit-cookies,biscuit-cookies,,5.0,https://othoba.com/well-food-morning-nimki-biscuits-300gm
2026-09-11,96693,Well Food Sugar Free Cookies 300gm,300 g,300.0,g,220.0,,,DSP02775,Daily Shopping,biscuit-cookies,biscuit-cookies,,5.0,https://othoba.com/well-food-sugar-free-cookies-300gm
2026-09-11,96695,Well Food Morning Sugar Free Toast 150gm,150 g,150.0,g,50.0,,,DSP02776,Daily Shopping,biscuit-cookies,biscuit-cookies,,5.0,https://othoba.com/well-food-morning-sugar-free-toast-150gm
2026-09-11,96696,Well Food Morning Spicy Hot Toast 150gm,150 g,150.0,g,40.0,,,DSP02777,Daily Shopping,biscuit-cookies,biscuit-cookies,,5.0,https://othoba.com/well-food-morning-spicy-hot-toast-150gm
2026-09-11,96730,Well Food Lite Oats Almond Biscuits 180gm,180 g,180.0,g,200.0,,,DSP02803,Daily Shopping,biscuit-cookies,biscuit-cookies,,5.0,https://othoba.com/well-food-lite-oats-almond-biscuits-180gm
2026-09-11,96731,Well Food Live Lite Oats Biscuits 180gm,180 g,180.0,g,200.0,,,DSP02804,Daily Shopping,biscuit-cookies,biscuit-cookies,,5.0,https://othoba.com/well-food-live-lite-oats-biscuits-180gm
2026-09-11,96732,Well Food Morinnig Ovaltine Biscuit Classic 300gm,300 g,300.0,g,70.0,,,DSP02805,Daily Shopping,biscuit-cookies,biscuit-cookies,,5.0,https://othoba.com/well-food-morinnig-ovaltine-biscuit-classic-300gm
2026-09-11,96733,Well Food Morning Bela Biscuits 300gm,300 g,300.0,g,85.0,,,DSP02806,Daily Shopping,biscuit-cookies,biscuit-cookies,,5.0,https://othoba.com/well-food-morning-bela-biscuits-300gm
2026-09-11,96734,Well Food Morning Fresh Choco Milk Biscuit 300gm,300 g,300.0,g,70.0,,,DSP02807,Daily Shopping,biscuit-cookies,biscuit-cookies,,5.0,https://othoba.com/well-food-morning-fresh-choco-milk-biscuit-300gm
2026-09-11,96735,Well Food Morning Fresh Ghee Toast 250gm,250 g,250.0,g,70.0,,,DSP02808,Daily Shopping,biscuit-cookies,biscuit-cookies,,5.0,https://othoba.com/well-food-morning-fresh-ghee-toast-250gm
2026-09-11,96736,Well Food Morning Fresh Plain Toast 300gm,300 g,300.0,g,60.0,,,DSP02809,Daily Shopping,biscuit-cookies,biscuit-cookies,,4.5,https://othoba.com/well-food-morning-fresh-plain-toast-300gm
2026-09-11,96737,Well Food Morning Fresh Garlic Toast 150gm,150 g,150.0,g,40.0,,,DSP02810,Daily Shopping,biscuit-cookies,biscuit-cookies,,5.0,https://othoba.com/well-food-morning-fresh-garlic-toast-150gm
2026-09-11,96738,Well Food Morning Horlicks Biscuits 300gm,300 g,300.0,g,65.0,,,DSP02811,Daily Shopping,biscuit-cookies,biscuit-cookies,,5.0,https://othoba.com/well-food-morning-horlicks-biscuits-300gm
2026-09-11,96767,PRAN Apple Cider Vinegar 473 ml,473 ml,473.0,ml,180.0,,,DSP02835,Daily Shopping,vinegars,vinegars,,5.0,https://othoba.com/pran-apple-cider-vinegar-473-ml
2026-09-11,970234,পুরান ঢাকার ঐতিহ্যবাহী বাকরখানি-১কেজি,,,,240.0,,,DAPRL970234,Daily Apparels,local-snacks,local-snacks,50.0,0.0,https://othoba.com/%E0%A6%AA%E0%A6%B0%E0%A6%A8-%E0%A6%A2%E0%A6%95%E0%A6%B0-%E0%A6%90%E0%A6%A4%E0%A6%B9%E0%A6%AF%E0%A6%AC%E0%A6%B9-%E0%A6%AC%E0%A6%95%E0%A6%B0%E0%A6%96%E0%A6%A8-%E0%A7%A7%E0%A6%95%E0%A6%9C-daily-apparels-970234
2026-09-11,97034,Shoil Fish 500gm plus,500 g,500.0,g,932.0,,,DSP02845,Daily Shopping,meat-fish,meat-fish,,5.0,https://othoba.com/shoil-fish-500gm-plus
2026-09-11,97468,Daily Shopping Isobgul Bhushi(Bran) 50gm,50 g,50.0,g,160.0,,,DSP02846,Daily Shopping,food-additives,food-additives,,5.0,https://othoba.com/daily-shopping-isobgul-bhushi-bran-50gm
2026-09-11,97469,Daily Shopping Almond 100gm,100 g,100.0,g,260.0,,,DSP02847,Daily Shopping,fruits-vegetable,fruits-vegetable,,5.0,https://othoba.com/daily-shopping-almond-100gm
2026-09-11,97477,Daily Shopping Alubokhara 100gm,100 g,100.0,g,260.0,,,DSP02849,Daily Shopping,spice-herb,spice-herb,,5.0,https://othoba.com/daily-shopping-alubokhara-100gm
2026-09-11,97478,Daily Shopping Alubokhara 50gm,50 g,50.0,g,135.0,,,DSP02850,Daily Shopping,spice-herb,spice-herb,,5.0,https://othoba.com/daily-shopping-alubokhara-50gm
2026-09-11,97480,Daily Shopping Black Cumin 50gm,50 g,50.0,g,50.0,,,DSP02851,Daily Shopping,spice-herb,spice-herb,,5.0,https://othoba.com/daily-shopping-black-cumin-50gm
2026-09-11,97481,Haur Mix Fish 1 kg,1 kg,1.0,kg,359.0,379.0,5.28,DSP02852,Daily Shopping,meat-fish,meat-fish,,4.3,https://othoba.com/haur-mix-fish-1-kg
2026-09-11,97482,Daily Shopping Cardamom 25gm,25 g,25.0,g,205.0,,,DSP02853,Daily Shopping,spice-herb,spice-herb,,5.0,https://othoba.com/daily-shopping-cardamom-25gm
2026-09-11,97483,Daily Shopping Cardamom 50gm,50 g,50.0,g,395.0,,,DSP02854,Daily Shopping,spice-herb,spice-herb,,5.0,https://othoba.com/daily-shopping-cardamom-50gm
2026-09-11,97485,Daily Shopping Cinnamon 100gm,100 g,100.0,g,73.0,,,DSP02856,Daily Shopping,spice-herb,spice-herb,,5.0,https://othoba.com/daily-shopping-cinnamon-100gm
2026-09-11,97486,Daily Shopping Cinnamon 50gm,50 g,50.0,g,45.0,,,DSP02857,Daily Shopping,spice-herb,spice-herb,,5.0,https://othoba.com/daily-shopping-cinnamon-50gm
2026-09-11,97487,Daily Shopping Clove 25gm,25 g,25.0,g,90.0,,,DSP02858,Daily Shopping,spice-herb,spice-herb,,5.0,https://othoba.com/daily-shopping-clove-25gm
2026-09-11,97488,Daily Shopping Clove 50gm,50 g,50.0,g,175.0,,,DSP02859,Daily Shopping,spice-herb,spice-herb,,5.0,https://othoba.com/daily-shopping-clove-50gm
2026-09-11,97489,Daily Shopping Cumin ( জিরা) 200gm,200 g,200.0,g,340.0,,,DSP02860,Daily Shopping,spice-herb,spice-herb,,0.0,https://othoba.com/daily-shopping-cumin-200gm
2026-09-11,97490,Daily Shopping Cumin 500gm,500 g,500.0,g,610.0,,,DSP02861,Daily Shopping,spice-herb,spice-herb,,5.0,https://othoba.com/daily-shopping-cumin-500gm
2026-09-11,97491,Daily Shopping Dried Chilies 100gm,100 g,100.0,g,75.0,,,DSP02862,Daily Shopping,spice-herb,spice-herb,,5.0,https://othoba.com/daily-shopping-dried-chilies-100gm
2026-09-11,97493,Daily Shopping Pistachio 25gm,25 g,25.0,g,180.0,,,DSP02864,Daily Shopping,fruits-vegetable,fruits-vegetable,,5.0,https://othoba.com/daily-shopping-pistachio-25gm
2026-09-11,97494,Daily Shopping Pistachio 50gm,50 g,50.0,g,340.0,,,DSP02865,Daily Shopping,spice-herb,spice-herb,,5.0,https://othoba.com/daily-shopping-pistachio-50gm
2026-09-11,97524,Daily Shopping Tejpata 50gm,50 g,50.0,g,25.0,,,DSP02866,Daily Shopping,spice-herb,spice-herb,,4.7,https://othoba.com/daily-shopping-tejpata-50gm
2026-09-11,97526,Daily Shopping Rice Flour 1Kg,1 kg,1.0,kg,115.0,,,DSP02867,Daily Shopping,daily-cooking,daily-cooking,,5.0,https://othoba.com/daily-shopping-rice-flour-1kg
2026-09-11,97532,Daily Shopping Tokma 50gm,50 g,50.0,g,25.0,,,DSP02868,Daily Shopping,spice-herb,spice-herb,,5.0,https://othoba.com/daily-shopping-tokma-50gm
2026-09-11,97534,Daily Shopping Ground Nutmeg 20gm,20 g,20.0,g,55.0,,,DSP02869,Daily Shopping,spice-herb,spice-herb,,5.0,https://othoba.com/daily-shopping-ground-nutmeg-20gm
2026-09-11,97537,Daily Shopping Ground Cinnamon 50gm,50 g,50.0,g,50.0,,,DSP02870,Daily Shopping,spice-herb,spice-herb,,5.0,https://othoba.com/daily-shopping-ground-cinnamon-50gm
2026-09-11,97539,Daily Shopping China Grass 5gm,5 g,5.0,g,35.0,,,DSP02871,Daily Shopping,spice-herb,spice-herb,,5.0,https://othoba.com/daily-shopping-china-grass-5gm
2026-09-11,97541,Daily Shopping Black Pepper 50 gm,50 g,50.0,g,130.0,,,DSP02872,Daily Shopping,spice-herb,spice-herb,,5.0,https://othoba.com/daily-shopping-black-pepper-50-gm
2026-09-11,97542,Daily Shopping Black Pepper 25gm,25 g,25.0,g,70.0,,,DSP02873,Daily Shopping,spice-herb,spice-herb,,5.0,https://othoba.com/daily-shopping-black-pepper-25-gm
2026-09-11,97543,Daily Shopping Testing Solt 50 gm,50 g,50.0,g,30.0,,,DSP02874,Daily Shopping,daily-cooking,daily-cooking,,5.0,https://othoba.com/daily-shopping-testing-salt-50-gm
2026-09-11,97546,Daily Shopping Ground Garam Masala (গরম মসলা গুঁড়া) 50gm,50 g,50.0,g,75.0,,,DSP02876,Daily Shopping,spice-herb,spice-herb,,5.0,https://othoba.com/daily-shopping-ground-garam-masala-50gm
2026-09-11,97547,Daily Shopping Ground Black Pepper 50gm,50 g,50.0,g,95.0,,,DSP02877,Daily Shopping,spice-herb,spice-herb,,5.0,https://othoba.com/daily-shopping-ground-black-pepper-50gm
2026-09-11,97548,Daily Shopping Nutmeg 25 gm,25 g,25.0,g,55.0,,,DSP02878,Daily Shopping,spice-herb,spice-herb,,5.0,https://othoba.com/daily-shopping-nutmeg-25-gm
2026-09-11,97550,Daily Shopping White Pepper 25gm,25 g,25.0,g,70.0,,,DSP02879,Daily Shopping,spice-herb,spice-herb,,5.0,https://othoba.com/daily-shopping-white-pepper-25gm
2026-09-11,97551,Daily Shopping Panchforn 100 gm,100 g,100.0,g,60.0,,,DSP02880,Daily Shopping,spice-herb,spice-herb,,5.0,https://othoba.com/daily-shopping-panchforn-100-gm
2026-09-11,97552,Daily Shopping Coriander whole 100gm,100 g,100.0,g,55.0,,,DSP02881,Daily Shopping,spice-herb,spice-herb,,5.0,https://othoba.com/daily-shopping-coriander-whole-100gm
2026-09-11,97553,Daily Shopping Mace 20gm,20 g,20.0,g,130.0,,,DSP02882,Daily Shopping,spice-herb,spice-herb,,5.0,https://othoba.com/daily-shopping-mace-20gm
2026-09-11,97554,Daily Shopping Yeast Bottle,,,,40.0,,,DSP02883,Daily Shopping,spice-herb,spice-herb,,5.0,https://othoba.com/daily-shopping-yeast-bottle
2026-09-11,97556,Daily Shopping Poppy seed 25gm,25 g,25.0,g,105.0,,,DSP02885,Daily Shopping,spice-herb,spice-herb,,5.0,https://othoba.com/daily-shopping-poppy-seed-25gm
2026-09-11,97557,Daily Shopping Black Cardamom 25gm,25 g,25.0,g,180.0,,,DSP02886,Daily Shopping,spice-herb,spice-herb,,5.0,https://othoba.com/daily-shopping-black-cardamom-25gm
2026-09-11,97558,Daily Shopping Fenugreek Ground 80gm,80 g,80.0,g,40.0,,,DSP02887,Daily Shopping,spice-herb,spice-herb,,5.0,https://othoba.com/daily-shopping-fenugreek-ground-80gm
2026-09-11,97559,Daily Shopping Fennel 50gm,50 g,50.0,g,40.0,,,DSP02888,Daily Shopping,spice-herb,spice-herb,,5.0,https://othoba.com/daily-shopping-fennel-50gm
2026-09-11,97560,Daily Shopping Fennel 100gm,100 g,100.0,g,70.0,,,DSP02889,Daily Shopping,spice-herb,spice-herb,,5.0,https://othoba.com/daily-shopping-fennel-100gm
2026-09-11,97588,Pran minicate Zirashail Rice  10kg,10 kg,10.0,kg,860.0,930.0,7.53,BMR00004,Bango Millers Ltd.,daily-cooking,daily-cooking,,4.6,https://othoba.com/miniket-rice-10kg-46492
2026-09-11,97589,PRAN Banglamati 5 kg,5 kg,5.0,kg,503.0,559.0,10.02,BMR00005,Bango Millers Ltd.,daily-cooking,daily-cooking,,5.0,https://othoba.com/pran-banglamati-5-kg-bmr00005
2026-09-11,97590,PRAN Aromatic Chinigura Premium Rice 1Kg,1 kg,1.0,kg,216.0,230.0,6.09,BMR00006,Bango Millers Ltd.,daily-cooking,daily-cooking,,5.0,https://othoba.com/pran-aromatic-chinigura-premium-rice-1kg-bmr00006
2026-09-11,97591,PRAN Mushur Dal 1 Kg,1 kg,1.0,kg,165.0,185.0,10.81,BMR00007,Bango Millers Ltd.,daily-cooking,daily-cooking,,0.0,https://othoba.com/pran-mushur-dal-1-kg
2026-09-11,97630,Mithai Festive Sweet Box,,,,629.0,740.0,15.0,TST00247,Mithai,sweetmeat,sweetmeat,,5.0,https://othoba.com/mithai-festive-sweet-box
2026-09-11,97703,PRAN Nazirsail Rice 5kg,5 kg,5.0,kg,489.0,515.0,5.05,BMR00012,Bango Millers Ltd.,daily-cooking,daily-cooking,,4.7,https://othoba.com/pran-nazirsail-rice-5kg-48461
2026-09-11,98193,PRAN Chinigura Premium Rice 2kg,2 kg,2.0,kg,428.0,450.0,4.89,BMR00013,Bango Millers Ltd.,daily-cooking,daily-cooking,,5.0,https://othoba.com/pran-chinigura-premium-rice-2kg
2026-09-11,98194,PRAN Nazirsail Rice 20kg,20 kg,20.0,kg,1829.0,1900.0,3.74,BMR00014,Bango Millers Ltd.,daily-cooking,daily-cooking,,2.9,https://othoba.com/pran-nazirsail-rice-20kg
2026-09-11,98279,PRAN Nazirsail Rice 10kg New,10 kg,10.0,kg,958.0,1030.0,6.99,BMR00016,Bango Millers Ltd.,daily-cooking,daily-cooking,,5.0,https://othoba.com/pran-nazirsail-rice-10kg-new
2026-09-11,992045,Jober Chatu Barley Powder 500 Gm,500 g,500.0,g,246.0,280.0,12.14,HIBA992045,Hiba Bangladesh,cereal,cereal,17.0,0.0,https://othoba.com/jober-chatu-barley-powder-500-gm-hiba-bangladesh-992045
2026-09-11,992046,Barley powder/jober Satu - 1kg,1 kg,1.0,kg,437.0,480.0,8.96,HIBA992046,Hiba Bangladesh,cereal,cereal,38.0,0.0,https://othoba.com/barley-powderjober-satu-1kg-hiba-bangladesh-992046
2026-09-11,992053,Barley powder/jober powder- 250gm,250 g,250.0,g,176.0,200.0,12.0,HIBA992053,Hiba Bangladesh,cereal,cereal,25.0,0.0,https://othoba.com/barley-powderjober-powder-250gm-hiba-bangladesh-992053
2026-09-11,992094,Barley powder/Grist Gura - 500gm,500 g,500.0,g,249.0,280.0,11.07,HIBA992094,Hiba Bangladesh,cereal,cereal,33.0,0.0,https://othoba.com/barley-powdergrist-gura-500gm-hiba-bangladesh-992094
2026-09-11,992144,Ready To Fry Ring Papor Chips Crunchy Papad Chips Snacks - 250gm,250 g,250.0,g,220.0,250.0,12.0,HIBA992144,Hiba Bangladesh,chips,chips,55.0,0.0,https://othoba.com/ready-to-fry-ring-papor-chips-crunchy-papad-chips-snacks-250gm-hiba-bangladesh-992144
2026-09-11,992145,Ready To Fry Flower Shape (Multicolour) Papor Chips / Crunchy Papad / Chips / Snacks - 250gm,250 g,250.0,g,220.0,250.0,12.0,HIBA992145,Hiba Bangladesh,chips,chips,42.0,0.0,https://othoba.com/ready-to-fry-flower-shape-multicolour-papor-chips-crunchy-papad-chips-snacks-250gm-hiba-bangladesh-992145
2026-09-11,992148,Barley Powder /  job  gura - 1 kg,1 kg,1.0,kg,389.0,480.0,18.96,HIBA992148,Hiba Bangladesh,cereal,cereal,34.0,0.0,https://othoba.com/barley-powder-job-gura-1-kg-hiba-bangladesh-992148
2026-09-11,992210,Fuska/Fuchka/Panipuri/Gol Gappa Ready To Fry Fuchka-50 pcs,50 pcs,50.0,pcs,189.0,220.0,14.09,HIBA992210,Hiba Bangladesh,chips,chips,40.0,0.0,https://othoba.com/fuskafuchkapanipurigol-gappa-ready-to-fry-fuchka-50-pcs-hiba-bangladesh-992210
2026-09-11,99284,Ahmed Custard Powder 160gm,160 g,160.0,g,85.0,,,DSP02941,Daily Shopping,food-additives,food-additives,,5.0,https://othoba.com/ahmed-custard-powder-165gm
2026-09-11,99286,Ahmed Kewra Water 200ml,200 ml,200.0,ml,25.0,,,DSP02943,Daily Shopping,food-additives,food-additives,,5.0,https://othoba.com/ahmed-kewra-water-200ml
2026-09-11,99287,Ahmed Mango Jam 500gm,500 g,500.0,g,170.0,,,DSP02944,Daily Shopping,bakery-breakfast,bakery-breakfast,,5.0,https://othoba.com/ahmed-mango-jam-500gm-2
2026-09-11,99321,Ahmed Mixed Fruit Jelly 250gm,250 g,250.0,g,100.0,,,DSP02946,Daily Shopping,bakery-breakfast,bakery-breakfast,,5.0,https://othoba.com/ahmed-mixed-fruit-jelly-250gm-2
2026-09-11,99341,Ahmed Soya Sauce 250gm,250 g,250.0,g,85.0,,,DSP02948,Daily Shopping,sauces,sauces,,5.0,https://othoba.com/ahmed-soya-sauce-250gm-2
2026-09-11,99347,Ahmed Soya Sauce 500gm,500 g,500.0,g,125.0,,,DSP02949,Daily Shopping,sauces,sauces,,5.0,https://othoba.com/ahmed-soya-sauce-500gm
2026-09-11,99357,Foster Clarks Whipped Topping Mix 72gm,72 g,72.0,g,295.0,,,DSP02951,Daily Shopping,food-additives,food-additives,,5.0,https://othoba.com/foster-clarks-whipped-topping-mix-72gm
2026-09-11,99453,Chopstick Inst. Noodles (DeshiMasala) 496gm,496 g,496.0,g,135.0,,,DSP02967,Daily Shopping,noodles,noodles,,5.0,https://othoba.com/chopstick-inst-noodles-deshimasala-496gm
2026-09-11,997474,Red Cherry Fruit (Cherry Foll) - 200gm,200 g,200.0,g,546.0,700.0,22.0,BOZR997474,Bonik Bazaar,fruits-vegetable,fruits-vegetable,52.0,0.0,https://othoba.com/red-cherry-fruit-cherry-foll-200gm-bonik-bazaar-997474
2026-09-11,997475,Red Cherry Fruit (Cherry Foll) - 100gm,100 g,100.0,g,340.0,400.0,15.0,BOZR997475,Bonik Bazaar,fruits-vegetable,fruits-vegetable,23.0,0.0,https://othoba.com/red-cherry-fruit-cherry-foll-100gm-bonik-bazaar-997475
2026-09-11,99850,Vegetable Shalgom 1kg,1 kg,1.0,kg,62.0,,,DSP02968,Daily Shopping,fruits-vegetable,fruits-vegetable,,5.0,https://othoba.com/vegetable-shalgom-1kg
